CITATIONS,TECTONIC SETTING,LOCATION,LOCATION COMMENT,LATITUDE MIN,LATITUDE MAX,LONGITUDE MIN,LONGITUDE MAX,LAND OR SEA,ELEVATION MIN,ELEVATION MAX,SAMPLE NAME,ROCK NAME,MIN. AGE (YRS.),MAX. AGE (YRS.),GEOL.,AGE,ERUPTION DAY,ERUPTION MONTH,ERUPTION YEAR,ROCK TEXTURE,ROCK TYPE,DRILL DEPTH MIN,DRILL DEPTHAX,ALTERATION,MINERAL,MATERIAL,SIO2(WT%),TIO2(WT%),B2O3(WT%),AL2O3(WT%),CR2O3(WT%),FE2O3(WT%),FEO(WT%),FEOT(WT%),CAO(WT%),MGO(WT%),MNO(WT%),NIO(WT%),K2O(WT%),NA2O(WT%),P2O5(WT%),H2O(WT%),H2OP(WT%),H2OM(WT%),H2OT(WT%),CO2(WT%),CO1(WT%),F(WT%),CL(WT%),CL2(WT%),OH(WT%),CH4(WT%),SO2(WT%),SO3(WT%),SO4(WT%),S(WT%),LOI(WT%),VOLATILES(WT%),O(WT%),OTHERS(WT%),HE(CCM/G),HE(CCMSTP/G),HE3(CCMSTP/G),HE3(AT/G),HE4(CCM/G),HE4(CCMSTP/G),HE4(AT/G),HE4(MOLE/G),HE4(NCC/G),HE(NCC/G),LI(PPM),BE(PPM),B(PPM),C(PPM),CO2(PPM),F(PPM),NA(PPM),MG(PPM),AL(PPM),P(PPM),S(PPM),CL(PPM),K(PPM),CA(PPM),SC(PPM),TI(PPM),V(PPM),CR(PPM),MN(PPM),FE(PPM),CO(PPM),NI(PPM),CU(PPM),ZN(PPM),GA(PPM),GE(PPM),AS(PPM),SE(PPM),BR(PPM),RB(PPM),SR(PPM),Y(PPM),ZR(PPM),NB(PPM),MO(PPM),RU(PPM),RH(PPM),PD(PPM),AG(PPM),CD(PPM),IN(PPM),SN(PPM),SB(PPM),TE(PPM),I(PPM),CS(PPM),BA(PPM),LA(PPM),CE(PPM),PR(PPM),ND(PPM),SM(PPM),EU(PPM),GD(PPM),TB(PPM),DY(PPM),HO(PPM),ER(PPM),TM(PPM),YB(PPM),LU(PPM),HF(PPM),TA(PPM),W(PPM),RE(PPM),OS(PPM),IR(PPM),PT(PPM),AU(PPM),HG(PPM),TL(PPM),PB(PPM),BI(PPM),TH(PPM),U(PPM),ND143_ND144,ND143_ND144_INI,EPSILON_ND,SR87_SR86,SR87_SR86_INI,PB206_PB204,PB206_PB204_INI,PB207_PB204,PB207_PB204_INI,PB208_PB204,PB208_PB204_INI,OS184_OS188,OS186_OS188,OS187_OS186,OS187_OS188,RE187_OS186,RE187_OS188,HF176_HF177,HE3_HE4,HE3_HE4(R/R(A)),HE4_HE3,HE4_HE3(R/R(A)),K40_AR40,AR40_K40,UNIQUE_ID,Unnamed: 171
[19944],CONVERGENT MARGIN,NEW HEBRIDES ARC - VANUATU ARCHIPELAGO / SOUTHERN NEW HEBRIDES ARC / TANNA (=TANUA) / YASUR(=YASOWA),"YENKAHE CALDERA, SE TANNA, TUKASMERA",-19.52,-19.52,169.42,169.42,SAE,,,s_TUK-1 [19944],BASALT [19944],,,,,,,,,VOL,,,,,WR [19944] ,47.41,0.7,,13.51,,,,11.71,13.31,9.45,0.21,,0.64,1.56,0.11,,,,,,,,,,,,,,,,,,,,,,,,,,,,,,,,,,,,,,,,,,,,55.07,4430.94,392.4,328.21,,,47.63,74.47,,63.82,12.83,,,,,7.08,390.98,10.12,19.71,0.26,,,,,,,,,,,,0.09,149.12,3.07,7.15,1.06,5.74,1.58,0.57,1.78,0.3,1.85,0.38,1.17,0.18,1.09,0.16,0.57,0.01,,,,,,,,,2.8,,0.39,0.22,,,,,,,,,,,,,,,,,,,,,,,,,1011887.0,
[19944],CONVERGENT MARGIN,NEW HEBRIDES ARC - VANUATU ARCHIPELAGO / SOUTHERN NEW HEBRIDES ARC / TANNA (=TANUA) / YASUR(=YASOWA),"YENKAHE CALDERA, SE TANNA, TUKASMERA",-19.52,-19.52,169.42,169.42,SAE,,,s_TUK-2 [19944],BASALTIC-ANDESITE [19944],,,,,,,,,VOL,,,,,WR [19944] ,54.85,0.69,,17.6,,,,7.96,7.86,2.97,0.15,,2.33,3.41,0.35,,,,,,,,,,,,,,,,,,,,,,,,,,,,,,,,,,,,,,,,,,,,19.67,4382.11,216.58,39.27,,,19.72,19.83,,72.47,16.78,,,,,27.76,565.74,21.92,83.54,1.1,,,,,,,,,,,,0.89,505.63,11.19,23.29,3.51,16.7,4.35,1.17,3.99,0.62,3.99,0.83,2.31,0.34,2.39,0.34,2.42,0.06,,,,,,,,,10.85,,1.68,0.91,,,,,,,,,,,,,,,,,,,,,,,,,1011888.0,
[19944],CONVERGENT MARGIN,NEW HEBRIDES ARC - VANUATU ARCHIPELAGO / SOUTHERN NEW HEBRIDES ARC / TANNA (=TANUA) / YASUR(=YASOWA),"YENKAHE CALDERA, SE TANNA, TUKASMERA",-19.52,-19.52,169.42,169.42,SAE,,,s_TUK-3 [19944],BASALT [19944],,,,,,,,,VOL,,,,,WR [19944] ,47.02,0.78,,14.26,,,,10.66,13.51,10.19,0.19,,0.43,1.54,0.09,,,,,,,,,,,,,,,,,,,,,,,,,,,,,,,,,,,,,,,,,,,,53.0,4903.14,367.71,377.46,,,46.45,79.06,,56.76,12.95,,,,,4.69,314.13,10.07,17.35,0.25,,,,,,,,,,,,0.09,94.51,2.08,5.19,0.81,4.38,1.43,0.57,1.71,0.31,1.99,0.42,1.2,0.16,1.08,0.17,0.58,0.01,,,,,,,,,1.76,,0.24,0.13,,,,,,,,,,,,,,,,,,,,,,,,,1011889.0,
[19944],CONVERGENT MARGIN,NEW HEBRIDES ARC - VANUATU ARCHIPELAGO / SOUTHERN NEW HEBRIDES ARC / TANNA (=TANUA) / YASUR(=YASOWA),"YENKAHE CALDERA, SE TANNA, WAESISI",-19.52,-19.52,169.42,169.42,SAE,,,s_WAEC [19944],BASALT [19944],,,,,,,,,VOL,,,,,WR [19944] ,46.32,0.85,,17.98,,,,13.07,10.85,6.42,0.22,,0.48,1.98,0.15,,,,,,,,,,,,,,,,,,,,,,,,,,,,,,,,,,,,,,,,,,,,47.63,5298.66,435.53,66.56,,,43.21,34.29,,81.69,18.15,,,,,3.2,663.3,21.23,36.92,0.45,,,,,,,,,,,,0.1,178.12,7.25,13.51,2.56,13.41,3.78,1.23,4.01,0.58,3.7,0.74,2.2,0.29,2.0,0.29,1.23,0.03,,,,,,,,,3.3,,0.58,0.13,,,,,,,,,,,,,,,,,,,,,,,,,1011890.0,
[19944],CONVERGENT MARGIN,NEW HEBRIDES ARC - VANUATU ARCHIPELAGO / SOUTHERN NEW HEBRIDES ARC / TANNA (=TANUA) / YASUR(=YASOWA),"YENKAHE CALDERA, SE TANNA, WAESISI",-19.52,-19.52,169.42,169.42,SAE,,,s_WAEL [19944],BASALT [19944],,,,,,,,,VOL,,,,,WR [19944] ,47.53,0.83,,16.62,,,,12.34,11.1,6.26,0.22,,0.93,2.33,0.16,,,,,,,,,,,,,,,,,,,,,,,,,,,,,,,,,,,,,,,,,,,,40.44,5198.72,396.41,55.03,,,39.22,25.22,,80.09,16.88,,,,,10.11,862.75,16.07,40.36,0.51,,,,,,,,,,,,0.27,193.01,7.57,16.34,2.46,12.74,3.36,1.04,3.36,0.51,3.13,0.62,1.75,0.25,1.68,0.24,1.29,0.03,,,,,,,,,4.33,,0.72,0.32,,,,,,,,,,,,,,,,,,,,,,,,,1011891.0,
[19944],CONVERGENT MARGIN,NEW HEBRIDES ARC - VANUATU ARCHIPELAGO / SOUTHERN NEW HEBRIDES ARC / TANNA (=TANUA) / YASUR(=YASOWA),"YENKAHE CALDERA, SE TANNA, WAESISI",-19.52,-19.52,169.42,169.42,SAE,,,s_WAEW [19944],BASALTIC-ANDESITE [19944],,,,,,,,,VOL,,,,,WR [19944] ,54.36,0.81,,16.4,,,,9.45,7.75,3.54,0.19,,2.13,3.69,0.35,,,,,,,,,,,,,,,,,,,,,,,,,,,,,,,,,,,,,,,,,,,,24.49,5148.33,310.67,10.97,,,24.27,7.26,,80.91,16.59,,,,,26.55,632.32,19.3,72.21,1.01,,,,,,,,,,,,0.82,437.25,10.07,22.41,3.06,15.32,3.7,1.15,3.54,0.54,3.48,0.74,2.15,0.34,2.19,0.32,2.0,0.06,,,,,,,,,8.5,,1.47,0.8,,,,,,,,,,,,,,,,,,,,,,,,,1011892.0,
[19944],CONVERGENT MARGIN,NEW HEBRIDES ARC - VANUATU ARCHIPELAGO / SOUTHERN NEW HEBRIDES ARC / TANNA (=TANUA) / YASUR(=YASOWA),"YENKAHE CALDERA, SE TANNA, PORT RESOLUTION",-19.52,-19.52,169.42,169.42,SAE,,,s_TB1 [19944],BASALTIC-ANDESITE [19944],,,,,,,,,VOL,,,,,WR [19944] ,56.25,0.79,,17.31,,,,7.97,7.01,2.77,0.17,,2.78,3.87,0.44,,,,,,,,,,,,,,,,,,,,,,,,,,,,,,,,,,,,,,,,,,,,20.37,5870.0,235.24,21.85,,,20.0,16.0,,98.91,17.33,,,,,35.55,642.59,23.12,98.48,1.41,,,,,,,,,,,,1.13,568.47,13.81,30.33,4.28,19.6,4.75,1.38,4.68,0.67,4.39,0.92,2.75,0.41,2.68,0.4,2.98,0.08,,,,,,,,,14.81,,2.29,1.19,0.513017,,,0.703586,,,,,,,,,,,,,,0.283161,,,,,,,1011893.0,
[19944],CONVERGENT MARGIN,NEW HEBRIDES ARC - VANUATU ARCHIPELAGO / SOUTHERN NEW HEBRIDES ARC / TANNA (=TANUA) / YASUR(=YASOWA),"YENKAHE CALDERA, SE TANNA, WHITE SANDS",-19.52,-19.52,169.42,169.42,SAE,,,s_WSG-14 [19944],BASALTIC-ANDESITE [19944],,,,,,,,,VOL,,,,,WR [19944] ,52.94,0.812,,16.46,,,,9.47,8.36,4.069,0.185,,1.87,3.67,0.293,,,,,,,,,,,,,,,,,,,,,,,,,,,,,,,,,,,,,,,,,,,,,,,,,,,,,,,,,,,,,,,,,,,,,,,,,,,,,,,,,,,,,,,,,,,,,,,,,,,,,,,,,,,,,,,,,,,,,,,,,,,,,,,,,1011894.0,
[19944],CONVERGENT MARGIN,NEW HEBRIDES ARC - VANUATU ARCHIPELAGO / SOUTHERN NEW HEBRIDES ARC / TANNA (=TANUA) / YASUR(=YASOWA),"YENKAHE CALDERA, SE TANNA, WHITE SANDS",-19.52,-19.52,169.42,169.42,SAE,,,s_WSP-14 [19944],BASALTIC-ANDESITE [19944],,,,,,,,,VOL,,,,,WR [19944] ,53.09,0.808,,16.59,,,,9.4,8.26,3.991,0.186,,1.86,3.64,0.303,,,,,,,,,,,,,,,,,,,,,,,,,,,,,,,,,,,,,,,,,,,,,,,,,,,,,,,,,,,,,,,,,,,,,,,,,,,,,,,,,,,,,,,,,,,,,,,,,,,,,,,,,,,,,,,,,,,,,,,,,,,,,,,,,1011895.0,
[19944],CONVERGENT MARGIN,NEW HEBRIDES ARC - VANUATU ARCHIPELAGO / SOUTHERN NEW HEBRIDES ARC / TANNA (=TANUA) / YASUR(=YASOWA),"YENKAHE CALDERA, SE TANNA, SULPHUR BAY",-19.52,-19.52,169.42,169.42,SAE,,,s_SB-14 [19944],BASALTIC-ANDESITE [19944],,,,,,,,,VOL,,,,,WR [19944] ,53.36,0.821,,16.6,,,,9.45,8.14,3.983,0.187,,1.91,3.61,0.312,,,,,,,,,,,,,,,,,,,,,,,,,,,,,,,,,,,,,,,,,,,,,,,,,,,,,,,,,,,,,,,,,,,,,,,,,,,,,,,,,,,,,,,,,,,,,,,,,,,,,,,,,,,,,,,,,,,,,,,,,,,,,,,,,1011896.0,
[19944],CONVERGENT MARGIN,NEW HEBRIDES ARC - VANUATU ARCHIPELAGO / SOUTHERN NEW HEBRIDES ARC / TANNA (=TANUA) / YASUR(=YASOWA),"YENKAHE CALDERA, SE TANNA, WHITE SANDS",-19.52,-19.52,169.42,169.42,SAE,,,s_BR1 [19944],BASALTIC-ANDESITE [19944],,,,,,,,,VOL,,,,,WR [19944] ,54.03,0.87,,16.55,,,,9.65,8.1,3.58,0.2,,1.89,3.61,0.33,,,,,,,,,,,,,,,,,,,,,,,,,,,,,,,,,,,,,,,,,,,,26.06,6052.0,326.24,6.26,,,26.0,12.0,,106.12,16.96,,,,,21.35,599.36,20.02,63.81,0.95,,,,,,,,,,,,0.63,425.45,9.38,21.69,3.11,14.54,3.72,1.22,3.9,0.55,3.77,0.77,2.29,0.34,2.21,0.33,1.9,0.06,,,,,,,,,12.17,,1.37,0.75,,,,,,,,,,,,,,,,,,,,,,,,,1011897.0,
[19944],CONVERGENT MARGIN,NEW HEBRIDES ARC - VANUATU ARCHIPELAGO / SOUTHERN NEW HEBRIDES ARC / TANNA (=TANUA) / YASUR(=YASOWA),"YENKAHE CALDERA, SE TANNA, FRIENDLY BUNGALOWS",-19.52,-19.52,169.42,169.42,SAE,,,s_BR4 [19944],BASALTIC-ANDESITE [19944],,,,,,,,,VOL,,,,,WR [19944] ,56.66,0.89,,16.05,,,,8.58,6.46,3.12,0.17,,2.94,3.83,0.46,,,,,,,,,,,,,,,,,,,,,,,,,,,,,,,,,,,,,,,,,,,,22.47,6302.0,320.18,10.91,,,22.0,13.0,,93.08,16.87,,,,,38.28,548.09,22.81,97.51,1.44,,,,,,,,,,,,0.95,573.69,13.8,30.74,4.21,19.62,4.67,1.38,4.5,0.66,4.25,0.85,2.72,0.39,2.49,0.38,2.89,0.1,,,,,,,,,14.59,,2.23,1.23,,,,,,,,,,,,,,,,,,,,,,,,,1011898.0,
[19944],CONVERGENT MARGIN,NEW HEBRIDES ARC - VANUATU ARCHIPELAGO / SOUTHERN NEW HEBRIDES ARC / TANNA (=TANUA) / YASUR(=YASOWA),"YENKAHE CALDERA, SE TANNA, FRIENDLY BUNGALOWS",-19.52,-19.52,169.42,169.42,SAE,,,s_BR5 [19944],ANDESITE [19944],,,,,,,,,VOL,,,,,WR [19944] ,57.64,0.89,,16.15,,,,8.05,5.7,2.37,0.18,,3.43,3.94,0.56,,,,,,,,,,,,,,,,,,,,,,,,,,,,,,,,,,,,,,,,,,,,18.77,6349.0,227.99,9.25,,,18.0,10.0,,98.62,17.39,,,,,44.14,505.3,27.17,119.03,1.8,,,,,,,,,,,,1.39,653.64,16.6,37.42,5.15,23.24,5.4,1.48,5.4,0.79,5.02,1.06,3.17,0.46,3.07,0.47,3.53,0.11,,,,,,,,,16.05,,2.74,1.5,,,,,,,,,,,,,,,,,,,,,,,,,1011899.0,
[19944],CONVERGENT MARGIN,NEW HEBRIDES ARC - VANUATU ARCHIPELAGO / SOUTHERN NEW HEBRIDES ARC / TANNA (=TANUA) / YASUR(=YASOWA),"YENKAHE CALDERA, SE TANNA, FRIENDLY BUNGALOWS",-19.52,-19.52,169.42,169.42,SAE,,,s_BR6 [19944],BASALTIC-ANDESITE [19944],,,,,,,,,VOL,,,,,WR [19944] ,53.02,0.75,,14.35,,,,9.08,8.63,7.77,0.18,,2.02,2.99,0.32,,,,,,,,,,,,,,,,,,,,,,,,,,,,,,,,,,,,,,,,,,,,30.61,5255.0,291.02,360.34,,,36.0,109.0,,80.53,15.26,,,,,24.03,507.47,17.95,67.76,0.95,,,,,,,,,,,,0.73,405.22,9.49,21.47,3.02,13.92,3.55,1.08,3.64,0.51,3.4,0.71,2.05,0.31,2.01,0.3,2.01,0.06,,,,,,,,,9.64,,1.44,0.8,,,,,,,,,,,,,,,,,,,,,,,,,1011900.0,
[19944],CONVERGENT MARGIN,NEW HEBRIDES ARC - VANUATU ARCHIPELAGO / SOUTHERN NEW HEBRIDES ARC / TANNA (=TANUA) / YASUR(=YASOWA),"YENKAHE CALDERA, SE TANNA, FRIENDLY BUNGALOWS",-19.52,-19.52,169.42,169.42,SAE,,,s_BR8 [19944],BASALTIC-ANDESITE [19944],,,,,,,,,VOL,,,,,WR [19944] ,56.56,0.92,,15.86,,,,8.76,6.25,2.91,0.19,,3.15,3.79,0.51,,,,,,,,,,,,,,,,,,,,,,,,,,,,,,,,,,,,,,,,,,,,20.85,6381.0,263.73,17.89,,,21.0,17.0,,101.82,17.24,,,,,39.44,521.32,24.98,107.77,1.6,,,,,,,,,,,,1.18,593.49,15.3,34.07,4.75,21.68,5.15,1.39,4.95,0.76,4.71,0.98,2.91,0.45,2.87,0.43,3.17,0.09,,,,,,,,,14.49,,2.44,1.38,,,,,,,,,,,,,,,,,,,,,,,,,1011901.0,
[19944],CONVERGENT MARGIN,NEW HEBRIDES ARC - VANUATU ARCHIPELAGO / SOUTHERN NEW HEBRIDES ARC / TANNA (=TANUA) / YASUR(=YASOWA),"YENKAHE CALDERA, SE TANNA, FRIENDLY BUNGALOWS",-19.52,-19.52,169.42,169.42,SAE,,,s_BR7 [19944],ANDESITE [19944],,,,,,,,,VOL,,,,,WR [19944] ,57.68,0.97,,15.36,,,,8.34,5.61,2.7,0.18,,3.54,3.87,0.57,,,,,,,,,,,,,,,,,,,,,,,,,,,,,,,,,,,,,,,,,,,,20.57,6791.0,287.44,9.9,,,19.0,12.0,,98.72,17.37,,,,,45.21,451.9,26.55,119.21,1.76,,,,,,,,,,,,1.45,648.87,16.54,36.87,5.06,22.98,5.58,1.47,5.27,0.77,4.92,1.02,3.08,0.45,3.03,0.46,3.45,0.1,,,,,,,,,16.41,,2.7,1.53,,,,,,,,,,,,,,,,,,,,,,,,,1011902.0,
[19944],CONVERGENT MARGIN,NEW HEBRIDES ARC - VANUATU ARCHIPELAGO / SOUTHERN NEW HEBRIDES ARC / TANNA (=TANUA) / YASUR(=YASOWA),"YENKAHE CALDERA, SE TANNA, FRIENDLY BUNGALOWS",-19.52,-19.52,169.42,169.42,SAE,,,s_BR3 [19944],BASALTIC-ANDESITE [19944],,,,,,,,,VOL,,,,,WR [19944] ,56.06,0.9,,15.9,,,,9.16,6.56,3.05,0.2,,2.39,4.08,0.41,,,,,,,,,,,,,,,,,,,,,,,,,,,,,,,,,,,,,,,,,,,,23.04,6371.0,305.24,5.37,,,23.0,5.0,,103.4,17.47,,,,,27.87,611.94,22.73,77.95,1.16,,,,,,,,,,,,0.82,518.03,11.52,25.9,3.72,17.34,4.41,1.32,4.58,0.63,4.22,0.88,2.76,0.39,2.56,0.38,2.43,0.07,,,,,,,,,12.28,,1.75,0.94,,,,,,,,,,,,,,,,,,,,,,,,,1011903.0,
[19944],CONVERGENT MARGIN,NEW HEBRIDES ARC - VANUATU ARCHIPELAGO / SOUTHERN NEW HEBRIDES ARC / TANNA (=TANUA) / YASUR(=YASOWA),"YENKAHE CALDERA, SE TANNA, WHITE SANDS",-19.52,-19.52,169.42,169.42,SAE,,,s_WS7 [19944],ANDESITE [19944],,,,,,,,,VOL,,,,,WR [19944] ,59.22,0.92,,15.23,,,,7.75,4.54,2.06,0.19,,3.9,4.33,0.64,,,,,,,,,,,,,,,,,,,,,,,,,,,,,,,,,,,,,,,,,,,,16.95,6394.0,181.82,5.93,,,15.0,6.0,,113.9,16.75,,,,,50.52,433.02,29.35,131.56,1.95,,,,,,,,,,,,1.5,712.15,18.19,41.24,5.65,25.37,6.01,1.57,5.66,0.86,5.37,1.08,3.36,0.51,3.33,0.5,3.78,0.12,,,,,,,,,16.16,,3.0,1.69,0.513027,,,0.70357,,,,,,,,,,,,,,0.283149,,,,,,,1011905.0,
[19944],CONVERGENT MARGIN,NEW HEBRIDES ARC - VANUATU ARCHIPELAGO / SOUTHERN NEW HEBRIDES ARC / TANNA (=TANUA) / YASUR(=YASOWA),"YENKAHE CALDERA, SE TANNA, WHITE SANDS",-19.52,-19.52,169.42,169.42,SAE,,,s_WS5 [19944],ANDESITE [19944],,,,,,,,,VOL,,,,,WR [19944] ,59.65,0.91,,15.35,,,,7.77,4.55,2.09,0.19,,3.92,4.24,0.65,,,,,,,,,,,,,,,,,,,,,,,,,,,,,,,,,,,,,,,,,,,,16.91,6465.0,183.66,9.54,,,15.0,8.0,,111.58,16.84,,,,,52.97,433.35,29.4,131.58,1.98,,,,,,,,,,,,1.63,705.28,18.24,43.34,5.62,25.68,5.98,1.59,5.68,0.84,5.36,1.12,3.4,0.5,3.3,0.5,3.77,0.12,,,,,,,,,17.84,,3.03,1.7,0.513029,,,0.703946,,,,,,,,,,,,,,0.283171,,,,,,,1011906.0,
[19944],CONVERGENT MARGIN,NEW HEBRIDES ARC - VANUATU ARCHIPELAGO / SOUTHERN NEW HEBRIDES ARC / TANNA (=TANUA) / YASUR(=YASOWA),"YENKAHE CALDERA, SE TANNA, FRIENDLY BUNGALOWS",-19.52,-19.52,169.42,169.42,SAE,,,s_FB3 [19944],ANDESITE [19944],,,,,,,,,VOL,,,,,WR [19944] ,59.55,0.93,,15.37,,,,7.89,4.62,2.07,0.19,,3.81,4.18,0.65,,,,,,,,,,,,,,,,,,,,,,,,,,,,,,,,,,,,,,,,,,,,17.32,6558.0,191.99,8.61,,,16.0,7.0,,110.23,17.13,,,,,50.17,440.93,29.7,131.35,2.02,,,,,,,,,,,,1.52,700.4,18.38,41.49,5.74,25.98,6.17,1.6,6.04,0.85,5.5,1.08,3.43,0.51,3.39,0.5,3.73,0.12,,,,,,,,,17.63,,3.03,1.69,0.513053,,,0.703548,,,,,,,,,,,,,,0.283247,,,,,,,1011907.0,
[19944],CONVERGENT MARGIN,NEW HEBRIDES ARC - VANUATU ARCHIPELAGO / SOUTHERN NEW HEBRIDES ARC / TANNA (=TANUA) / YASUR(=YASOWA),"YENKAHE CALDERA, SE TANNA, PORT RESOLUTION",-19.52,-19.52,169.42,169.42,SAE,,,s_TB5 [19944],ANDESITE [19944],,,,,,,,,VOL,,,,,WR [19944] ,59.15,0.9,,15.44,,,,7.93,4.91,2.26,0.19,,3.71,4.2,0.61,,,,,,,,,,,,,,,,,,,,,,,,,,,,,,,,,,,,,,,,,,,,18.47,6563.0,197.94,7.1,,,17.0,8.0,,108.13,16.81,,,,,49.19,469.88,29.29,129.51,1.94,,,,,,,,,,,,1.55,687.08,18.6,39.9,5.45,25.14,6.04,1.61,5.97,0.85,5.43,1.14,3.35,0.5,3.32,0.49,3.79,0.13,,,,,,,,,17.56,,2.99,1.61,0.513041,,,0.70352,,,,,,,,,,,,,,0.283154,,,,,,,1011908.0,
[19944],CONVERGENT MARGIN,NEW HEBRIDES ARC - VANUATU ARCHIPELAGO / SOUTHERN NEW HEBRIDES ARC / TANNA (=TANUA) / YASUR(=YASOWA),"YENKAHE CALDERA, SE TANNA, PORT RESOLUTION",-19.52,-19.52,169.42,169.42,SAE,,,s_PR1 [19944],ANDESITE [19944],,,,,,,,,VOL,,,,,WR [19944] ,59.97,0.9,,15.32,,,,7.6,4.37,1.96,0.19,,4.0,4.27,0.65,,,,,,,,,,,,,,,,,,,,,,,,,,,,,,,,,,,,,,,,,,,,17.04,6520.0,171.31,7.96,,,15.0,7.0,,106.58,17.46,,,,,54.51,431.92,30.46,137.91,2.07,,,,,,,,,,,,1.71,725.91,19.09,42.66,5.9,26.73,6.24,1.64,6.29,0.88,5.67,1.15,3.54,0.52,3.39,0.52,3.94,0.13,,,,,,,,,18.09,,3.17,1.77,0.513041,,,0.703555,,,,,,,,,,,,,,0.283176,,,,,,,1011909.0,
[19944],CONVERGENT MARGIN,NEW HEBRIDES ARC - VANUATU ARCHIPELAGO / SOUTHERN NEW HEBRIDES ARC / TANNA (=TANUA) / YASUR(=YASOWA),"YENKAHE CALDERA, SE TANNA, WHITE SANDS",-19.52,-19.52,169.42,169.42,SAE,,,s_WS2 [19944],ANDESITE [19944],,,,,,,,,VOL,,,,,WR [19944] ,59.78,0.91,,15.43,,,,7.7,4.52,2.03,0.19,,3.93,4.22,0.64,,,,,,,,,,,,,,,,,,,,,,,,,,,,,,,,,,,,,,,,,,,,17.15,6462.0,179.16,8.48,,,15.0,9.0,,108.71,16.85,,,,,53.08,438.31,29.94,133.06,2.0,,,,,,,,,,,,1.66,705.5,18.45,41.54,5.74,26.14,6.07,1.6,5.93,0.82,5.43,1.15,3.43,0.5,3.42,0.5,3.83,0.12,,,,,,,,,17.66,,3.09,1.7,0.513041,,,0.703595,,,,,,,,,,,,,,0.283184,,,,,,,1011910.0,
[19944],CONVERGENT MARGIN,NEW HEBRIDES ARC - VANUATU ARCHIPELAGO / SOUTHERN NEW HEBRIDES ARC / TANNA (=TANUA) / YASUR(=YASOWA),"YENKAHE CALDERA, SE TANNA, PORT RESOLUTION",-19.52,-19.52,169.42,169.42,SAE,,,s_TB7 [19944],ANDESITE [19944],,,,,,,,,VOL,,,,,WR [19944] ,59.82,0.9,,15.35,,,,7.69,4.52,2.04,0.19,,3.93,4.24,0.64,,,,,,,,,,,,,,,,,,,,,,,,,,,,,,,,,,,,,,,,,,,,17.26,6521.0,177.18,7.94,,,15.0,6.0,,107.88,17.15,,,,,53.02,432.71,30.14,135.62,2.01,,,,,,,,,,,,1.64,714.18,18.64,41.69,5.7,25.97,6.25,1.68,6.04,0.87,5.63,1.15,3.53,0.51,3.37,0.52,3.92,0.13,,,,,,,,,18.0,,3.13,1.73,0.513034,,,0.70356,,,,,,,,,,,,,,0.283175,,,,,,,1011912.0,
[19944],CONVERGENT MARGIN,NEW HEBRIDES ARC - VANUATU ARCHIPELAGO / SOUTHERN NEW HEBRIDES ARC / TANNA (=TANUA) / YASUR(=YASOWA),"YENKAHE CALDERA, SE TANNA, WAESISI",-19.52,-19.52,169.42,169.42,SAE,,,s_WAE3 [19944],ANDESITE [19944],,,,,,,,,VOL,,,,,WR [19944] ,59.52,0.91,,15.36,,,,7.79,4.57,2.04,0.19,,3.9,4.21,0.64,,,,,,,,,,,,,,,,,,,,,,,,,,,,,,,,,,,,,,,,,,,,17.27,6487.0,184.26,6.48,,,15.0,6.0,,109.61,16.82,,,,,51.89,448.75,30.38,135.15,1.99,,,,,,,,,,,,1.64,708.9,18.61,41.47,5.74,26.13,6.1,1.66,5.89,0.85,5.71,1.15,3.44,0.51,3.41,0.51,3.96,0.12,,,,,,,,,17.81,,3.14,1.67,0.513037,,,0.70354,,,,,,,,,,,,,,0.283169,,,,,,,1011913.0,
[19944],CONVERGENT MARGIN,NEW HEBRIDES ARC - VANUATU ARCHIPELAGO / SOUTHERN NEW HEBRIDES ARC / TANNA (=TANUA) / YASUR(=YASOWA),"YENKAHE CALDERA, SE TANNA, WAESISI",-19.52,-19.52,169.42,169.42,SAE,,,s_WS-6 [19944],ANDESITE [19944],,,,,,,,,VOL,,,,,WR [19944] ,59.39,0.9,,15.17,,,,8.04,4.53,1.96,0.19,,3.95,4.17,0.64,,,,,,,,,,,,,,,,,,,,,,,,,,,,,,,,,,,,,,,,,,,,16.58,5600.57,173.3,6.38,,,14.51,2.66,,93.26,15.19,,,,,51.41,426.6,29.83,136.89,2.04,,,,,,,,,,,,1.57,685.09,17.69,39.13,5.45,24.81,6.37,1.51,5.54,0.82,5.2,1.08,3.25,0.49,3.37,0.49,3.82,0.11,,,,,,,,,15.19,,2.99,1.6,,,,,,,,,,,,,,,,,,,,,,,,,1011914.0,
[19944],CONVERGENT MARGIN,NEW HEBRIDES ARC - VANUATU ARCHIPELAGO / SOUTHERN NEW HEBRIDES ARC / TANNA (=TANUA) / YASUR(=YASOWA),"YENKAHE CALDERA, SE TANNA, WHITE SANDS",-19.52,-19.52,169.42,169.42,SAE,,,s_WSG-1 [19944],ANDESITE [19944],,,,,,,,,VOL,,,,,WR [19944] ,59.45,0.91,,15.19,,,,8.04,4.53,1.93,0.19,,3.96,4.2,0.64,,,,,,,,,,,,,,,,,,,,,,,,,,,,,,,,,,,,,,,,,,,,16.4,5554.64,172.43,6.53,,,14.17,3.46,,92.56,15.79,,,,,52.47,424.44,29.37,135.81,1.98,,,,,,,,,,,,1.7,681.31,17.63,39.31,5.34,25.65,5.9,1.5,5.5,0.83,5.46,1.14,3.32,0.51,3.27,0.51,3.69,0.11,,,,,,,,,15.79,,2.96,1.63,,,,,,,,,,,,,,,,,,,,,,,,,1011915.0,
[19944],CONVERGENT MARGIN,NEW HEBRIDES ARC - VANUATU ARCHIPELAGO / SOUTHERN NEW HEBRIDES ARC / TANNA (=TANUA) / YASUR(=YASOWA),"YENKAHE CALDERA, SE TANNA, WHITE SANDS",-19.52,-19.52,169.42,169.42,SAE,,,s_WSG-2 [19944],ANDESITE [19944],,,,,,,,,VOL,,,,,WR [19944] ,59.03,0.91,,15.27,,,,8.22,4.73,2.08,0.19,,3.81,4.09,0.63,,,,,,,,,,,,,,,,,,,,,,,,,,,,,,,,,,,,,,,,,,,,16.92,5667.62,190.84,7.24,,,15.26,1.93,,96.1,15.87,,,,,52.28,443.6,29.3,134.03,1.92,,,,,,,,,,,,1.6,677.75,17.49,38.98,5.32,25.55,5.96,1.52,5.4,0.82,5.29,1.11,3.26,0.48,3.34,0.49,3.61,0.12,,,,,,,,,15.43,,2.98,1.59,,,,,,,,,,,,,,,,,,,,,,,,,1011916.0,
[19944],CONVERGENT MARGIN,NEW HEBRIDES ARC - VANUATU ARCHIPELAGO / SOUTHERN NEW HEBRIDES ARC / TANNA (=TANUA) / YASUR(=YASOWA),"YENKAHE CALDERA, SE TANNA, WHITE SANDS",-19.52,-19.52,169.42,169.42,SAE,,,s_WSG-15 [19944],ANDESITE [19944],,,,,,,,,VOL,,,,,WR [19944] ,59.35,0.92,,15.2,,,,8.13,4.56,1.98,0.19,,3.94,4.2,0.64,,,,,,,,,,,,,,,,,,,,,,,,,,,,,,,,,,,,,,,,,,,,17.01,5779.17,186.12,6.52,,,14.99,1.92,,98.6,16.27,,,,,52.8,435.48,30.05,137.85,1.98,,,,,,,,,,,,1.76,703.41,18.03,40.52,5.55,26.21,6.1,1.56,5.84,0.83,5.53,1.13,3.18,0.49,3.36,0.5,3.84,0.11,,,,,,,,,16.43,,3.08,1.64,,,,,,,,,,,,,,,,,,,,,,,,,1011917.0,
[19944],CONVERGENT MARGIN,NEW HEBRIDES ARC - VANUATU ARCHIPELAGO / SOUTHERN NEW HEBRIDES ARC / TANNA (=TANUA) / YASUR(=YASOWA),"YENKAHE CALDERA, SE TANNA, WHITE SANDS",-19.52,-19.52,169.42,169.42,SAE,,,s_WSG-28 [19944],ANDESITE [19944],,,,,,,,,VOL,,,,,WR [19944] ,58.96,0.91,,15.21,,,,8.22,4.72,2.05,0.19,,3.84,4.13,0.64,,,,,,,,,,,,,,,,,,,,,,,,,,,,,,,,,,,,,,,,,,,,17.41,5890.16,198.36,7.69,,,15.32,4.32,,97.16,16.29,,,,,53.67,454.75,30.56,137.0,1.99,,,,,,,,,,,,1.71,703.72,18.35,40.11,5.6,26.48,6.26,1.52,5.66,0.85,5.53,1.14,3.44,0.48,3.46,0.5,3.91,0.12,,,,,,,,,16.26,,2.95,1.62,,,,,,,,,,,,,,,,,,,,,,,,,1011918.0,
[19944],CONVERGENT MARGIN,NEW HEBRIDES ARC - VANUATU ARCHIPELAGO / SOUTHERN NEW HEBRIDES ARC / TANNA (=TANUA) / YASUR(=YASOWA),"YENKAHE CALDERA, SE TANNA, WHITE SANDS",-19.52,-19.52,169.42,169.42,SAE,,,s_WSP-2 [19944],ANDESITE [19944],,,,,,,,,VOL,,,,,WR [19944] ,59.0,0.93,,15.24,,,,8.3,4.62,2.03,0.19,,3.87,4.17,0.63,,,,,,,,,,,,,,,,,,,,,,,,,,,,,,,,,,,,,,,,,,,,17.61,5947.08,203.84,6.46,,,15.77,3.6,,101.99,16.95,,,,,54.79,458.15,30.91,140.38,1.99,,,,,,,,,,,,1.7,711.14,18.29,40.93,5.61,26.35,6.15,1.6,5.56,0.85,5.44,1.15,3.3,0.5,3.52,0.51,3.83,0.11,,,,,,,,,16.23,,3.11,1.68,,,,,,,,,,,,,,,,,,,,,,,,,1011919.0,
[19944],CONVERGENT MARGIN,NEW HEBRIDES ARC - VANUATU ARCHIPELAGO / SOUTHERN NEW HEBRIDES ARC / TANNA (=TANUA) / YASUR(=YASOWA),"YENKAHE CALDERA, SE TANNA, WHITE SANDS",-19.52,-19.52,169.42,169.42,SAE,,,s_WSP-3 [19944],ANDESITE [19944],,,,,,,,,VOL,,,,,WR [19944] ,59.34,0.91,,15.16,,,,8.12,4.52,1.96,0.19,,4.0,4.19,0.64,,,,,,,,,,,,,,,,,,,,,,,,,,,,,,,,,,,,,,,,,,,,16.98,5783.6,191.71,10.81,,,15.04,2.9,,99.15,16.4,,,,,56.8,443.13,30.85,143.01,2.08,,,,,,,,,,,,1.75,725.21,18.46,41.86,5.56,26.69,6.26,1.51,5.85,0.89,5.66,1.17,3.34,0.5,3.33,0.49,3.8,0.12,,,,,,,,,17.17,,3.11,1.67,,,,,,,,,,,,,,,,,,,,,,,,,1011920.0,
[19944],CONVERGENT MARGIN,NEW HEBRIDES ARC - VANUATU ARCHIPELAGO / SOUTHERN NEW HEBRIDES ARC / TANNA (=TANUA) / YASUR(=YASOWA),"YENKAHE CALDERA, SE TANNA, WHITE SANDS",-19.52,-19.52,169.42,169.42,SAE,,,s_WSP-4 [19944],ANDESITE [19944],,,,,,,,,VOL,,,,,WR [19944] ,58.71,0.96,,15.17,,,,8.49,4.77,2.1,0.19,,3.81,4.12,0.64,,,,,,,,,,,,,,,,,,,,,,,,,,,,,,,,,,,,,,,,,,,,17.91,6246.27,218.65,6.57,,,17.1,3.27,,104.46,16.96,,,,,54.08,462.85,30.31,136.91,2.03,,,,,,,,,,,,1.7,715.9,18.06,41.31,5.57,26.19,6.42,1.58,5.61,0.86,5.58,1.12,3.33,0.48,3.43,0.5,3.88,0.12,,,,,,,,,16.52,,3.04,1.71,,,,,,,,,,,,,,,,,,,,,,,,,1011921.0,
[19944],CONVERGENT MARGIN,NEW HEBRIDES ARC - VANUATU ARCHIPELAGO / SOUTHERN NEW HEBRIDES ARC / TANNA (=TANUA) / YASUR(=YASOWA),"YENKAHE CALDERA, SE TANNA, WHITE SANDS",-19.52,-19.52,169.42,169.42,SAE,,,s_WSP-15 [19944],ANDESITE [19944],,,,,,,,,VOL,,,,,WR [19944] ,59.0,0.92,,15.25,,,,8.28,4.65,2.05,0.19,,3.83,4.08,0.64,,,,,,,,,,,,,,,,,,,,,,,,,,,,,,,,,,,,,,,,,,,,17.15,5873.62,199.44,6.98,,,15.56,12.66,,98.43,16.75,,,,,52.85,450.41,30.45,139.38,2.03,,,,,,,,,,,,1.72,697.72,18.11,40.95,5.55,26.23,6.11,1.57,5.53,0.85,5.55,1.07,3.29,0.5,3.29,0.51,3.9,0.12,,,,,,,,,16.09,,3.0,1.61,,,,,,,,,,,,,,,,,,,,,,,,,1011922.0,
[19944],CONVERGENT MARGIN,NEW HEBRIDES ARC - VANUATU ARCHIPELAGO / SOUTHERN NEW HEBRIDES ARC / TANNA (=TANUA) / YASUR(=YASOWA),"YENKAHE CALDERA, SE TANNA, WHITE SANDS",-19.52,-19.52,169.42,169.42,SAE,,,s_WSP-26 [19944],ANDESITE [19944],,,,,,,,,VOL,,,,,WR [19944] ,58.94,0.92,,15.2,,,,8.22,4.71,2.06,0.19,,3.88,4.12,0.64,,,,,,,,,,,,,,,,,,,,,,,,,,,,,,,,,,,,,,,,,,,,17.04,5844.88,195.95,7.37,,,15.29,3.91,,99.96,16.36,,,,,53.97,446.45,28.65,131.44,1.93,,,,,,,,,,,,1.68,687.51,17.64,39.73,5.43,25.59,6.02,1.57,5.37,0.84,5.33,1.08,3.15,0.46,3.16,0.49,3.76,0.12,,,,,,,,,16.24,,2.95,1.7,,,,,,,,,,,,,,,,,,,,,,,,,1011923.0,
[19944],CONVERGENT MARGIN,NEW HEBRIDES ARC - VANUATU ARCHIPELAGO / SOUTHERN NEW HEBRIDES ARC / TANNA (=TANUA) / YASUR(=YASOWA),"YENKAHE CALDERA, SE TANNA, PORT RESOLUTION",-19.52,-19.52,169.42,169.42,SAE,,,s_TB3 [19944],BASALTIC-ANDESITE [19944],,,,,,,,,VOL,,,,,WR [19944] ,56.42,0.86,,16.26,,,,8.75,6.69,3.16,0.18,,2.74,3.86,0.45,,,,,,,,,,,,,,,,,,,,,,,,,,,,,,,,,,,,,,,,,,,,22.45,6294.0,281.21,11.44,,,22.0,12.0,,103.13,17.39,,,,,34.45,589.81,23.09,94.33,1.35,,,,,,,,,,,,1.09,552.77,13.24,29.72,4.09,19.33,4.86,1.35,4.89,0.67,4.4,0.91,2.72,0.42,2.68,0.4,2.78,0.09,,,,,,,,,8.56,,2.18,1.14,0.513038,,,0.703711,,,,,,,,,,,,,,0.283147,,,,,,,1011924.0,
[19944],CONVERGENT MARGIN,NEW HEBRIDES ARC - VANUATU ARCHIPELAGO / SOUTHERN NEW HEBRIDES ARC / TANNA (=TANUA) / YASUR(=YASOWA),"YENKAHE CALDERA, SE TANNA, PORT RESOLUTION",-19.52,-19.52,169.42,169.42,SAE,,,s_PR3 [19944],BASALTIC-ANDESITE [19944],,,,,,,,,VOL,,,,,WR [19944] ,55.4,0.87,,16.13,,,,9.21,7.04,3.36,0.19,,2.24,3.87,0.38,,,,,,,,,,,,,,,,,,,,,,,,,,,,,,,,,,,,,,,,,,,,23.82,6129.0,309.57,8.86,,,24.0,11.0,,99.47,17.52,,,,,35.18,614.93,21.61,77.24,1.11,,,,,,,,,,,,1.11,500.4,11.2,25.29,3.56,16.47,4.22,1.3,4.11,0.63,4.06,0.84,2.43,0.37,2.43,0.37,2.3,0.07,,,,,,,,,12.07,,1.69,0.95,,,,,,,,,,,,,,,,,,,,,,,,,1011925.0,
[19944],CONVERGENT MARGIN,NEW HEBRIDES ARC - VANUATU ARCHIPELAGO / SOUTHERN NEW HEBRIDES ARC / TANNA (=TANUA) / YASUR(=YASOWA),"YENKAHE CALDERA, SE TANNA, PORT RESOLUTION",-19.52,-19.52,169.42,169.42,SAE,,,s_TB4 [19944],ANDESITE [19944],,,,,,,,,VOL,,,,,WR [19944] ,57.06,0.93,,15.64,,,,8.52,5.73,2.57,0.18,,3.39,3.78,0.53,,,,,,,,,,,,,,,,,,,,,,,,,,,,,,,,,,,,,,,,,,,,20.3,6722.0,253.92,9.86,,,20.0,12.0,,105.91,17.32,,,,,45.09,502.59,28.1,119.22,1.75,,,,,,,,,,,,1.36,654.28,17.04,36.88,5.15,23.58,5.63,1.52,5.62,0.8,5.04,1.07,3.23,0.49,3.13,0.46,3.44,0.11,,,,,,,,,24.44,,2.75,1.49,0.513047,,,0.704743,,,,,,,,,,,,,,0.283156,,,,,,,1011926.0,
[19944],CONVERGENT MARGIN,NEW HEBRIDES ARC - VANUATU ARCHIPELAGO / SOUTHERN NEW HEBRIDES ARC / TANNA (=TANUA) / YASUR(=YASOWA),"YENKAHE CALDERA, SE TANNA, PORT RESOLUTION",-19.52,-19.52,169.42,169.42,SAE,,,s_PR2 [19944],ANDESITE [19944],,,,,,,,,VOL,,,,,WR [19944] ,57.98,0.9,,15.87,,,,8.11,5.51,2.34,0.18,,3.52,3.91,0.56,,,,,,,,,,,,,,,,,,,,,,,,,,,,,,,,,,,,,,,,,,,,18.99,6486.0,230.24,13.82,,,18.0,15.0,,101.82,17.16,,,,,46.21,490.33,27.52,121.81,1.8,,,,,,,,,,,,1.46,658.98,16.72,37.69,5.16,23.47,5.71,1.48,5.53,0.78,5.02,1.07,3.19,0.48,3.09,0.45,3.53,0.11,,,,,,,,,16.32,,2.78,1.51,,,,,,,,,,,,,,,,,,,,,,,,,1011927.0,
[19944],CONVERGENT MARGIN,NEW HEBRIDES ARC - VANUATU ARCHIPELAGO / SOUTHERN NEW HEBRIDES ARC / TANNA (=TANUA) / YASUR(=YASOWA),"YENKAHE CALDERA, SE TANNA, FRIENDLY BUNGALOWS",-19.52,-19.52,169.42,169.42,SAE,,,s_FB2 [19944],BASALTIC-ANDESITE [19944],,,,,,,,,VOL,,,,,WR [19944] ,56.4,0.87,,16.09,,,,8.72,6.54,3.14,0.18,,2.79,3.89,0.45,,,,,,,,,,,,,,,,,,,,,,,,,,,,,,,,,,,,,,,,,,,,21.71,6176.0,283.75,10.12,,,22.0,13.0,,98.07,17.48,,,,,35.63,566.93,23.2,92.94,1.37,,,,,,,,,,,,1.11,552.07,13.79,29.77,4.17,19.38,4.68,1.3,4.57,0.67,4.38,0.88,2.69,0.38,2.62,0.38,2.77,0.08,,,,,,,,,13.12,,2.12,1.17,0.513031,,,0.70356,,,,,,,,,,,,,,0.283141,,,,,,,1011928.0,
[19944],CONVERGENT MARGIN,NEW HEBRIDES ARC - VANUATU ARCHIPELAGO / SOUTHERN NEW HEBRIDES ARC / TANNA (=TANUA) / YASUR(=YASOWA),"YENKAHE CALDERA, SE TANNA, WHITE SANDS",-19.52,-19.52,169.42,169.42,SAE,,,s_WSG-16 [19944],BASALTIC-ANDESITE [19944],,,,,,,,,VOL,,,,,WR [19944] ,53.13,0.82,,16.38,,,,9.94,8.18,3.99,0.19,,1.97,3.57,0.31,,,,,,,,,,,,,,,,,,,,,,,,,,,,,,,,,,,,,,,,,,,,24.63,5054.6,362.88,7.07,,,26.06,14.08,,78.95,16.35,,,,,23.64,657.98,18.24,65.21,0.89,,,,,,,,,,,,0.76,424.82,8.97,19.97,2.83,13.78,3.27,1.09,3.51,0.52,3.16,0.66,2.13,0.3,1.99,0.28,1.86,0.05,,,,,,,,,8.28,,1.38,0.75,,,,,,,,,,,,,,,,,,,,,,,,,1011929.0,
[3930],CONVERGENT MARGIN,NEW HEBRIDES ARC - VANUATU ARCHIPELAGO / NORTH FIJI BASIN / DREDGE 1,,-16.815,-16.815,176.015,176.015,SAQ,-2100.0,-2300.0,s_1/4 [3930],BASALT [3930],,,,,,,,,VOL,,,,,GL [3930] ,50.89,1.1,,14.87,,,,9.89,12.29,7.98,0.19,,0.08,2.18,0.19,,,,,,,,,,,,,,,,,,,,,,,,,,,,,,,,,,,,,,,,,,,,,,,,,,,,,,,,,,,,,,,,,,,,,,,,,,,,,,,,,,,,,,,,,,,,,,,,,,,,,,,,,,,,,,,,,,,,,,,,,,,,,,,,,102843.0,
[3930],CONVERGENT MARGIN,NEW HEBRIDES ARC - VANUATU ARCHIPELAGO / NORTH FIJI BASIN / DREDGE 2,,-16.185,-16.185,173.587,173.587,SAQ,-3200.0,-3500.0,s_2/1 [3930],BASALT [3930],,,,,,,,,VOL,,,,,GL [3930] ,50.31,1.76,,14.15,,,,12.06,11.82,7.05,0.22,,0.13,2.41,0.25,,,,,,,,,,,,,,,,,,,,,,,,,,,,,,,,,,,,,,,,,,,,,,,,,,,,,,,,,,,,,,,,,,,,,,,,,,,,,,,,,,,,,,,,,,,,,,,,,,,,,,,,,,,,,,,,,,,,,,,,,,,,,,,,,102844.0,
[3930],CONVERGENT MARGIN,NEW HEBRIDES ARC - VANUATU ARCHIPELAGO / NORTH FIJI BASIN / DREDGE 2,,-16.185,-16.185,173.587,173.587,SAQ,-3200.0,-3500.0,s_2/11 [3930],BASALT [3930],,,,,,,,,VOL,,,,,GL [3930] ,50.25,1.67,,14.54,,,,11.3,11.72,7.29,0.19,,0.16,2.33,0.24,,,,,,,,,,,,,,,,,,,,,,,,,,,,,,,,,,,,,,,,,,,,,,,,,,,,,,,,,,,,,,,,,,,,,,,,,,,,,,,,,,,,,,,,,,,,,,,,,,,,,,,,,,,,,,,,,,,,,,,,,,,,,,,,,102845.0,
[3930],CONVERGENT MARGIN,NEW HEBRIDES ARC - VANUATU ARCHIPELAGO / NORTH FIJI BASIN / DREDGE 4,,-16.358,-16.358,173.588,173.588,SAQ,-3150.0,-3750.0,s_4/1 [3930],BASALT [3930],,,,,,,,,VOL,,,,,GL [3930] ,50.46,1.74,,16.36,,,,8.11,10.82,7.39,0.15,,0.54,3.07,0.31,,,,,,,,,,,,,,,,,,,,,,,,,,,,,,,,,,,,,,,,,,,,,,,,,,,,,,,,,,,,,,,,,,,,,,,,,,,,,,,,,,,,,,,,,,,,,,,,,,,,,,,,,,,,,,,,,,,,,,,,,,,,,,,,,102846.0,
[3930],CONVERGENT MARGIN,NEW HEBRIDES ARC - VANUATU ARCHIPELAGO / NORTH FIJI BASIN / DREDGE 4,,-16.358,-16.358,173.588,173.588,SAQ,-3150.0,-3750.0,s_4/11 [3930],BASALT [3930],,,,,,,,,VOL,,,,,GL [3930] ,51.18,1.3,,15.66,,,,8.55,11.99,7.64,0.16,,0.41,2.51,0.27,,,,,,,,,,,,,,,,,,,,,,,,,,,,,,,,,,,,,,,,,,,,,,,,,,,,,,,,,,,,,,,,,,,,,,,,,,,,,,,,,,,,,,,,,,,,,,,,,,,,,,,,,,,,,,,,,,,,,,,,,,,,,,,,,102847.0,
[3930],CONVERGENT MARGIN,NEW HEBRIDES ARC - VANUATU ARCHIPELAGO / NORTH FIJI BASIN / DREDGE 4,,-16.358,-16.358,173.588,173.588,SAQ,-3150.0,-3750.0,s_4/7 [3930],BASALT [3930],,,,,,,,,VOL,,,,,GL [3930] ,49.59,2.69,,16.66,,,,7.93,10.09,5.85,0.16,,1.31,3.44,0.54,,,,,,,,,,,,,,,,,,,,,,,,,,,,,,,,,,,,,,,,,,,,,,,,,,,,,,,,,,,,,,,,,,,,,,,,,,,,,,,,,,,,,,,,,,,,,,,,,,,,,,,,,,,,,,,,,,,,,,,,,,,,,,,,,102848.0,
[3930],CONVERGENT MARGIN,NEW HEBRIDES ARC - VANUATU ARCHIPELAGO / NORTH FIJI BASIN / DREDGE 5,,-16.813,-16.813,174.1,174.1,SAQ,-2925.0,-2975.0,s_5/4 [3930],BASALT [3930],,,,,,,,,VOL,,,,,GL [3930] ,50.94,1.42,,14.45,,,,11.0,11.89,6.91,0.21,,0.15,2.84,0.21,,,,,,,,,,,,,,,,,,,,,,,,,,,,,,,,,,,,,,,,,,,,,,,,,,,,,,,,,,,,,,,,,,,,,,,,,,,,,,,,,,,,,,,,,,,,,,,,,,,,,,,,,,,,,,,,,,,,,,,,,,,,,,,,,102849.0,
[3930],CONVERGENT MARGIN,NEW HEBRIDES ARC - VANUATU ARCHIPELAGO / NORTH FIJI BASIN / DREDGE 6,,-17.065,-17.065,173.913,173.913,SAQ,-2000.0,-2040.0,s_6/10 [3930],BASALT [3930],,,,,,,,,VOL,,,,,GL [3930] ,50.81,1.28,,14.97,,,,9.67,12.27,7.51,0.19,,0.13,2.7,0.21,,,,,,,,,,,,,,,,,,,,,,,,,,,,,,,,,,,,,,,,,,,,,,,,,,,,,,,,,,,,,,,,,,,,,,,,,,,,,,,,,,,,,,,,,,,,,,,,,,,,,,,,,,,,,,,,,,,,,,,,,,,,,,,,,102850.0,
[3930],CONVERGENT MARGIN,NEW HEBRIDES ARC - VANUATU ARCHIPELAGO / NORTH FIJI BASIN / DREDGE 6,,-17.065,-17.065,173.913,173.913,SAQ,-2000.0,-2040.0,s_6/7 [3930],BASALT [3930],,,,,,,,,VOL,,,,,GL [3930] ,50.65,1.52,,14.78,,,,10.28,11.8,6.9,0.19,,0.14,2.95,0.23,,,,,,,,,,,,,,,,,,,,,,,,,,,,,,,,,,,,,,,,,,,,,,,,,,,,,,,,,,,,,,,,,,,,,,,,,,,,,,,,,,,,,,,,,,,,,,,,,,,,,,,,,,,,,,,,,,,,,,,,,,,,,,,,,102851.0,
[3930],CONVERGENT MARGIN,NEW HEBRIDES ARC - VANUATU ARCHIPELAGO / NORTH FIJI BASIN / DREDGE 6,,-17.065,-17.065,173.913,173.913,SAQ,-2000.0,-2040.0,s_6C [3930],BASALT [3930],,,,,,,,,VOL,,,,,GL [3930] ,50.19,1.83,,15.5,,,,9.67,11.18,6.83,0.18,,0.51,2.93,0.3,,,,,,,,,,,,,,,,,,,,,,,,,,,,,,,,,,,,,,,,,,,,,,,,,,,,,,,,,,,,,,,,,,,,,,,,,,,,,,,,,,,,,,,,,,,,,,,,,,,,,,,,,,,,,,,,,,,,,,,,,,,,,,,,,102852.0,
[3930],CONVERGENT MARGIN,NEW HEBRIDES ARC - VANUATU ARCHIPELAGO / NORTH FIJI BASIN / DREDGE 7,,-15.097,-15.097,173.257,173.257,SAQ,-3010.0,-4080.0,s_7/8 [3930],BASALT [3930],,,,,,,,,VOL,,,,,GL [3930] ,50.63,1.53,,13.87,,,,11.94,11.5,7.06,0.22,,0.08,2.38,0.22,,,,,,,,,,,,,,,,,,,,,,,,,,,,,,,,,,,,,,,,,,,,,,,,,,,,,,,,,,,,,,,,,,,,,,,,,,,,,,,,,,,,,,,,,,,,,,,,,,,,,,,,,,,,,,,,,,,,,,,,,,,,,,,,,102853.0,
[3930],CONVERGENT MARGIN,NEW HEBRIDES ARC - VANUATU ARCHIPELAGO / NORTH FIJI BASIN / DREDGE 10,,-15.837,-15.837,173.408,173.408,SAQ,-3583.0,-3630.0,s_10/1 [3930],BASALT [3930],,,,,,,,,VOL,,,,,GL [3930] ,50.01,1.34,,15.74,,,,9.23,11.74,7.71,0.19,,0.23,2.67,0.24,,,,,,,,,,,,,,,,,,,,,,,,,,,,,,,,,,,,,,,,,,,,,,,,,,,,,,,,,,,,,,,,,,,,,,,,,,,,,,,,,,,,,,,,,,,,,,,,,,,,,,,,,,,,,,,,,,,,,,,,,,,,,,,,,102854.0,
[3930],CONVERGENT MARGIN,NEW HEBRIDES ARC - VANUATU ARCHIPELAGO / NORTH FIJI BASIN / DREDGE 10,,-15.837,-15.837,173.408,173.408,SAQ,-3583.0,-3630.0,s_10/5 [3930],BASALT [3930],,,,,,,,,VOL,,,,,GL [3930] ,49.9,2.22,,16.45,,,,7.41,10.48,7.08,0.14,,1.17,2.81,0.51,,,,,,,,,,,,,,,,,,,,,,,,,,,,,,,,,,,,,,,,,,,,,,,,,,,,,,,,,,,,,,,,,,,,,,,,,,,,,,,,,,,,,,,,,,,,,,,,,,,,,,,,,,,,,,,,,,,,,,,,,,,,,,,,,102855.0,
[3930],CONVERGENT MARGIN,NEW HEBRIDES ARC - VANUATU ARCHIPELAGO / NORTH FIJI BASIN / DREDGE 11,,-13.285,-13.285,173.94,173.94,SAQ,-2175.0,-2300.0,s_11/4 [3930],BASALT [3930],,,,,,,,,VOL,,,,,GL [3930] ,51.96,2.79,,13.06,,,,13.33,8.78,4.73,0.22,,0.58,3.06,0.37,,,,,,,,,,,,,,,,,,,,,,,,,,,,,,,,,,,,,,,,,,,,,,,,,,,,,,,,,,,,,,,,,,,,,,,,,,,,,,,,,,,,,,,,,,,,,,,,,,,,,,,,,,,,,,,,,,,,,,,,,,,,,,,,,102856.0,
[3930],CONVERGENT MARGIN,NEW HEBRIDES ARC - VANUATU ARCHIPELAGO / NORTH FIJI BASIN / DREDGE 13,,-13.565,-13.565,175.902,175.902,SAQ,,-335.0,s_13/5 [3930],BASALT [3930],,,,,,,,,VOL,,,,,GL [3930] ,51.11,2.58,,15.62,,,,8.19,9.46,4.95,0.15,,1.6,3.84,0.42,,,,,,,,,,,,,,,,,,,,,,,,,,,,,,,,,,,,,,,,,,,,,,,,,,,,,,,,,,,,,,,,,,,,,,,,,,,,,,,,,,,,,,,,,,,,,,,,,,,,,,,,,,,,,,,,,,,,,,,,,,,,,,,,,102857.0,
[3930],CONVERGENT MARGIN,NEW HEBRIDES ARC - VANUATU ARCHIPELAGO / NORTH FIJI BASIN / DREDGE 1,,-16.815,-16.815,176.015,176.015,SAQ,-2100.0,-2300.0,s_1/2 [3930],BASALT [3930],,,,,,,,,VOL,,,,,WR [3930] ,50.66,1.2,,15.3,,1.96,7.89,,12.24,8.12,0.21,,0.11,2.14,0.11,,0.17,0.17,,0.14,,,,,,,,,,0.08,,,,,,,,,,,,,,,,,,,,,,,,,,,,,,,,,,,,,,,,,,,,,,,,,,,,,,,,,,,,,,,,,,,,,,,,,,,,,,,,,,,,,,,,,,,,,,,,,,,,,,,,,,,,,,,,,,103372.0,
[3930],CONVERGENT MARGIN,NEW HEBRIDES ARC - VANUATU ARCHIPELAGO / NORTH FIJI BASIN / DREDGE 2,,-16.185,-16.185,173.587,173.587,SAQ,-3200.0,-3500.0,s_2/1 [3930],BASALT [3930],,,,,,,,,VOL,,,,,WR [3930] ,49.36,1.68,,14.38,,3.9,8.14,,11.76,6.83,0.23,,0.3,2.43,0.18,,0.81,0.35,,0.07,,,,,,,,,,0.06,,,,,,,,,,,,,,,,,,,,,,,,,,,,,41.7,,356.0,235.0,,,,63.0,85.0,108.0,22.0,,,,,5.0,87.0,40.0,95.0,4.0,,,,,,,,,,,,,23.0,3.6,11.2,1.77,10.9,3.29,1.33,5.11,,6.58,,4.4,,4.2,,,,,,,,,,,,2.0,,,,,,,,,,,,,,,,,,,,,,,,,,,,103373.0,
[3930],CONVERGENT MARGIN,NEW HEBRIDES ARC - VANUATU ARCHIPELAGO / NORTH FIJI BASIN / DREDGE 2,,-16.185,-16.185,173.587,173.587,SAQ,-3200.0,-3500.0,s_2/11 [3930],BASALT [3930],,,,,,,,,VOL,,,,,WR [3930] ,49.26,1.89,,14.72,,2.58,8.59,,11.54,7.14,0.22,,0.29,2.48,0.21,,0.41,0.47,,0.27,,,,,,,,,,0.07,,,,,,,,,,,,,,,,,,,,,,,,,,,,,37.4,,432.0,281.0,,,,108.0,66.0,109.0,20.0,,,,,4.0,116.0,40.0,114.0,5.0,,,,,,,,,,,,,40.0,5.7,15.9,2.3,12.7,3.72,1.27,5.2,,6.91,,4.55,,4.09,,,,,,,,,,,,,,,,,,,,,,,,,,,,,,,,,,,,,,,,103374.0,
[3930],CONVERGENT MARGIN,NEW HEBRIDES ARC - VANUATU ARCHIPELAGO / NORTH FIJI BASIN / DREDGE 4,,-16.358,-16.358,173.588,173.588,SAQ,-3150.0,-3750.0,s_4/1 [3930],BASALT [3930],,,,,,,,,VOL,,,,,WR [3930] ,49.88,1.75,,15.83,,1.94,6.47,,10.44,8.58,0.18,,0.66,3.0,0.27,,0.65,0.49,,0.09,,,,,,,,,,0.04,,,,,,,,,,,,,,,,,,,,,,,,,,,,,34.2,,366.0,315.0,,,,153.0,90.0,76.0,18.0,,,,,13.0,242.0,28.0,121.0,17.0,,,,,,,,,,,,,128.0,10.3,23.9,3.15,15.0,3.47,1.23,4.36,,5.01,,3.07,,2.67,,,,,,,,,,,,,,2.0,,,,,,,,,,,,,,,,,,,,,,,,,,103375.0,
[3930],CONVERGENT MARGIN,NEW HEBRIDES ARC - VANUATU ARCHIPELAGO / NORTH FIJI BASIN / DREDGE 4,,-16.358,-16.358,173.588,173.588,SAQ,-3150.0,-3750.0,s_4/11 [3930],BASALT [3930],,,,,,,,,VOL,,,,,WR [3930] ,50.63,1.32,,16.41,,2.13,5.87,,12.2,7.32,0.16,,0.46,2.65,0.18,,0.61,0.44,,0.04,,,,,,,,,,0.05,,,,,,,,,,,,,,,,,,,,,,,,,,,,,32.6,,250.0,211.0,,,,84.0,115.0,73.0,17.0,,,,,10.0,270.0,21.0,79.0,12.0,,,,,,,,,,,,,115.0,7.7,17.6,2.38,11.3,3.14,1.14,3.42,,3.76,,2.19,,1.85,,,,,,,,,,,,6.0,,1.0,,,,,,,,,,,,,,,,,,,,,,,,,,103376.0,
[3930],CONVERGENT MARGIN,NEW HEBRIDES ARC - VANUATU ARCHIPELAGO / NORTH FIJI BASIN / DREDGE 4,,-16.358,-16.358,173.588,173.588,SAQ,-3150.0,-3750.0,s_4/7 [3930],BASALT [3930],,,,,,,,,VOL,,,,,WR [3930] ,49.03,2.42,,16.42,,1.98,5.99,,9.72,7.98,0.16,,1.23,3.34,0.52,,0.99,0.51,,0.18,,,,,,,,,,0.04,,,,,,,,,,,,,,,,,,,,,,,,,,,,,29.1,,364.0,286.0,,,,145.0,44.0,78.0,22.0,,,,,20.0,406.0,29.0,196.0,46.0,,,,,,,,,,,,,333.0,26.6,53.5,6.52,27.5,5.3,1.51,5.61,,5.66,,2.96,,2.34,,,,,,,,,,,,1.0,,2.0,,,,,,,,,,,,,,,,,,,,,,,,,,103377.0,
[3930],CONVERGENT MARGIN,NEW HEBRIDES ARC - VANUATU ARCHIPELAGO / NORTH FIJI BASIN / DREDGE 5,,-16.813,-16.813,174.1,174.1,SAQ,-2925.0,-2975.0,s_5/4 [3930],BASALT [3930],,,,,,,,,VOL,,,,,WR [3930] ,50.76,1.32,,14.61,,2.26,7.8,,12.16,7.73,0.21,,0.11,2.7,0.12,,0.08,0.12,,0.02,,,,,,,,,,0.11,,,,,,,,,,,,,,,,,,,,,,,,,,,,,41.2,,288.0,117.0,,,,49.0,125.0,85.0,15.0,,,,,3.0,129.0,30.0,69.0,3.0,,,,,,,,,,,,,27.0,3.0,9.5,1.63,8.4,2.87,1.24,4.06,,4.93,,3.19,,3.1,,,,,,,,,,,,,,4.0,1.0,,,,,,,,,,,,,,,,,,,,,,,,,103378.0,
[3930],CONVERGENT MARGIN,NEW HEBRIDES ARC - VANUATU ARCHIPELAGO / NORTH FIJI BASIN / DREDGE 6,,-17.065,-17.065,173.913,173.913,SAQ,-2000.0,-2040.0,s_6/10 [3930],BASALT [3930],,,,,,,,,VOL,,,,,WR [3930] ,50.44,1.3,,15.21,,2.03,7.28,,12.39,8.01,0.2,,0.14,2.73,0.13,,0.27,0.09,,0.12,,,,,,,,,,0.08,,,,,,,,,,,,,,,,,,,,,,,,,,,,,40.7,,267.0,258.0,,,,71.0,179.0,83.0,14.0,,,,,2.0,144.0,28.0,74.0,5.0,,,,,,,,,,,,,30.0,3.7,10.2,1.39,8.2,2.1,0.8,3.18,,4.14,,2.61,,2.37,,,,,,,,,,,,3.0,,3.0,1.0,,,,,,,,,,,,,,,,,,,,,,,,,103379.0,
[3930],CONVERGENT MARGIN,NEW HEBRIDES ARC - VANUATU ARCHIPELAGO / NORTH FIJI BASIN / DREDGE 6,,-17.065,-17.065,173.913,173.913,SAQ,-2000.0,-2040.0,s_6/7 [3930],BASALT [3930],,,,,,,,,VOL,,,,,WR [3930] ,50.16,1.59,,14.67,,3.25,7.33,,11.8,7.24,0.22,,0.23,2.88,0.16,,0.39,0.26,,,,,,,,,,,,0.1,,,,,,,,,,,,,,,,,,,,,,,,,,,,,42.3,,310.0,164.0,,,,57.0,99.0,92.0,20.0,,,,,4.0,156.0,33.0,102.0,2.0,,,,,,,,,,,,,25.0,4.1,12.4,1.95,10.7,2.81,1.14,4.19,,5.31,,3.4,,3.22,,,,,,,,,,,,5.0,,2.0,,,,,,,,,,,,,,,,,,,,,,,,,,103380.0,
[3930],CONVERGENT MARGIN,NEW HEBRIDES ARC - VANUATU ARCHIPELAGO / NORTH FIJI BASIN / DREDGE 7,,-15.097,-15.097,173.257,173.257,SAQ,-3010.0,-4080.0,s_7/8 [3930],BASALT [3930],,,,,,,,,VOL,,,,,WR [3930] ,51.66,1.72,,14.63,,3.04,6.45,,12.22,6.97,0.23,,0.13,2.71,0.16,,0.36,0.21,,,,,,,,,,,,,,,,,,,,,,,,,,,,,,,,,,,,,,,,,45.2,,371.0,246.0,,,,80.0,126.0,113.0,20.0,,,,,2.0,131.0,40.0,91.0,3.0,,,,,,,,,,,,,38.0,3.4,10.3,1.44,9.7,3.58,1.28,4.9,,6.5,,4.58,,4.16,,,,,,,,,,,,2.0,,2.0,,,,,,,,,,,,,,,,,,,,,,,,,,103381.0,
[3930],CONVERGENT MARGIN,NEW HEBRIDES ARC - VANUATU ARCHIPELAGO / NORTH FIJI BASIN / DREDGE 10,,-15.837,-15.837,173.408,173.408,SAQ,-3583.0,-3630.0,s_10/1 [3930],BASALT [3930],,,,,,,,,VOL,,,,,WR [3930] ,49.18,1.39,,15.41,,3.21,6.44,,11.58,8.68,0.19,,0.3,2.51,0.17,,0.51,0.48,,0.03,,,,,,,,,,0.04,,,,,,,,,,,,,,,,,,,,,,,,,,,,,37.1,,269.0,400.0,,,,149.0,107.0,88.0,18.0,,,,,5.0,164.0,28.0,84.0,7.0,,,,,,,,,,,,,50.0,5.5,14.1,1.9,9.5,2.67,0.98,3.45,,4.57,,2.85,,2.66,,,,,,,,,,,,4.0,,2.0,,,,,,,,,,,,,,,,,,,,,,,,,,103382.0,
[3930],CONVERGENT MARGIN,NEW HEBRIDES ARC - VANUATU ARCHIPELAGO / NORTH FIJI BASIN / DREDGE 10,,-15.837,-15.837,173.408,173.408,SAQ,-3583.0,-3630.0,s_10/5 [3930],BASALT [3930],,,,,,,,,VOL,,,,,WR [3930] ,48.85,2.21,,15.73,,2.17,5.82,,10.16,8.49,0.17,,1.06,2.73,0.52,,1.1,0.87,,0.11,,,,,,,,,,0.06,,,,,,,,,,,,,,,,,,,,,,,,,,,,,31.7,,259.0,413.0,,,,170.0,77.0,82.0,21.0,,,,,24.0,376.0,29.0,204.0,54.0,,,,,,,,,,,,,359.0,32.7,66.1,7.41,31.8,6.11,1.93,6.11,,5.84,,3.29,,2.5,,,,,,,,,,,,2.0,,3.0,,,,,,,,,,,,,,,,,,,,,,,,,,103383.0,
[3930],CONVERGENT MARGIN,NEW HEBRIDES ARC - VANUATU ARCHIPELAGO / NORTH FIJI BASIN / DREDGE 11,,-13.285,-13.285,173.94,173.94,SAQ,-2175.0,-2300.0,s_11/4 [3930],BASALT [3930],,,,,,,,,VOL,,,,,WR [3930] ,51.71,2.77,,13.32,,3.19,9.54,,9.04,5.17,0.23,,0.62,2.73,0.36,,0.91,0.34,,0.2,,,,,,,,,,0.11,,,,,,,,,,,,,,,,,,,,,,,,,,,,,34.9,,329.0,51.0,,,,31.0,119.0,139.0,20.0,,,,,13.0,251.0,40.0,183.0,21.0,,,,,,,,,,,,,158.0,14.1,34.4,4.53,23.4,6.83,2.65,7.91,,7.98,,4.35,,3.55,,,,,,,,,,,,1.0,,6.0,,,,,,,,,,,,,,,,,,,,,,,,,,103384.0,
[3930],CONVERGENT MARGIN,NEW HEBRIDES ARC - VANUATU ARCHIPELAGO / NORTH FIJI BASIN / DREDGE 13,,-13.565,-13.565,175.902,175.902,SAQ,,-335.0,s_13/5 [3930],BASALT [3930],,,,,,,,,VOL,,,,,WR [3930] ,50.27,2.05,,17.33,,1.37,6.24,,9.98,6.9,0.17,,1.19,3.61,0.36,,0.54,0.21,,0.19,,,,,,,,,,0.04,,,,,,,,,,,,,,,,,,,,,,,,,,,,,29.8,,221.0,192.0,,,,79.0,39.0,77.0,23.0,,,,,37.0,315.0,31.0,152.0,34.0,,,,,,,,,,,,,349.0,16.5,34.0,4.17,17.8,4.5,1.57,5.01,,5.28,,3.19,,2.75,,,,,,,,,,,,5.0,,4.0,1.0,,,,,,,,,,,,,,,,,,,,,,,,,103385.0,
[3930],CONVERGENT MARGIN,NEW HEBRIDES ARC - VANUATU ARCHIPELAGO / NORTH FIJI BASIN / ROTUMA,,-12.5,-12.5,177.0,177.0,SAQ,,,s_R32 [3930],BASALT [3930],,,,,,,,,VOL,,,,,WR [3930] ,49.28,1.97,,16.64,,3.82,4.33,,10.28,8.6,0.15,,1.57,2.61,0.37,,0.41,0.16,,0.05,,,,,,,,,,,,,,,,,,,,,,,,,,,,,,,,,,,,,,,28.9,,261.0,293.0,,,,137.0,55.0,67.0,18.0,,,,,41.0,437.0,25.0,183.0,40.0,,,,,,,,,,,,,419.0,24.3,49.4,,24.2,5.1,1.7,,,,,,,2.08,0.31,,,,,,,,,,,4.0,,3.0,2.0,,,,,,,,,,,,,,,,,,,,,,,,,103386.0,
[3930],CONVERGENT MARGIN,NEW HEBRIDES ARC - VANUATU ARCHIPELAGO / NORTH FIJI BASIN / ROTUMA,,-12.5,-12.5,177.0,177.0,SAQ,,,s_R76 [3930],BASALT [3930],,,,,,,,,VOL,,,,,WR [3930] ,50.76,2.13,,16.86,,4.18,4.63,,8.14,5.32,0.12,,2.25,4.42,0.62,,0.25,0.13,,0.21,,,,,,,,,,0.01,,,,,,,,,,,,,,,,,,,,,,,,,,,,,17.1,,201.0,103.0,,,,48.0,30.0,84.0,21.0,,,,,69.0,492.0,28.0,263.0,58.0,,,,,,,,,,,,,567.0,33.7,72.9,,33.7,6.8,2.15,,,,,,,2.39,0.35,,,,,,,,,,,4.0,,6.0,3.0,,,,,,,,,,,,,,,,,,,,,,,,,103387.0,
[20462],CONVERGENT MARGIN,NEW HEBRIDES ARC - VANUATU ARCHIPELAGO / CENTRAL NEW HEBRIDES ARC / AMBRYM (=AMBRIM) / AMBRYM,"1942 ERUPTION, INTRA-CALDERA EFFUSIVE",-16.24308,-16.24308,168.13711,168.13711,SAE,,,s_AMB 42 [20462],BASALT [20462],,,,,,,,,VOL,,,,,WR [20462] ,51.08,0.95,,16.52,,,,11.03,9.11,4.38,0.67,,2.07,3.17,0.35,,,,,,,,,,,,,,,,,,,,,,,,,,,,,,9.17,1.04,,,,,,,,,,,,,28.18,5828.82,340.1,7.97,1685.41,,35.87,17.69,156.86,100.16,18.22,,,,,38.75,664.05,23.36,87.55,2.72,1.22,,,,,0.09,,,,,,1.09,430.3,12.33,25.96,3.69,16.74,4.34,1.44,4.4,0.67,3.86,0.82,2.32,,2.12,0.32,2.36,0.16,,,,,,,,,7.74,,1.75,0.6,,,,,,,,,,,,,,,,,,,,,,,,,1066783.0,
[20462],CONVERGENT MARGIN,NEW HEBRIDES ARC - VANUATU ARCHIPELAGO / CENTRAL NEW HEBRIDES ARC / AMBRYM (=AMBRIM) / AMBRYM,,-16.25206,-16.25206,168.13822,168.13822,SAE,,,s_AMB 05 [20462],BASALT [20462],,,,,,,,,VOL,,,,,WR [20462] ,50.813,0.949,,16.761,,,,10.87,9.65,4.932,0.63,,1.969,3.039,0.341,,,,,,,,,,,,,,,,,,,,,,,,,,,,,,8.94,0.99,,,,,,,,,,,,,28.59,5601.73,335.47,24.83,1583.25,,36.5,32.71,179.14,92.25,17.77,,,,,36.01,662.74,21.44,81.83,2.67,1.13,,,,,0.07,,,,,,1.01,396.19,11.39,24.19,3.42,15.4,3.99,1.33,4.05,0.61,3.53,0.74,2.08,,1.9,0.29,2.14,0.16,,,,,,,,,7.03,,1.61,0.56,,,,,,,,,,,,,,,,,,,,,,,,,1066785.0,
[20462],CONVERGENT MARGIN,NEW HEBRIDES ARC - VANUATU ARCHIPELAGO / CENTRAL NEW HEBRIDES ARC / AMBRYM (=AMBRIM) / AMBRYM,2009 ERUPTION,-16.2519,-16.2519,168.1336,168.1336,SAE,,,s_AMB 09 II [20462],BASALT [20462],,,,,,,,,VOL,,,,,WR [20462] ,51.84,1.0,,15.48,,,,11.08,8.9,4.43,0.2,,1.98,2.88,0.36,,,,,,,,,,,,,,,,,,,,,,,,,,,,,,8.97,0.98,,,,,,,,,,,,,28.44,5801.17,342.53,30.33,1507.82,,34.66,29.91,227.25,90.73,17.87,,,,,35.55,600.92,20.23,78.59,2.62,1.41,,,,,0.07,,,,,,1.1,424.5,11.03,24.15,3.45,15.73,3.98,1.32,4.02,0.61,3.53,0.74,2.08,1.15,1.92,0.29,2.27,0.13,,,,,,,,,7.52,,1.73,0.57,,,,,,,,,,,,,,,,,,,,,,,,,1066787.0,
[20462],CONVERGENT MARGIN,NEW HEBRIDES ARC - VANUATU ARCHIPELAGO / CENTRAL NEW HEBRIDES ARC / AMBRYM (=AMBRIM) / AMBRYM,2009 ERUPTION,-16.2519,-16.2519,168.1336,168.1336,SAE,,,s_AMB 09 III [20462],BASALT [20462],,,,,,,,,VOL,,,,,WR [20462] ,51.35,0.98,,15.86,,,,10.93,9.13,4.47,0.2,,2.01,3.08,0.36,,,,,,,,,,,,,,,,,,,,,,,,,,,,,,9.21,1.05,,,,,,,,,,,,,27.77,5742.51,334.75,20.83,1555.32,,34.92,29.04,236.34,93.28,17.2,,,,,36.49,617.97,21.03,78.66,2.64,1.34,,,,,0.06,,,,,,1.1,421.7,11.44,25.75,3.61,16.42,4.17,1.37,4.26,0.63,3.73,0.78,2.21,1.21,2.0,0.3,2.29,0.13,,,,,,,,,7.3,,1.76,0.61,,,,,,,,,,,,,,,,,,,,,,,,,1066788.0,
[20462],CONVERGENT MARGIN,NEW HEBRIDES ARC - VANUATU ARCHIPELAGO / CENTRAL NEW HEBRIDES ARC / AMBRYM (=AMBRIM) / AMBRYM,2009 ERUPTION,-16.2519,-16.2519,168.1336,168.1336,SAE,,,s_AMB 09 IV [20462],BASALTIC-ANDESITE [20462],,,,,,,,,VOL,,,,,WR [20462] ,52.75,1.06,,14.61,,,,11.54,7.85,4.03,0.18,,2.05,3.12,0.38,,,,,,,,,,,,,,,,,,,,,,,,,,,,,,8.76,0.97,,,,,,,,,,,,,27.76,6179.3,359.06,17.26,1419.93,,31.65,23.41,217.87,89.08,18.91,,,,,36.35,560.43,19.61,83.45,2.78,1.66,,,,,0.09,,,,,,1.19,448.89,10.72,23.58,3.32,15.12,3.79,1.28,3.84,0.59,3.39,0.71,1.99,1.1,1.86,0.28,2.39,0.12,,,,,,,,,8.23,,1.76,0.57,,,,,,,,,,,,,,,,,,,,,,,,,1066789.0,
[20462],CONVERGENT MARGIN,NEW HEBRIDES ARC - VANUATU ARCHIPELAGO / CENTRAL NEW HEBRIDES ARC / AMBRYM (=AMBRIM) / AMBRYM,"2014 ERUPTION, LAVA LAKE",-16.250101,-16.250101,168.132689,168.132689,SAE,,,s_AMB 14 [20462],BASALT [20462],,,,,,,,,VOL,,,,,WR [20462] ,50.906,0.919,,16.991,,,,10.38,9.508,4.426,0.61,,1.985,3.114,0.341,,,,,,,,,,,,,,,,,,,,,,,,,,,,,,9.06,1.0,,,,,,,,,,,,,25.75,5473.75,323.05,18.14,1527.45,,33.47,28.25,179.96,90.34,17.46,,,,,36.71,681.9,21.04,80.72,2.61,1.15,,,,,0.07,,,,,,1.03,403.48,11.44,24.56,3.43,15.43,3.96,1.33,4.03,0.61,3.5,0.74,2.08,,1.9,0.29,2.18,0.16,,,,,,,,,7.2,,1.64,0.57,,,,,,,,,,,,,,,,,,,,,,,,,1066790.0,
[4841],CONVERGENT MARGIN,NEW HEBRIDES ARC - VANUATU ARCHIPELAGO / CENTRAL NEW HEBRIDES ARC,D^ENTRECASTEAUX ZONE,-14.0,-17.0,167.0,169.0,SAE,,,s_1 [4841],BASALT [4841],,,,,,,,,VOL,,,,,WR [4841] ,49.69,0.69,,18.06,,,,10.09,11.4,5.78,0.19,,0.51,2.33,0.14,,,,,,,,,,,,,,,,,,,,,,,,,,,,,,,,,,,,,,,,,,,,37.0,,334.0,64.0,,,35.0,28.0,,,,,,,,6.0,433.0,16.4,30.0,1.2,,,,,,,,,,,,,130.0,3.2,6.3,,5.9,1.7,0.71,2.03,,2.48,,1.62,,1.58,,,,,,,,,,,,,,0.28,,,,,,,,,,,,,,,,,,,,,,,,,,108037.0,
[4841],CONVERGENT MARGIN,NEW HEBRIDES ARC - VANUATU ARCHIPELAGO / CENTRAL NEW HEBRIDES ARC,D^ENTRECASTEAUX ZONE,-14.0,-17.0,167.0,169.0,SAE,,,s_2 [4841],BASALT [4841],,,,,,,,,VOL,,,,,WR [4841] ,66.28,0.57,,15.18,,,,5.4,4.96,1.58,0.14,,1.02,4.07,0.2,,,,,,,,,,,,,,,,,,,,,,,,,,,,,,,,,,,,,,,,,,,,19.0,,75.0,2.0,,,6.0,2.0,,,,,,,,16.0,340.0,29.0,69.0,1.0,,,,,,,,,,,,,138.0,7.2,,,12.0,,1.2,,,4.6,,2.8,,2.85,,,,,,,,,,,,,,,,,,,,,,,,,,,,,,,,,,,,,,,,108038.0,
[4841],CONVERGENT MARGIN,NEW HEBRIDES ARC - VANUATU ARCHIPELAGO / CENTRAL NEW HEBRIDES ARC,D^ENTRECASTEAUX ZONE,-14.0,-17.0,167.0,169.0,SAE,,,s_3 [4841],BASALT [4841],,,,,,,,,VOL,,,,,WR [4841] ,49.5,0.66,,16.51,,,,10.02,11.84,7.13,0.19,,0.67,2.21,0.15,,,,,,,,,,,,,,,,,,,,,,,,,,,,,,,,,,,,,,,,,,,,40.0,,340.0,181.0,,,39.0,51.0,,,,,,,,9.0,456.0,17.7,36.0,1.1,,,,,,,,,,,,,229.0,4.9,13.2,,8.5,2.6,0.8,3.07,,2.83,,1.72,,1.54,,,,,,,,,,,,,,0.62,,,,,,,,,,,,,,,,,,,,,,,,,,108039.0,
[4841],CONVERGENT MARGIN,NEW HEBRIDES ARC - VANUATU ARCHIPELAGO / CENTRAL NEW HEBRIDES ARC,D^ENTRECASTEAUX ZONE,-14.0,-17.0,167.0,169.0,SAE,,,s_4 [4841],BASALT [4841],,,,,,,,,VOL,,,,,WR [4841] ,54.8,0.73,,17.55,,,,9.11,8.37,3.44,0.19,,1.25,3.29,0.27,,,,,,,,,,,,,,,,,,,,,,,,,,,,,,,,,,,,,,,,,,,,25.0,,221.0,11.0,,,30.0,10.0,,,,,,,,21.0,421.0,22.8,68.0,2.1,,,,,,,,,,,,,349.0,8.2,,,12.6,,1.05,,,4.05,,2.75,,2.39,,,,,,,,,,,,,,,,,,,,,,,,,,,,,,,,,,,,,,,,108040.0,
[4841],CONVERGENT MARGIN,NEW HEBRIDES ARC - VANUATU ARCHIPELAGO / CENTRAL NEW HEBRIDES ARC,D^ENTRECASTEAUX ZONE,-14.0,-17.0,167.0,169.0,SAE,,,s_5 [4841],BASALT [4841],,,,,,,,,VOL,,,,,WR [4841] ,63.43,0.64,,15.5,,,,6.57,5.82,2.11,0.15,,1.09,3.77,0.2,,,,,,,,,,,,,,,,,,,,,,,,,,,,,,,,,,,,,,,,,,,,21.0,,125.0,2.0,,,11.0,2.0,,,,,,,,17.0,386.0,27.0,66.0,0.8,,,,,,,,,,,,,124.0,7.2,,,13.5,,1.05,,,4.3,,2.9,,2.55,,,,,,,,,,,,,,,,,,,,,,,,,,,,,,,,,,,,,,,,108041.0,
[4841],CONVERGENT MARGIN,NEW HEBRIDES ARC - VANUATU ARCHIPELAGO / CENTRAL NEW HEBRIDES ARC,D^ENTRECASTEAUX ZONE,-14.0,-17.0,167.0,169.0,SAE,,,s_6 [4841],BASALT [4841],,,,,,,,,VOL,,,,,WR [4841] ,49.83,0.73,,16.57,,,,10.29,11.09,6.64,0.19,,0.9,2.4,0.2,,,,,,,,,,,,,,,,,,,,,,,,,,,,,,,,,,,,,,,,,,,,37.0,,339.0,156.0,,,41.0,57.0,,,,,,,,17.0,489.0,18.1,50.0,1.5,,,,,,,,,,,,,241.0,7.0,18.9,,10.4,3.0,0.9,3.23,,2.9,,1.8,,1.65,,,,,,,,,,,,,,1.71,,,,,,,,,,,,,,,,,,,,,,,,,,108042.0,
[4841],CONVERGENT MARGIN,NEW HEBRIDES ARC - VANUATU ARCHIPELAGO / CENTRAL NEW HEBRIDES ARC,D^ENTRECASTEAUX ZONE,-14.0,-17.0,167.0,169.0,SAE,,,s_7 [4841],BASALT [4841],,,,,,,,,VOL,,,,,WR [4841] ,54.56,0.87,,15.91,,,,10.23,8.35,3.69,0.23,,1.31,3.42,0.3,,,,,,,,,,,,,,,,,,,,,,,,,,,,,,,,,,,,,,,,,,,,30.0,,248.0,14.0,,,30.0,12.0,,,,,,,,16.0,400.0,27.5,79.0,2.3,,,,,,,,,,,,,412.0,10.4,,,15.0,,1.4,,,4.5,,2.9,,2.6,,,,,,,,,,,,,,,,,,,,,,,,,,,,,,,,,,,,,,,,108043.0,
[4841],CONVERGENT MARGIN,NEW HEBRIDES ARC - VANUATU ARCHIPELAGO / CENTRAL NEW HEBRIDES ARC,D^ENTRECASTEAUX ZONE,-14.0,-17.0,167.0,169.0,SAE,,,s_8 [4841],BASALT [4841],,,,,,,,,VOL,,,,,WR [4841] ,49.26,0.72,,16.35,,,,10.35,11.51,6.78,0.2,,1.05,2.42,0.22,,,,,,,,,,,,,,,,,,,,,,,,,,,,,,,,,,,,,,,,,,,,35.0,,331.0,180.0,,,42.0,62.0,,,,,,,,17.0,555.0,16.5,47.0,1.3,,,,,,,,,,,,,258.0,7.8,19.0,,11.7,3.0,0.94,3.14,,2.82,,1.67,,1.49,,,,,,,,,,,,,,1.17,,,,,,,,,,,,,,,,,,,,,,,,,,108044.0,
[4841],CONVERGENT MARGIN,NEW HEBRIDES ARC - VANUATU ARCHIPELAGO / CENTRAL NEW HEBRIDES ARC,D^ENTRECASTEAUX ZONE,-14.0,-17.0,167.0,169.0,SAE,,,s_9 [4841],BASALT [4841],,,,,,,,,VOL,,,,,WR [4841] ,48.46,0.79,,18.52,,,,10.73,11.02,5.56,0.21,,0.85,2.47,0.19,,,,,,,,,,,,,,,,,,,,,,,,,,,,,,,,,,,,,,,,,,,,30.0,,356.0,34.0,,,37.0,27.0,,,,,,,,11.0,932.0,19.5,40.0,1.4,,,,,,,,,,,,,189.0,6.9,,,12.7,,1.01,,,3.13,,1.93,,1.63,,,,,,,,,,,,,,,,,,,,,,,,,,,,,,,,,,,,,,,,108045.0,
[4841],CONVERGENT MARGIN,NEW HEBRIDES ARC - VANUATU ARCHIPELAGO / CENTRAL NEW HEBRIDES ARC,D^ENTRECASTEAUX ZONE,-14.0,-17.0,167.0,169.0,SAE,,,s_10 [4841],BASALT [4841],,,,,,,,,VOL,,,,,WR [4841] ,50.28,0.8,,18.42,,,,9.86,10.72,4.63,0.22,,0.99,2.78,0.2,,,,,,,,,,,,,,,,,,,,,,,,,,,,,,,,,,,,,,,,,,,,25.0,,436.0,18.0,,,34.0,16.0,,,,,,,,14.0,940.0,18.4,46.0,1.5,,,,,,,,,,,,,345.0,8.6,19.0,,13.5,3.2,1.17,3.2,,3.16,,1.84,,1.67,,,,,,,,,,,,,,1.27,,,,,,,,,,,,,,,,,,,,,,,,,,108046.0,
[4841],CONVERGENT MARGIN,NEW HEBRIDES ARC - VANUATU ARCHIPELAGO / CENTRAL NEW HEBRIDES ARC,D^ENTRECASTEAUX ZONE,-14.0,-17.0,167.0,169.0,SAE,,,s_11 [4841],BASALT [4841],,,,,,,,,VOL,,,,,WR [4841] ,49.56,0.82,,15.42,,,,10.19,11.02,7.56,0.2,,1.22,2.62,0.25,,,,,,,,,,,,,,,,,,,,,,,,,,,,,,,,,,,,,,,,,,,,33.0,,360.0,196.0,,,37.0,86.0,,,,,,,,19.0,663.0,19.3,61.0,1.9,,,,,,,,,,,,,372.0,11.8,26.6,,16.1,3.8,1.18,3.84,,3.36,,1.97,,1.8,,,,,,,,,,,,,,1.84,,,,,,,,,,,,,,,,,,,,,,,,,,108047.0,
[4841],CONVERGENT MARGIN,NEW HEBRIDES ARC - VANUATU ARCHIPELAGO / CENTRAL NEW HEBRIDES ARC,D^ENTRECASTEAUX ZONE,-14.0,-17.0,167.0,169.0,SAE,,,s_12 [4841],BASALT [4841],,,,,,,,,VOL,,,,,WR [4841] ,54.14,0.65,,18.7,,,,8.89,9.88,3.11,0.16,,0.66,2.63,0.15,,,,,,,,,,,,,,,,,,,,,,,,,,,,,,,,,,,,,,,,,,,,28.0,,320.0,17.0,,,22.0,13.0,,,,,,,,9.0,562.0,16.1,41.0,1.1,,,,,,,,,,,,,110.0,10.2,,,14.0,,0.95,,,2.6,,1.9,,1.6,,,,,,,,,,,,,,,,,,,,,,,,,,,,,,,,,,,,,,,,108048.0,
[4841],CONVERGENT MARGIN,NEW HEBRIDES ARC - VANUATU ARCHIPELAGO / CENTRAL NEW HEBRIDES ARC,D^ENTRECASTEAUX ZONE,-14.0,-17.0,167.0,169.0,SAE,,,s_13 [4841],BASALT [4841],,,,,,,,,VOL,,,,,WR [4841] ,49.11,0.77,,14.26,,,,10.18,11.27,9.12,0.2,,1.28,2.43,0.25,,,,,,,,,,,,,,,,,,,,,,,,,,,,,,,,,,,,,,,,,,,,34.0,,352.0,288.0,,,43.0,127.0,,,,,,,,21.0,688.0,17.3,56.0,1.5,,,,,,,,,,,,,395.0,12.2,29.5,,16.2,4.0,1.1,3.8,,2.93,,1.77,,1.62,,,,,,,,,,,,,,2.08,,,,,,,,,,,,,,,,,,,,,,,,,,108049.0,
[4841],CONVERGENT MARGIN,NEW HEBRIDES ARC - VANUATU ARCHIPELAGO / CENTRAL NEW HEBRIDES ARC,D^ENTRECASTEAUX ZONE,-14.0,-17.0,167.0,169.0,SAE,,,s_14 [4841],BASALT [4841],,,,,,,,,VOL,,,,,WR [4841] ,48.67,0.68,,12.8,,,,10.12,10.53,12.17,0.19,,1.32,2.14,0.26,,,,,,,,,,,,,,,,,,,,,,,,,,,,,,,,,,,,,,,,,,,,32.0,,302.0,463.0,,,51.0,220.0,,,,,,,,25.0,656.0,16.1,53.0,1.5,,,,,,,,,,,,,373.0,12.3,24.2,,16.1,3.3,1.12,3.08,,2.83,,1.62,,1.47,,,,,,,,,,,,,,1.78,,,,,,,,,,,,,,,,,,,,,,,,,,108050.0,
[4841],CONVERGENT MARGIN,NEW HEBRIDES ARC - VANUATU ARCHIPELAGO / CENTRAL NEW HEBRIDES ARC,D^ENTRECASTEAUX ZONE,-14.0,-17.0,167.0,169.0,SAE,,,s_15 [4841],BASALT [4841],,,,,,,,,VOL,,,,,WR [4841] ,54.85,0.89,,15.97,,,,9.95,8.25,3.53,0.23,,1.55,3.37,0.3,,,,,,,,,,,,,,,,,,,,,,,,,,,,,,,,,,,,,,,,,,,,30.0,,245.0,15.0,,,31.0,13.0,,,,,,,,24.0,398.0,31.0,139.0,5.1,,,,,,,,,,,,,420.0,23.5,,,27.5,,1.25,,,5.0,,3.5,,2.9,,,,,,,,,,,,,,,,,,,,,,,,,,,,,,,,,,,,,,,,108051.0,
[4841],CONVERGENT MARGIN,NEW HEBRIDES ARC - VANUATU ARCHIPELAGO / CENTRAL NEW HEBRIDES ARC,D^ENTRECASTEAUX ZONE,-14.0,-17.0,167.0,169.0,SAE,,,s_16 [4841],BASALT [4841],,,,,,,,,VOL,,,,,WR [4841] ,48.7,0.74,,13.13,,,,10.75,11.24,10.36,0.21,,1.31,2.1,0.26,,,,,,,,,,,,,,,,,,,,,,,,,,,,,,,,,,,,,,,,,,,,36.0,,330.0,333.0,,,53.0,154.0,,,,,,,,19.0,694.0,16.9,58.0,1.6,,,,,,,,,,,,,390.0,13.4,29.0,,17.7,4.2,1.3,3.83,,2.92,,1.6,,1.43,,,,,,,,,,,,,,1.95,,,,,,,,,,,,,,,,,,,,,,,,,,108052.0,
[4841],CONVERGENT MARGIN,NEW HEBRIDES ARC - VANUATU ARCHIPELAGO / CENTRAL NEW HEBRIDES ARC,D^ENTRECASTEAUX ZONE,-14.0,-17.0,167.0,169.0,SAE,,,s_17 [4841],BASALT [4841],,,,,,,,,VOL,,,,,WR [4841] ,54.83,0.82,,16.65,,,,10.47,8.54,3.27,0.19,,0.98,2.84,0.25,,,,,,,,,,,,,,,,,,,,,,,,,,,,,,,,,,,,,,,,,,,,31.0,,350.0,10.0,,,26.0,10.0,,,,,,,,13.0,643.0,20.0,63.0,1.6,,,,,,,,,,,,,167.0,17.0,,,21.0,,1.35,,,3.0,,2.3,,1.8,,,,,,,,,,,,,,,,,,,,,,,,,,,,,,,,,,,,,,,,108053.0,
[4841],CONVERGENT MARGIN,NEW HEBRIDES ARC - VANUATU ARCHIPELAGO / CENTRAL NEW HEBRIDES ARC,D^ENTRECASTEAUX ZONE,-14.0,-17.0,167.0,169.0,SAE,,,s_18 [4841],BASALT [4841],,,,,,,,,VOL,,,,,WR [4841] ,48.47,0.78,,13.7,,,,10.79,11.52,8.85,0.22,,1.56,2.58,0.33,,,,,,,,,,,,,,,,,,,,,,,,,,,,,,,,,,,,,,,,,,,,34.0,,336.0,245.0,,,47.0,102.0,,,,,,,,28.0,854.0,16.9,64.0,1.7,,,,,,,,,,,,,470.0,15.7,28.0,,20.0,3.6,1.37,3.38,,3.16,,1.64,,1.47,,,,,,,,,,,,,,1.9,,,,,,,,,,,,,,,,,,,,,,,,,,108054.0,
[4841],CONVERGENT MARGIN,NEW HEBRIDES ARC - VANUATU ARCHIPELAGO / CENTRAL NEW HEBRIDES ARC,D^ENTRECASTEAUX ZONE,-14.0,-17.0,167.0,169.0,SAE,,,s_19 [4841],BASALT [4841],,,,,,,,,VOL,,,,,WR [4841] ,49.06,0.8,,13.34,,,,10.86,12.39,8.53,0.21,,0.74,2.39,0.47,,,,,,,,,,,,,,,,,,,,,,,,,,,,,,,,,,,,,,,,,,,,38.0,,335.0,305.0,,,45.0,80.0,,,,,,,,6.0,840.0,18.0,87.0,2.1,,,,,,,,,,,,,483.0,19.5,,,26.0,,1.75,,,3.5,,1.8,,1.5,,,,,,,,,,,,,,,,,,,,,,,,,,,,,,,,,,,,,,,,108055.0,
[4841],CONVERGENT MARGIN,NEW HEBRIDES ARC - VANUATU ARCHIPELAGO / CENTRAL NEW HEBRIDES ARC,D^ENTRECASTEAUX ZONE,-14.0,-17.0,167.0,169.0,SAE,,,s_20 [4841],BASALT [4841],,,,,,,,,VOL,,,,,WR [4841] ,54.09,1.31,,14.9,,,,11.52,8.68,4.35,0.22,,0.35,3.18,0.12,,,,,,,,,,,,,,,,,,,,,,,,,,,,,,,,,,,,,,,,,,,,42.0,,460.0,4.0,,,28.0,9.0,,,,,,,,5.0,295.0,29.0,60.0,1.0,,,,,,,,,,,,,30.0,3.7,,,10.0,,1.2,,,4.5,,3.1,,2.75,,,,,,,,,,,,,,,,,,,,,,,,,,,,,,,,,,,,,,,,108056.0,
[4841],CONVERGENT MARGIN,NEW HEBRIDES ARC - VANUATU ARCHIPELAGO / CENTRAL NEW HEBRIDES ARC,D^ENTRECASTEAUX ZONE,-14.0,-17.0,167.0,169.0,SAE,,,s_21 [4841],BASALT [4841],,,,,,,,,VOL,,,,,WR [4841] ,52.22,1.05,,16.21,,,,10.74,10.27,5.07,0.21,,0.26,2.69,0.08,,,,,,,,,,,,,,,,,,,,,,,,,,,,,,,,,,,,,,,,,,,,42.0,,330.0,30.0,,,30.0,15.0,,,,,,,,5.0,284.0,23.0,41.0,0.9,,,,,,,,,,,,,50.0,3.0,,,7.5,,0.95,,,3.6,,2.5,,2.2,,,,,,,,,,,,,,,,,,,,,,,,,,,,,,,,,,,,,,,,108057.0,
[4841],CONVERGENT MARGIN,NEW HEBRIDES ARC - VANUATU ARCHIPELAGO / CENTRAL NEW HEBRIDES ARC,D^ENTRECASTEAUX ZONE,-14.0,-17.0,167.0,169.0,SAE,,,s_22 [4841],BASALT [4841],,,,,,,,,VOL,,,,,WR [4841] ,51.86,1.06,,16.56,,,,11.55,9.03,4.09,0.23,,0.96,3.21,0.17,,,,,,,,,,,,,,,,,,,,,,,,,,,,,,,,,,,,,,,,,,,,,,,,,,,,,,,,,,,16.0,416.0,29.0,73.0,2.6,,,,,,,,,,,,,310.0,8.3,,,13.4,,1.18,,,4.44,,3.05,,2.84,,,,,,,,,,,,,,,,,,,,,,,,,,,,,,,,,,,,,,,,108058.0,
[4841],CONVERGENT MARGIN,NEW HEBRIDES ARC - VANUATU ARCHIPELAGO / CENTRAL NEW HEBRIDES ARC,D^ENTRECASTEAUX ZONE,-14.0,-17.0,167.0,169.0,SAE,,,s_23 [4841],BASALT [4841],,,,,,,,,VOL,,,,,WR [4841] ,49.59,1.19,,14.91,,,,10.78,10.92,7.61,0.22,,0.94,2.39,0.25,,,,,,,,,,,,,,,,,,,,,,,,,,,,,,,,,,,,,,,,,,,,38.0,,361.0,195.0,,,33.0,74.0,,,,,,,,16.0,479.0,28.0,88.0,5.0,,,,,,,,,,,,,320.0,12.0,,,17.6,,1.42,,,4.88,,2.94,,2.69,,,,,,,,,,,,,,,,,,,,,,,,,,,,,,,,,,,,,,,,108059.0,
[4841],CONVERGENT MARGIN,NEW HEBRIDES ARC - VANUATU ARCHIPELAGO / CENTRAL NEW HEBRIDES ARC,D^ENTRECASTEAUX ZONE,-14.0,-17.0,167.0,169.0,SAE,,,s_24 [4841],BASALT [4841],,,,,,,,,VOL,,,,,WR [4841] ,47.5,1.12,,17.63,,,,11.81,11.23,5.28,0.22,,0.63,2.85,0.39,,,,,,,,,,,,,,,,,,,,,,,,,,,,,,,,,,,,,,,,,,,,28.0,,474.0,31.0,,,43.0,17.0,,,,,,,,7.0,972.0,23.1,37.0,2.1,,,,,,,,,,,,,,6.7,,,,,1.0,,,,,,,1.42,,,,,,,,,,,,,,,,,,,,,,,,,,,,,,,,,,,,,,,,108060.0,
[4841],CONVERGENT MARGIN,NEW HEBRIDES ARC - VANUATU ARCHIPELAGO / CENTRAL NEW HEBRIDES ARC,D^ENTRECASTEAUX ZONE,-14.0,-17.0,167.0,169.0,SAE,,,s_25 [4841],BASALT [4841],,,,,,,,,VOL,,,,,WR [4841] ,48.6,1.29,,15.94,,,,10.87,11.31,6.25,0.21,,1.33,2.63,0.35,,,,,,,,,,,,,,,,,,,,,,,,,,,,,,,,,,,,,,,,,,,,37.0,,427.0,107.0,,,31.0,49.0,,,,,,,,23.0,645.0,32.1,108.0,7.3,,,,,,,,,,,,,412.0,16.6,,,22.9,,1.66,,,5.34,,3.17,,2.87,,,,,,,,,,,,,,,,,,,,,,,,,,,,,,,,,,,,,,,,108061.0,
[4841],CONVERGENT MARGIN,NEW HEBRIDES ARC - VANUATU ARCHIPELAGO / CENTRAL NEW HEBRIDES ARC,D^ENTRECASTEAUX ZONE,-14.0,-17.0,167.0,169.0,SAE,,,s_26 [4841],BASALT [4841],,,,,,,,,VOL,,,,,WR [4841] ,63.79,0.53,,14.93,,,,5.67,6.01,3.24,0.1,,1.01,3.99,0.1,,,,,,,,,,,,,,,,,,,,,,,,,,,,,,,,,,,,,,,,,,,,22.0,,163.0,51.0,,,14.0,17.0,,,,,,,,13.0,338.0,16.3,100.0,1.5,,,,,,,,,,,,,133.0,9.9,,,13.1,,0.91,,,2.54,,1.84,,1.62,,,,,,,,,,,,,,,,,,,,,,,,,,,,,,,,,,,,,,,,108062.0,
[4841],CONVERGENT MARGIN,NEW HEBRIDES ARC - VANUATU ARCHIPELAGO / CENTRAL NEW HEBRIDES ARC,D^ENTRECASTEAUX ZONE,-14.0,-17.0,167.0,169.0,SAE,,,s_27 [4841],BASALT [4841],,,,,,,,,VOL,,,,,WR [4841] ,62.0,0.46,,15.41,,,,5.49,6.61,4.55,0.1,,1.01,3.67,0.09,,,,,,,,,,,,,,,,,,,,,,,,,,,,,,,,,,,,,,,,,,,,22.0,,158.0,124.0,,,18.0,55.0,,,,,,,,15.0,371.0,12.5,78.0,1.3,,,,,,,,,,,,,127.0,7.4,,,11.4,,0.75,,,1.98,,1.54,,1.25,,,,,,,,,,,,,,,,,,,,,,,,,,,,,,,,,,,,,,,,108063.0,
[4841],CONVERGENT MARGIN,NEW HEBRIDES ARC - VANUATU ARCHIPELAGO / CENTRAL NEW HEBRIDES ARC,D^ENTRECASTEAUX ZONE,-14.0,-17.0,167.0,169.0,SAE,,,s_28 [4841],BASALT [4841],,,,,,,,,VOL,,,,,WR [4841] ,59.54,0.6,,15.54,,,,6.52,7.69,4.85,0.12,,0.85,3.43,0.12,,,,,,,,,,,,,,,,,,,,,,,,,,,,,,,,,,,,,,,,,,,,29.0,,221.0,127.0,,,19.0,39.0,,,,,,,,13.0,445.0,13.7,68.0,1.4,,,,,,,,,,,,,95.0,9.2,,,13.1,,0.93,,,2.25,,1.68,,1.3,,,,,,,,,,,,,,,,,,,,,,,,,,,,,,,,,,,,,,,,108064.0,
[4841],CONVERGENT MARGIN,NEW HEBRIDES ARC - VANUATU ARCHIPELAGO / CENTRAL NEW HEBRIDES ARC,D^ENTRECASTEAUX ZONE,-14.0,-17.0,167.0,169.0,SAE,,,s_29 [4841],BASALT [4841],,,,,,,,,VOL,,,,,WR [4841] ,69.21,0.52,,14.35,,,,3.82,3.22,1.17,0.09,,1.29,5.82,0.1,,,,,,,,,,,,,,,,,,,,,,,,,,,,,,,,,,,,,,,,,,,,13.0,,50.0,2.0,,,3.0,5.0,,,,,,,,11.0,320.0,19.0,119.0,1.8,,,,,,,,,,,,,155.0,13.2,,,19.0,,1.15,,,3.0,,2.2,,1.75,,,,,,,,,,,,,,,,,,,,,,,,,,,,,,,,,,,,,,,,108065.0,
[4841],CONVERGENT MARGIN,NEW HEBRIDES ARC - VANUATU ARCHIPELAGO / CENTRAL NEW HEBRIDES ARC,D^ENTRECASTEAUX ZONE,-14.0,-17.0,167.0,169.0,SAE,,,s_30 [4841],BASALT [4841],,,,,,,,,VOL,,,,,WR [4841] ,54.88,0.59,,14.19,,,,7.59,9.6,8.72,0.15,,0.74,2.6,0.1,,,,,,,,,,,,,,,,,,,,,,,,,,,,,,,,,,,,,,,,,,,,33.0,,235.0,339.0,,,33.0,128.0,,,,,,,,11.0,345.0,13.3,54.0,2.4,,,,,,,,,,,,,153.0,9.2,,,9.0,,0.8,,,2.3,,1.5,,1.2,,,,,,,,,,,,,,,,,,,,,,,,,,,,,,,,,,,,,,,,108066.0,
[4841],CONVERGENT MARGIN,NEW HEBRIDES ARC - VANUATU ARCHIPELAGO / CENTRAL NEW HEBRIDES ARC,D^ENTRECASTEAUX ZONE,-14.0,-17.0,167.0,169.0,SAE,,,s_31 [4841],BASALT [4841],,,,,,,,,VOL,,,,,WR [4841] ,55.52,0.62,,13.8,,,,7.54,8.87,8.65,0.15,,1.09,2.76,0.16,,,,,,,,,,,,,,,,,,,,,,,,,,,,,,,,,,,,,,,,,,,,31.0,,245.0,327.0,,,32.0,152.0,,,,,,,,16.0,418.0,15.6,84.0,2.6,,,,,,,,,,,,,121.0,14.3,,,17.0,,1.0,,,2.7,,1.85,,1.43,,,,,,,,,,,,,,,,,,,,,,,,,,,,,,,,,,,,,,,,108067.0,
[4841],CONVERGENT MARGIN,NEW HEBRIDES ARC - VANUATU ARCHIPELAGO / CENTRAL NEW HEBRIDES ARC,D^ENTRECASTEAUX ZONE,-14.0,-17.0,167.0,169.0,SAE,,,s_32 [4841],BASALT [4841],,,,,,,,,VOL,,,,,WR [4841] ,61.8,0.45,,15.16,,,,5.7,6.91,4.47,0.11,,0.99,3.66,0.1,,,,,,,,,,,,,,,,,,,,,,,,,,,,,,,,,,,,,,,,,,,,23.0,,150.0,94.0,,,18.0,30.0,,,,,,,,12.0,597.0,13.3,99.0,1.4,,,,,,,,,,,,,103.0,12.8,,,19.0,,1.15,,,2.2,,1.6,,1.25,,,,,,,,,,,,,,,,,,,,,,,,,,,,,,,,,,,,,,,,108068.0,
[4841],CONVERGENT MARGIN,NEW HEBRIDES ARC - VANUATU ARCHIPELAGO / CENTRAL NEW HEBRIDES ARC,D^ENTRECASTEAUX ZONE,-14.0,-17.0,167.0,169.0,SAE,,,s_33 [4841],BASALT [4841],,,,,,,,,VOL,,,,,WR [4841] ,55.05,0.78,,14.02,,,,7.67,8.13,7.83,0.14,,1.92,3.21,0.41,,,,,,,,,,,,,,,,,,,,,,,,,,,,,,,,,,,,,,,,,,,,28.0,,270.0,260.0,,,25.0,93.0,,,,,,,,33.0,684.0,27.0,188.0,3.5,,,,,,,,,,,,,161.0,40.0,,,55.0,,2.7,,,4.8,,2.8,,2.05,,,,,,,,,,,,,,,,,,,,,,,,,,,,,,,,,,,,,,,,108069.0,
[4890],CONVERGENT MARGIN,NEW HEBRIDES ARC - VANUATU ARCHIPELAGO / CENTRAL NEW HEBRIDES ARC / VANIKORO,"JEAN CHARCOT TROUGHS, DUFF RIDGE (EASTERN LIMIT OF JCT)",-12.2716,-12.2783,167.863,167.8783,SAQ,-1930.0,-2165.0,s_VAN7M2 [4890],THOLEIITIC BASALT [4890],,,,,,,,,VOL,,,F,,WR [4890] ,47.0,1.36,,17.6,,1.56,7.96,,12.22,8.3,0.14,,0.11,3.2,0.05,,-0.08,0.24,,,,,,,,,,,,,,,,,,,,,,,,,,,,,,,,,,,,,,,,,34.6,,167.0,255.0,,,49.3,159.0,,,,,,,,1.1,297.0,26.5,76.0,1.5,,,,,,,,,0.02,,,0.05,7.6,2.7,9.0,,8.0,2.6,1.1,,0.58,4.0,,2.8,,2.5,,1.9,0.053,,,,,,,,,,,0.35,0.2,,,,,,,,,,,,,,,,,,,,,,,,,109347.0,
[4890],CONVERGENT MARGIN,NEW HEBRIDES ARC - VANUATU ARCHIPELAGO / CENTRAL NEW HEBRIDES ARC / VANIKORO,"JEAN CHARCOT TROUGHS, DUFF RIDGE (EASTERN LIMIT OF JCT)",-12.2716,-12.2783,167.863,167.8783,SAQ,-1930.0,-2165.0,s_VAN7M3 [4890],THOLEIITIC BASALT [4890],,,,,,,,,VOL,,,F,,WR [4890] ,48.2,1.27,,17.39,,1.43,7.3,,12.11,8.87,0.16,,0.09,3.04,0.02,,-0.14,0.11,,,,,,,,,,,,,,,,,,,,,,,,,,,,,,,,,,,,,,,,,,,218.0,238.0,,,50.0,159.0,,,,,,,,2.0,180.0,27.0,75.0,1.5,,,,,,,,,,,,,20.0,2.5,9.5,,8.0,,1.05,,,4.2,,2.6,,2.55,,,,,,,,,,,,,,,,,,,,,,,,,,,,,,,,,,,,,,,,109348.0,
[4890],CONVERGENT MARGIN,NEW HEBRIDES ARC - VANUATU ARCHIPELAGO / CENTRAL NEW HEBRIDES ARC / VANIKORO,"JEAN CHARCOT TROUGHS, CENTRAL VOLCANIC COMPLEX",-12.2483,-12.255,168.6416,168.6466,SAQ,-100.0,-1400.0,s_VAN2M1 [4890],DACITE [4890],,,,,,,,,VOL,,,F,,WR [4890] ,49.0,1.25,,16.43,,1.57,7.99,,12.51,6.96,0.15,,0.31,3.0,0.05,,0.11,0.1,,,,,,,,,,,,,,,,,,,,,,,,,,,,,,,,,,,,,,,,,39.9,,265.0,148.0,,,36.8,51.0,,,,,,,,4.0,288.0,22.0,51.0,2.2,,,,,,,,,0.02,,,0.06,54.2,4.0,11.0,,8.0,2.3,1.0,,0.53,3.4,,2.3,,2.1,,1.5,0.12,,,,,,,,,,,0.34,0.17,,,,,,,,,,,,,,,,,,,,,,,,,109349.0,
[4890],CONVERGENT MARGIN,NEW HEBRIDES ARC - VANUATU ARCHIPELAGO / CENTRAL NEW HEBRIDES ARC / VANIKORO,"JEAN CHARCOT TROUGHS, CENTRAL VOLCANIC COMPLEX",-12.2483,-12.255,168.6416,168.6466,SAQ,-100.0,-1400.0,s_VAN2M5 [4890],DACITE [4890],,,,,,,,,VOL,,,F,,WR [4890] ,49.0,1.15,,16.5,,1.52,7.76,,12.4,8.55,0.14,,0.28,2.3,0.05,,0.12,0.14,,,,,,,,,,,,,,,,,,,,,,,,,,,,,,,,,,,,,,,,,216.0,,274.0,41.7,,,115.0,,,,,,,,,2.0,314.0,20.0,45.0,1.8,,,,,,,,,0.01,,,0.05,40.6,3.8,8.0,,7.0,2.3,0.85,,3.0,2.1,,1.85,,1.95,37.3,1.2,0.094,,,,,,,,,,,0.32,0.12,,,,,,,,,,,,,,,,,,,,,,,,,109350.0,
[4890],CONVERGENT MARGIN,NEW HEBRIDES ARC - VANUATU ARCHIPELAGO / CENTRAL NEW HEBRIDES ARC / VANIKORO,"JEAN CHARCOT TROUGHS,  CENTRAL VOLCANIC COMPLEX",-12.1816,-12.225,167.6766,167.7016,SAQ,-900.0,-1350.0,s_VAN3M4 [4890],DACITE [4890],,,,,,,,,VOL,,,F,,WR [4890] ,49.4,1.01,,15.78,,1.46,7.44,,12.15,7.15,0.2,,0.15,2.8,0.1,,0.25,0.23,,,,,,,,,,,,,,,,,,,,,,,,,,,,,,,,,,,,,,,,,38.6,,234.0,150.0,,,38.6,53.0,,,,,2.84,,,1.26,251.0,24.5,51.0,2.3,,,,,,,,,0.087,,,0.049,35.3,3.8,10.0,,8.0,2.39,0.95,,0.514,3.8,,2.8,,2.25,,1.59,0.13,,,,,,,,,,,0.348,0.25,,,,,,,,,,,,,,,,,,,,,,,,,109351.0,
[4890],CONVERGENT MARGIN,NEW HEBRIDES ARC - VANUATU ARCHIPELAGO / CENTRAL NEW HEBRIDES ARC / VANIKORO,"JEAN CHARCOT TROUGHS,  CENTRAL VOLCANIC COMPLEX",-12.1466,-12.151,167.808,167.813,SAQ,-1650.0,-1850.0,s_VAN5M5 [4890],DACITE [4890],,,,,,,,,VOL,,,F,,WR [4890] ,49.5,0.85,,16.65,,1.52,7.76,,13.05,7.35,0.16,,0.31,2.44,0.05,,0.03,0.11,,,,,,,,,,,,,,,,,,,,,,,,,,,,,,,,,,,,,,,,,38.4,,196.0,141.0,,,38.1,52.0,,,,,,,,3.4,295.0,18.0,42.0,1.8,,,,,,,,,0.05,,,0.11,42.0,3.1,9.0,,6.0,1.8,0.8,,0.39,2.8,,1.6,,1.65,,1.2,0.079,,,,,,,,,,,0.23,0.06,,,,,,,,,,,,,,,,,,,,,,,,,109352.0,
[4890],CONVERGENT MARGIN,NEW HEBRIDES ARC - VANUATU ARCHIPELAGO / CENTRAL NEW HEBRIDES ARC / VANIKORO,"JEAN CHARCOT TROUGHS,  CENTRAL VOLCANIC COMPLEX",-12.1466,-12.151,167.808,167.813,SAQ,-1650.0,-1850.0,s_VAN5M1 [4890],DACITE [4890],,,,,,,,,VOL,,,F,,WR [4890] ,50.15,0.79,,16.53,,1.37,6.99,,12.83,7.51,0.16,,0.32,2.33,0.05,,0.42,0.19,,,,,,,,,,,,,,,,,,,,,,,,,,,,,,,,,,,,,,,,,,,243.0,144.0,,,34.0,48.0,,,,,,,,4.0,227.0,18.0,41.0,2.0,,,,,,,,,,,,,60.0,3.0,10.0,,6.0,,0.75,,,2.8,,2.0,,1.7,,,,,,,,,,,,,,,,,,,,,,,,,,,,,,,,,,,,,,,,109353.0,
[4890],CONVERGENT MARGIN,NEW HEBRIDES ARC - VANUATU ARCHIPELAGO / CENTRAL NEW HEBRIDES ARC / VANIKORO,"JEAN CHARCOT TROUGHS, DUFF RIDGE (EASTERN LIMIT OF JCT)",-12.245,-12.263,167.838,167.85,SAQ,-2120.0,-2450.0,s_VAN6M1 [4890],ANDESITE [4890],,,,,,,,,VOL,,,F,,WR [4890] ,50.8,1.03,,16.9,,1.67,8.53,,10.8,5.18,0.16,,0.61,3.02,0.1,,0.49,0.27,,,,,,,,,,,,,,,,,,,,,,,,,,,,,,,,,,,,,,,,,34.0,,258.0,26.0,,,32.2,26.0,,,,,1.1,,,7.6,291.0,23.0,63.0,2.7,,,,,,,,,0.07,,,0.17,78.0,5.8,13.0,,10.0,2.8,1.05,,0.51,3.4,,2.2,,2.1,,1.8,0.14,,,,,,,,,,,0.52,0.26,,,,,,,,,,,,,,,,,,,,,,,,,109354.0,
[4890],CONVERGENT MARGIN,NEW HEBRIDES ARC - VANUATU ARCHIPELAGO / CENTRAL NEW HEBRIDES ARC / VANIKORO,"JEAN CHARCOT TROUGHS,  CENTRAL VOLCANIC COMPLEX",-12.1466,-12.151,167.808,167.813,SAQ,-1650.0,-1850.0,s_VAN5M4 [4890],DACITE [4890],,,,,,,,,VOL,,,F,,WR [4890] ,51.1,0.76,,15.9,,1.39,7.08,,12.11,7.15,0.16,,0.28,2.3,0.05,,0.13,0.18,,,,,,,,,,,,,,,,,,,,,,,,,,,,,,,,,,,,,,,,,37.8,,240.0,153.0,,,37.3,48.0,,,,,0.44,,,3.0,288.0,18.0,43.0,1.2,,,,,,,,,0.037,,,0.11,45.8,2.7,10.0,,6.5,1.77,0.75,,0.366,2.8,,1.8,,1.75,,1.15,0.073,,,,,,,,,,,0.237,0.103,,,,,,,,,,,,,,,,,,,,,,,,,109355.0,
[4890],CONVERGENT MARGIN,NEW HEBRIDES ARC - VANUATU ARCHIPELAGO / CENTRAL NEW HEBRIDES ARC / VANIKORO,"JEAN CHARCOT TROUGHS, CENTRAL VOLCANIC COMPLEX, STATION 33",-12.1766,-12.1766,167.7216,167.7833,SAQ,-1658.0,-2038.0,s_VAN3321 [4890],BASALT [4890],,,,,,,,,VOL,,,F,,WR [4890] ,49.28,0.55,,18.01,,9.02,,,13.7,7.11,0.17,,0.28,1.74,0.1,,,,,,,,,,,,,,,,,,,,,,,,,,,,,,,,,,,,,,,,,,,,,,240.0,61.0,,,,52.0,,,,,,,,3.0,298.0,11.0,27.0,1.0,,,,,,,,,,,,,167.0,3.0,6.8,,5.2,2.0,0.71,2.0,,2.2,,1.4,,1.3,0.19,,,,,,,,,,,,,,,,,,,,,,,,,,,,,,,,,,,,,,,109356.0,
[4890],CONVERGENT MARGIN,NEW HEBRIDES ARC - VANUATU ARCHIPELAGO / CENTRAL NEW HEBRIDES ARC / VANIKORO,"JEAN CHARCOT TROUGHS,  CENTRAL VOLCANIC COMPLEX",-12.1816,-12.225,167.6766,167.7016,SAQ,-900.0,-1350.0,s_VAN3M3 [4890],DACITE [4890],,,,,,,,,VOL,,,F,,WR [4890] ,52.2,1.22,,15.83,,1.59,8.1,,9.86,5.51,0.18,,0.36,3.51,0.15,,0.16,0.21,,,,,,,,,,,,,,,,,,,,,,,,,,,,,,,,,,,,,,,,,32.0,,278.0,13.0,,,32.8,23.0,,,,,1.66,,,4.3,258.0,29.0,74.0,3.0,,,,,,,,,0.07,,,0.083,72.7,4.9,14.0,,10.0,2.95,1.25,,0.628,4.4,,2.9,,2.7,,2.19,0.195,,,,,,,,,,,0.47,0.24,,,,,,,,,,,,,,,,,,,,,,,,,109357.0,
[4890],CONVERGENT MARGIN,NEW HEBRIDES ARC - VANUATU ARCHIPELAGO / CENTRAL NEW HEBRIDES ARC / VANIKORO,"JEAN CHARCOT TROUGHS, DUFF RIDGE (EASTERN LIMIT OF JCT)",-12.2716,-12.2783,167.863,167.8783,SAQ,-1930.0,-2165.0,s_VAN7M4 [4890],BASALT [4890],,,,,,,,,VOL,,,F,,WR [4890] ,55.1,1.5,,14.52,,1.74,8.9,,6.77,3.24,0.2,,1.25,4.09,0.35,,0.58,0.27,,,,,,,,,,,,,,,,,,,,,,,,,,,,,,,,,,,,,,,,,30.3,,337.0,3.0,,,26.5,7.0,,,,,,,,21.0,268.0,40.0,139.0,8.0,,,,,,,,,0.12,,,0.45,202.0,13.0,32.0,,22.0,5.3,1.7,,0.95,6.3,,4.1,,3.8,,3.9,0.54,,,,,,,,,,,1.43,0.65,,,,,,,,,,,,,,,,,,,,,,,,,109358.0,
[4890],CONVERGENT MARGIN,NEW HEBRIDES ARC - VANUATU ARCHIPELAGO / CENTRAL NEW HEBRIDES ARC / VANIKORO,"JEAN CHARCOT TROUGHS,  CENTRAL VOLCANIC COMPLEX",-12.1816,-12.225,167.6766,167.7016,SAQ,-900.0,-1350.0,s_VAN3M1 [4890],DACITE [4890],,,,,,,,,VOL,,,F,,WR [4890] ,57.9,1.82,,15.75,,1.39,7.11,,5.58,2.41,0.19,,0.71,5.34,0.18,,0.79,0.11,,,,,,,,,,,,,,,,,,,,,,,,,,,,,,,,,,,,,,,,,21.4,,73.0,5.0,,,8.9,2.0,,,,,,,,8.7,204.0,53.0,149.0,5.4,,,,,,,,,0.07,,,0.21,125.0,9.6,26.0,,21.0,5.6,1.9,,1.16,7.9,,5.3,,5.0,,4.1,0.41,,,,,,,,,,,0.83,0.37,,,,,,,,,,,,,,,,,,,,,,,,,109359.0,
[4890],CONVERGENT MARGIN,NEW HEBRIDES ARC - VANUATU ARCHIPELAGO / CENTRAL NEW HEBRIDES ARC / VANIKORO,"JEAN CHARCOT TROUGHS,  CENTRAL VOLCANIC COMPLEX",-12.1816,-12.225,167.6766,167.7016,SAQ,-900.0,-1350.0,s_VAN3M2 [4890],DACITE [4890],,,,,,,,,VOL,,,F,,WR [4890] ,60.5,1.63,,14.78,,1.24,6.33,,4.71,2.48,0.21,,0.7,5.07,0.4,,0.97,0.25,,,,,,,,,,,,,,,,,,,,,,,,,,,,,,,,,,,,,,,,,,,67.0,3.0,,,7.0,0.0,,,,,,,,7.0,215.0,51.0,142.0,5.0,,,,,,,,,,,,,104.0,9.2,24.0,,20.0,,1.9,,,7.7,,5.0,,4.85,,,,,,,,,,,,,,,,,,,,,,,,,,,,,,,,,,,,,,,,109360.0,
[4890],CONVERGENT MARGIN,NEW HEBRIDES ARC - VANUATU ARCHIPELAGO / CENTRAL NEW HEBRIDES ARC / VANIKORO,"JEAN CHARCOT TROUGHS, CENTRAL VOLCANIC COMPLEX",-12.1983,-12.215,167.5766,167.5816,SAQ,-940.0,-1490.0,s_VAN1M1 [4890],DACITE [4890],,,,,,,,,VOL,,,F,,WR [4890] ,62.6,1.25,,15.93,,1.02,5.21,,4.42,1.73,0.16,,0.75,6.0,0.2,,0.7,0.07,,,,,,,,,,,,,,,,,,,,,,,,,,,,,,,,,,,,,,,,,16.1,,,8.0,,,5.9,2.0,,,,,,,,10.6,207.0,54.0,168.0,7.2,,,,,,,,,0.08,,,0.25,158.0,12.7,30.0,,22.0,5.8,1.8,,1.2,8.3,,5.4,,5.4,,4.7,0.5,,,,,,,,,,,1.22,0.42,,,,,,,,,,,,,,,,,,,,,,,,,109361.0,
[4890],CONVERGENT MARGIN,NEW HEBRIDES ARC - VANUATU ARCHIPELAGO / CENTRAL NEW HEBRIDES ARC / VANIKORO,"JEAN CHARCOT TROUGHS, CENTRAL VOLCANIC COMPLEX",-12.1983,-12.215,167.5766,167.5816,SAQ,-940.0,-1490.0,s_VAN1M9 [4890],DACITE [4890],,,,,,,,,VOL,,,F,,WR [4890] ,64.0,0.77,,15.5,,0.78,4.0,,4.53,2.19,0.18,,0.71,5.8,0.15,,0.78,0.09,,,,,,,,,,,,,,,,,,,,,,,,,,,,,,,,,,,,,,,,,14.7,,70.0,41.0,,,9.6,16.0,,,,,0.74,,,11.1,529.0,53.0,181.0,7.5,,,,,,,,,0.07,,,0.25,158.0,12.6,31.0,,22.0,5.7,1.85,,1.16,7.9,,5.3,,5.3,,4.8,0.51,,,,,,,,,,,1.28,0.5,,,,,,,,,,,,,,,,,,,,,,,,,109362.0,
[4890],CONVERGENT MARGIN,NEW HEBRIDES ARC - VANUATU ARCHIPELAGO / CENTRAL NEW HEBRIDES ARC / VANIKORO,"JEAN CHARCOT TROUGHS, CENTRAL VOLCANIC COMPLEX",-12.1983,-12.215,167.5766,167.5816,SAQ,-940.0,-1490.0,s_VAN1M8 [4890],DACITE [4890],,,,,,,,,VOL,,,F,,WR [4890] ,65.2,0.9,,16.2,,0.75,3.84,,3.56,1.21,0.15,,0.88,6.55,0.15,,0.72,0.05,,,,,,,,,,,,,,,,,,,,,,,,,,,,,,,,,,,,,,,,,11.1,,,,,,4.9,2.3,,,,,1.3,,,12.4,148.0,59.0,213.0,8.7,,,,,,,,,0.08,,,0.3,186.0,13.7,28.0,,24.0,6.1,1.94,,1.23,8.6,,5.6,,6.2,,5.4,0.6,,,,,,,,,,,1.53,0.5,,,,,,,,,,,,,,,,,,,,,,,,,109363.0,
[4890],CONVERGENT MARGIN,NEW HEBRIDES ARC - VANUATU ARCHIPELAGO / CENTRAL NEW HEBRIDES ARC / VANIKORO,"JEAN CHARCOT TROUGHS, CENTRAL VOLCANIC COMPLEX",-12.1983,-12.215,167.5766,167.5816,SAQ,-940.0,-1490.0,s_VAN1M5 [4890],DACITE [4890],,,,,,,,,VOL,,,F,,WR [4890] ,67.0,0.86,,14.99,,0.68,3.46,,3.27,1.17,0.15,,0.83,6.12,0.25,,0.73,0.11,,,,,,,,,,,,,,,,,,,,,,,,,,,,,,,,,,,,,,,,,,,38.0,3.0,,,4.0,0.0,,,,,,,,11.0,178.0,60.0,204.0,8.8,,,,,,,,,,,,,165.0,14.7,37.0,,25.0,,1.95,,,8.8,,5.9,,5.95,,,,,,,,,,,,,,,,,,,,,,,,,,,,,,,,,,,,,,,,109364.0,
[4890],CONVERGENT MARGIN,NEW HEBRIDES ARC - VANUATU ARCHIPELAGO / CENTRAL NEW HEBRIDES ARC / VANIKORO,"JEAN CHARCOT TROUGHS, CENTRAL VOLCANIC COMPLEX",-12.1983,-12.215,167.5766,167.5816,SAQ,-940.0,-1490.0,s_VAN1M3 [4890],DACITE [4890],,,,,,,,,VOL,,,F,,WR [4890] ,67.5,0.78,,14.6,,0.68,3.48,,2.79,1.04,0.16,,0.93,6.12,0.15,,0.9,0.15,,,,,,,,,,,,,,,,,,,,,,,,,,,,,,,,,,,,,,,,,,,15.0,0.0,,,2.0,0.0,,,,,,,,13.0,149.0,61.0,214.0,9.1,,,,,,,,,,,,,163.0,15.0,37.0,,25.0,,2.0,,,10.0,,6.1,,6.1,,,,,,,,,,,,,,,,,,,,,,,,,,,,,,,,,,,,,,,,109365.0,
[4890],CONVERGENT MARGIN,NEW HEBRIDES ARC - VANUATU ARCHIPELAGO / CENTRAL NEW HEBRIDES ARC / STATION 31,"CENTRAL VOLCANIC COMPLEX, VANIKORO AREA",-12.1933,-12.1933,167.5816,167.59,SAQ,-459.0,-915.0,s_VAN3151 [4890],BASALT [4890],,,,,,,,,VOL,,,F,,WR [4890] ,66.43,0.85,,15.33,,1.4,3.0,,3.18,1.19,0.16,,0.85,5.56,0.24,,0.73,1.28,,,,,,,,,,,,,,,,,,,,,,,,,,,,,,,,,,,,,,,,,,,22.0,2.0,,,,5.0,,,,,,,,13.5,172.0,52.2,220.0,8.5,,,,,,,,,,,,,193.0,14.8,32.0,,24.0,,2.0,,,8.6,,5.5,,5.7,,,,,,,,,,,,,,1.4,,,,,,,,,,,,,,,,,,,,,,,,,,109366.0,
[4890],CONVERGENT MARGIN,NEW HEBRIDES ARC - VANUATU ARCHIPELAGO / CENTRAL NEW HEBRIDES ARC / STATION 31,"CENTRAL VOLCANIC COMPLEX, VANIKORO AREA",-12.1933,-12.1933,167.5816,167.59,SAQ,-459.0,-915.0,s_VAN3154 [4890],BASALT [4890],,,,,,,,,VOL,,,F,,WR [4890] ,66.96,0.86,,15.52,,1.2,3.22,,3.23,1.17,0.16,,0.86,6.21,0.25,,0.6,0.08,,,,,,,,,,,,,,,,,,,,,,,,,,,,,,,,,,,,,,,,,,,20.0,2.0,,,,5.0,,,,,,,,14.2,174.0,52.6,223.0,8.5,,,,,,,,,,,,,193.0,15.0,33.0,,25.0,,1.95,,,8.8,,5.8,,5.75,,,,,,,,,,,,,,,,,,,,,,,,,,,,,,,,,,,,,,,,109367.0,
[4890],CONVERGENT MARGIN,NEW HEBRIDES ARC - VANUATU ARCHIPELAGO / CENTRAL NEW HEBRIDES ARC / STATION 31,"CENTRAL VOLCANIC COMPLEX, VANIKORO AREA",-12.1933,-12.1933,167.5816,167.59,SAQ,-459.0,-915.0,s_VAN3152 [4890],BASALT [4890],,,,,,,,,VOL,,,F,,WR [4890] ,66.77,0.95,,15.38,,5.23,,,3.26,1.16,0.2,,0.92,6.76,0.2,,,,,,,,,,,,,,,,,,,,,,,,,,,,,,,,,,,,,,,,,,,,,,29.0,,,,,,,,,,,,,13.0,164.0,52.0,227.0,10.0,,,,,,,,,,,,,211.0,15.4,36.3,,22.8,7.6,2.2,7.9,,8.7,,5.9,,6.1,0.89,,,,,,,,,,,,,,,,,,,,,,,,,,,,,,,,,,,,,,,109368.0,
[4890],CONVERGENT MARGIN,NEW HEBRIDES ARC - VANUATU ARCHIPELAGO / CENTRAL NEW HEBRIDES ARC / STATION 31,"CENTRAL VOLCANIC COMPLEX, VANIKORO AREA",-12.1933,-12.1933,167.5816,167.59,SAQ,-459.0,-915.0,s_VAN3155 [4890],BASALT [4890],,,,,,,,,VOL,,,F,,WR [4890] ,66.09,0.96,,15.28,,5.26,,,3.29,1.17,0.2,,0.91,6.71,0.22,,,,,,,,,,,,,,,,,,,,,,,,,,,,,,,,,,,,,,,,,,,,,,24.0,,,,,,,,,,,,,13.0,164.0,46.0,229.0,9.0,,,,,,,,,,,,,,14.8,33.9,,21.7,7.2,2.0,7.2,,7.9,,5.2,,5.3,0.8,,,,,,,,,,,,,,,,,,,,,,,,,,,,,,,,,,,,,,,109369.0,
[4890],CONVERGENT MARGIN,NEW HEBRIDES ARC - VANUATU ARCHIPELAGO / CENTRAL NEW HEBRIDES ARC / STATION 39,"CENTRAL GRABEN (EASTERN WALL), TIKOPIA AREA",-12.8583,-12.8583,167.8416,167.85,SAQ,-2130.0,-2984.0,s_TIK3981 [4890],BASALT [4890],,,,,,,,,VOL,,,F,,WR [4890] ,51.92,0.7,,19.53,,3.68,3.78,,8.8,2.86,0.14,,2.32,2.81,0.51,,1.29,1.7,,,,,,,,,,,,,,,,,,,,,,,,,,,,,,,,,,,,,,,,,,,269.0,9.0,,,,12.0,,,,,,,,33.5,1020.0,19.7,92.0,2.5,,,,,,,,,,,,,311.0,13.8,29.0,,19.5,,1.35,,,3.2,,2.0,,1.75,,,,,,,,,,,,,,,,,,,,,,,,,,,,,,,,,,,,,,,,109370.0,
[4890],CONVERGENT MARGIN,NEW HEBRIDES ARC - VANUATU ARCHIPELAGO / CENTRAL NEW HEBRIDES ARC / STATION 39,"CENTRAL GRABEN (EASTERN WALL), TIKOPIA AREA",-12.8583,-12.8583,167.8416,167.85,SAQ,-2130.0,-2984.0,s_TIK3981X [4890],BASALT [4890],,,,,,,,,VOL,,,F,,WR [4890] ,52.09,0.73,,20.03,,7.76,,,8.85,2.65,0.16,,2.43,3.59,0.49,,,,,,,,,,,,,,,,,,,,,,,,,,,,,,,,,,,,,,,,,,,,,,,,,,,,,,,,,,,38.0,999.0,,109.0,,,,,,,,,,,,,,313.0,14.3,31.7,,17.8,4.8,1.4,3.6,,3.2,,1.9,,1.8,0.22,,,,,,,,,,,,,,,,,,,,,,,,,,,,,,,,,,,,,,,109371.0,
[4890],CONVERGENT MARGIN,NEW HEBRIDES ARC - VANUATU ARCHIPELAGO / CENTRAL NEW HEBRIDES ARC / STATION 39,"CENTRAL GRABEN (EASTERN WALL), TIKOPIA AREA",-12.8583,-12.8583,167.8416,167.85,SAQ,-2130.0,-2984.0,s_TIK3982 [4890],BASALT [4890],,,,,,,,,VOL,,,F,,WR [4890] ,52.62,0.76,,16.01,,11.67,,,9.19,3.99,0.21,,1.3,2.71,0.22,,,,,,,,,,,,,,,,,,,,,,,,,,,,,,,,,,,,,,,,,,,,,,,,,,,,,,,,,,,20.0,357.0,,58.0,,,,,,,,,,,,,,515.0,6.3,12.3,,8.5,2.8,0.9,2.8,,3.2,,2.1,,2.0,0.34,,,,,,,,,,,,,,,,,,,,,,,,,,,,,,,,,,,,,,,109372.0,
[4890],CONVERGENT MARGIN,NEW HEBRIDES ARC - VANUATU ARCHIPELAGO / CENTRAL NEW HEBRIDES ARC / STATION 39,"CENTRAL GRABEN (EASTERN WALL), TIKOPIA AREA",-12.8583,-12.8583,167.8416,167.85,SAQ,-2130.0,-2984.0,s_TIK3983 [4890],BASALT [4890],,,,,,,,,VOL,,,F,,WR [4890] ,56.97,0.77,,17.92,,7.87,,,7.3,2.34,0.18,,1.81,3.66,0.24,,,,,,,,,,,,,,,,,,,,,,,,,,,,,,,,,,,,,,,,,,,,,,,,,,,,,,,,,,,31.0,376.0,,88.0,,,,,,,,,,,,,,270.0,9.0,19.4,,10.9,3.4,1.1,3.5,,3.6,,2.3,,2.3,0.32,,,,,,,,,,,,,,,,,,,,,,,,,,,,,,,,,,,,,,,109373.0,
[3790],CONVERGENT MARGIN,NEW HEBRIDES ARC - VANUATU ARCHIPELAGO / SOUTHERN NEW HEBRIDES ARC / ERROMANGO (=EROMANGA),ROBERTSON^S THUMB,-18.6,-18.6,169.06,169.06,SAE,,,s_C [3790],BASALT [3790],,,,,,,,,VOL,,,,,WR [3790] ,48.12,0.78,,20.5,,4.08,6.24,,11.32,4.47,0.18,,0.68,2.22,0.15,,0.58,0.81,,,,,,,,,,,,,,,,,,,,,,,,,,,,,,,,,,,,,,,,,,,,,,,,,,,,,,,,,,,,,,,,,,,,,,,,,,,,,,,,,,,,,,,,,,,,,,,,,,,,,,,,,,,,,,,,,,,,,,,,,,,,,,109610.0,
[3790],CONVERGENT MARGIN,NEW HEBRIDES ARC - VANUATU ARCHIPELAGO / SOUTHERN NEW HEBRIDES ARC / ERROMANGO (=EROMANGA) / MOUNT RANTOP,,-18.666,-18.833,169.333,169.333,SAE,,,s_G [3790],BASALT [3790],,,,,,,,,VOL,,,,,WR [3790] ,49.76,0.59,,17.33,,4.06,6.61,,11.67,6.69,0.23,,0.47,1.95,0.11,,0.17,0.63,,,,,,,,,,,,,,,,,,,,,,,,,,,,,,,,,,,,,,,,,,,,,,,,,,,,,,,,,,,,,,,,,,,,,,,,,,,,,,,,,,,,,,,,,,,,,,,,,,,,,,,,,,,,,,,,,,,,,,,,,,,,,,109614.0,
[3790],CONVERGENT MARGIN,NEW HEBRIDES ARC - VANUATU ARCHIPELAGO / SOUTHERN NEW HEBRIDES ARC / ERROMANGO (=EROMANGA) / MOUNT RANTOP,,-18.666,-18.833,169.333,169.333,SAE,,,s_H [3790],BASALT [3790],,,,,,,,,VOL,,,,,WR [3790] ,49.44,0.77,,19.02,,5.1,5.4,,11.1,4.44,0.2,,0.52,2.08,0.12,,0.29,0.72,,,,,,,,,,,,,,,,,,,,,,,,,,,,,,,,,,,,,,,,,,,,,,,,,,,,,,,,,,,,,,,,,,,,,,,,,,,,,,,,,,,,,,,,,,,,,,,,,,,,,,,,,,,,,,,,,,,,,,,,,,,,,,109615.0,
[3790],CONVERGENT MARGIN,NEW HEBRIDES ARC - VANUATU ARCHIPELAGO / SOUTHERN NEW HEBRIDES ARC / ERROMANGO (=EROMANGA) / MOUNT RANTOP,,-18.666,-18.833,169.333,169.333,SAE,,,s_I [3790],BASALT [3790],,,,,,,,,VOL,,,,,WR [3790] ,51.25,0.67,,17.8,,3.38,6.78,,10.18,4.93,0.18,,0.48,2.41,0.13,,0.34,0.9,,,,,,,,,,,,,,,,,,,,,,,,,,,,,,,,,,,,,,,,,,,,,,,,,,,,,,,,,,,,,,,,,,,,,,,,,,,,,,,,,,,,,,,,,,,,,,,,,,,,,,,,,,,,,,,,,,,,,,,,,,,,,,109616.0,
[4890],CONVERGENT MARGIN,NEW HEBRIDES ARC - VANUATU ARCHIPELAGO / CENTRAL NEW HEBRIDES ARC,"CENTRAL HORST (E SLOPE), VOT TANDE AREA",-13.3483,-13.3616,167.9516,167.9516,SAQ,-1550.0,-2000.0,s_VOT11M1 [4890],BASALT [4890],,,,,,,,,VOL,,,F,,WR [4890] ,47.5,1.4,,15.79,,1.94,9.9,,10.62,5.57,0.17,,0.96,2.62,0.15,,1.32,1.01,,,,,,,,,,,,,,,,,,,,,,,,,,,,,,,,,,,,,,,,,38.2,,294.0,54.0,,,41.8,35.0,,,,,,,,19.6,344.0,28.0,69.0,4.9,,,,,,,,,0.2,,,2.0,127.0,6.0,15.0,,11.0,3.1,1.1,,0.64,4.2,,2.7,,2.55,,1.85,0.31,,,,,,,,,,,0.43,0.17,,,,,,,,,,,,,,,,,,,,,,,,,109744.0,
[4890],CONVERGENT MARGIN,NEW HEBRIDES ARC - VANUATU ARCHIPELAGO / CENTRAL NEW HEBRIDES ARC,"VOT TANDE BASEMENT (SE FLANK), VOT TANDE AREA",-13.3483,-13.3566,167.82,167.82,SAQ,-1600.0,-2200.0,s_VOT12M1 [4890],CALC-ALKALI BASALT [4890],,,,,,,,,VOL,,,F,,WR [4890] ,50.7,0.77,,16.25,,1.39,7.11,,10.62,9.6,0.15,,0.66,2.32,0.1,,0.33,0.13,,,,,,,,,,,,,,,,,,,,,,,,,,,,,,,,,,,,,,,,,35.1,,208.0,410.0,,,38.3,179.0,,,,,,,,9.4,457.0,17.0,50.0,4.0,,,,,,,,,0.09,,,0.22,115.0,6.0,13.0,,8.0,2.1,0.8,,0.38,2.8,,1.8,,1.65,,1.4,0.26,,,,,,,,,,,0.56,0.2,,,,,,,,,,,,,,,,,,,,,,,,,109747.0,
[4890],CONVERGENT MARGIN,NEW HEBRIDES ARC - VANUATU ARCHIPELAGO / CENTRAL NEW HEBRIDES ARC,"CENTRAL HORST (E SLOPE), VOT TANDE AREA",-13.3483,-13.3616,167.9516,167.9516,SAQ,-1550.0,-2000.0,s_VOT11M2 [4890],BASALT [4890],,,,,,,,,VOL,,,F,,WR [4890] ,51.0,1.36,,16.51,,1.96,9.99,,8.8,4.18,0.19,,1.06,2.6,0.2,,0.51,0.46,,,,,,,,,,,,,,,,,,,,,,,,,,,,,,,,,,,,,,,,,35.3,,370.0,6.0,,,37.4,17.0,,,,,0.16,,,20.6,281.0,29.0,65.0,3.3,,,,,,,,,0.05,,,1.3,144.0,5.4,14.0,,11.0,3.1,1.1,,0.65,4.6,,3.2,,2.75,,1.8,0.23,,,,,,,,,,,0.3,0.18,,,,,,,,,,,,,,,,,,,,,,,,,109748.0,
[4890],CONVERGENT MARGIN,NEW HEBRIDES ARC - VANUATU ARCHIPELAGO / CENTRAL NEW HEBRIDES ARC / STATION 42,"CENTRAL HORST (W SLOPE), VOT TANDE AREA",-13.3316,-13.3316,166.9416,166.9416,SAQ,-1650.0,-2140.0,s_VOT4294 [4890],BASALT [4890],,,,,,,,,VOL,,,F,,WR [4890] ,54.57,0.95,,15.15,,9.85,,,8.54,4.39,0.18,,1.75,2.86,0.87,,,,,,,,,,,,,,,,,,,,,,,,,,,,,,,,,,,,,,,,,,,,,,,,,,,,,,,,,,,37.0,395.0,,80.0,,,,,,,,,,,,,,270.0,8.5,18.7,,11.1,3.4,1.0,3.4,,3.2,,2.1,,2.1,0.32,,,,,,,,,,,,,,,,,,,,,,,,,,,,,,,,,,,,,,,109749.0,
[4890],CONVERGENT MARGIN,NEW HEBRIDES ARC - VANUATU ARCHIPELAGO / CENTRAL NEW HEBRIDES ARC / STATION 42,"CENTRAL HORST (W SLOPE), VOT TANDE AREA",-13.3316,-13.3316,166.9416,166.9416,SAQ,-1650.0,-2140.0,s_VOT4295 [4890],BASALT [4890],,,,,,,,,VOL,,,F,,WR [4890] ,56.87,0.8,,15.71,,9.77,,,7.6,3.85,0.16,,2.31,2.57,0.33,,,,,,,,,,,,,,,,,,,,,,,,,,,,,,,,,,,,,,,,,,,,,,,,,,,,,,,,,,,47.0,395.0,,76.0,,,,,,,,,,,,,,326.0,7.6,17.1,,9.6,3.0,0.84,2.6,,2.8,,1.8,,1.7,0.29,,,,,,,,,,,,,,,,,,,,,,,,,,,,,,,,,,,,,,,109750.0,
[4890],CONVERGENT MARGIN,NEW HEBRIDES ARC - VANUATU ARCHIPELAGO / CENTRAL NEW HEBRIDES ARC,"SOUTHERN SCARP OF WESTERN TERMINATION (BASIS), HAZEL HOME AREA",-13.666,-13.693,168.5,168.5,SAQ,-2870.0,-3800.0,s_HAZ14M2 [4890],THOLEIITIC BASALT [4890],,,,,,,,,VOL,,,F,,WR [4890] ,45.2,1.52,,16.05,,1.63,8.31,,10.85,7.26,0.14,,0.21,2.84,0.15,,2.06,3.0,,,,,,,,,,,,,,,,,,,,,,,,,,,,,,,,,,,,,,,,,37.6,,213.0,356.0,,,48.7,199.0,,,,,,,,2.4,318.0,27.0,93.0,7.2,,,,,,,,,0.01,,,0.29,36.7,6.9,17.0,,12.0,2.9,1.1,,4.1,3.0,,2.55,,2.9,,2.4,0.6,,,,,,,,,,,0.68,0.22,,,,,,,,,,,,,,,,,,,,,,,,,109751.0,
[4890],CONVERGENT MARGIN,NEW HEBRIDES ARC - VANUATU ARCHIPELAGO / CENTRAL NEW HEBRIDES ARC,"SOUTHERN SCARP OF WESTERN TERMINATION (BASIS), HAZEL HOME AREA",-13.666,-13.693,168.5,168.5,SAQ,-2870.0,-3800.0,s_HAZ14M1 [4890],THOLEIITIC BASALT [4890],,,,,,,,,VOL,,,F,,WR [4890] ,46.1,1.49,,15.09,,1.55,7.93,,10.59,7.92,0.16,,0.26,2.88,0.1,,2.02,3.16,,,,,,,,,,,,,,,,,,,,,,,,,,,,,,,,,,,,,,,,,34.2,,195.0,390.0,,,44.8,204.0,,,,,,,,,,27.0,89.0,7.5,,,,,,,,,0.1,,,0.11,,7.3,17.0,,11.0,3.0,1.25,,0.59,4.0,,2.5,,2.4,,,0.55,,,,,,,,,,,0.59,0.3,,,,,,,,,,,,,,,,,,,,,,,,,109752.0,
[4890],CONVERGENT MARGIN,NEW HEBRIDES ARC - VANUATU ARCHIPELAGO / CENTRAL NEW HEBRIDES ARC,"SOUTHERN SCARP OF WESTERN TERMINATION (BASIS), HAZEL HOME AREA",-13.666,-13.693,168.5,168.5,SAQ,-2870.0,-3800.0,s_HAZ14M14 [4890],THOLEIITIC BASALT [4890],,,,,,,,,VOL,,,F,,WR [4890] ,48.2,2.06,,14.54,,1.88,9.6,,9.05,7.25,0.19,,0.4,3.82,0.15,,1.94,0.28,,,,,,,,,,,,,,,,,,,,,,,,,,,,,,,,,,,,,,,,,40.6,,297.0,115.0,,,41.7,48.0,,,,,1.1,,,4.4,466.0,30.0,116.0,20.0,,,,,,,,,0.09,,,0.07,118.0,15.0,32.0,,19.0,4.1,1.55,,0.73,5.0,,3.2,,2.55,,3.0,1.54,,,,,,,,,,,1.74,0.45,,,,,,,,,,,,,,,,,,,,,,,,,109754.0,
[4890],CONVERGENT MARGIN,NEW HEBRIDES ARC - VANUATU ARCHIPELAGO / CENTRAL NEW HEBRIDES ARC,"SOUTHERN SCARP OF WESTERN TERMINATION (TOP), HAZEL HOME AREA",-13.6833,-13.689,168.495,168.495,SAQ,-2500.0,-2900.0,s_HAZ15M6 [4890],THOLEIITIC BASALT [4890],,,,,,,,,VOL,,,F,,WR [4890] ,51.2,0.72,,17.05,,1.5,7.65,,10.74,5.45,0.17,,0.68,2.42,0.12,,0.78,0.63,,,,,,,,,,,,,,,,,,,,,,,,,,,,,,,,,,,,,,,,,36.1,,249.0,53.0,,,35.2,35.0,,,,,,,,8.8,356.0,16.0,30.0,3.7,,,,,,,,,0.13,,,0.16,88.0,5.2,10.5,,7.5,2.0,0.8,,0.36,2.5,,1.6,,1.35,,1.1,0.24,,,,,,,,,,,0.4,0.14,,,,,,,,,,,,,,,,,,,,,,,,,109755.0,
[4890],CONVERGENT MARGIN,NEW HEBRIDES ARC - VANUATU ARCHIPELAGO / CENTRAL NEW HEBRIDES ARC,"SOUTHERN SCARP OF WESTERN TERMINATION (BASIS), HAZEL HOME AREA",-13.666,-13.693,168.5,168.5,SAQ,-2870.0,-3800.0,s_HAZ14M5 [4890],THOLEIITIC BASALT [4890],,,,,,,,,VOL,,,F,,WR [4890] ,52.5,0.75,,16.3,,1.44,7.32,,4.11,6.08,0.16,,0.1,6.08,0.15,,3.81,0.69,,,,,,,,,,,,,,,,,,,,,,,,,,,,,,,,,,,,,,,,,29.7,,163.0,51.0,,,33.6,32.0,,,,,,,,1.4,158.0,18.0,47.0,3.0,,,,,,,,,0.1,,,0.01,6.0,4.3,12.5,,8.0,2.0,0.75,,0.39,2.9,,1.8,,1.65,,1.24,0.15,,,,,,,,,,,0.27,0.11,,,,,,,,,,,,,,,,,,,,,,,,,109756.0,
[4890],CONVERGENT MARGIN,NEW HEBRIDES ARC - VANUATU ARCHIPELAGO / CENTRAL NEW HEBRIDES ARC,"SOUTHERN SCARP OF WESTERN TERMINATION (TOP), HAZEL HOME AREA",-13.6833,-13.689,168.495,168.495,SAQ,-2500.0,-2900.0,s_HAZ15M12 [4890],DACITE [4890],,,,,,,,,VOL,,,F,,WR [4890] ,62.8,0.62,,16.07,,0.7,3.6,,0.73,1.64,0.11,,4.66,5.99,0.18,,1.59,0.39,,,,,,,,,,,,,,,,,,,,,,,,,,,,,,,,,,,,,,,,,7.3,,,,,,6.1,5.0,,,,,2.5,,,66.8,80.0,28.0,158.0,5.6,,,,,,,,,0.2,,,0.06,600.0,16.0,33.0,,20.0,4.5,1.05,,0.65,4.0,,2.8,,3.0,,4.6,0.35,,,,,,,,,,,3.4,1.48,,,,,,,,,,,,,,,,,,,,,,,,,109757.0,
[4890],CONVERGENT MARGIN,NEW HEBRIDES ARC - VANUATU ARCHIPELAGO / CENTRAL NEW HEBRIDES ARC / EFATE,,-17.658,-17.6633,169.4383,169.4383,SAQ,-1200.0,-1960.0,s_EFA27M12 [4890],CALC-ALKALI BASALT [4890],,,,,,,,,VOL,,,F,,WR [4890] ,46.5,0.85,,15.1,,1.36,6.95,,9.55,9.45,0.15,,0.7,2.47,0.1,,3.4,2.71,,,,,,,,,,,,,,,,,,,,,,,,,,,,,,,,,,,,,,,,,38.6,,237.0,255.0,,,34.6,65.0,,,,,,,,7.7,354.0,20.0,34.0,1.0,,,,,,,,,0.061,,,0.068,54.0,2.7,9.0,,6.0,2.02,0.9,,0.422,3.0,,2.0,,1.75,,1.25,0.068,,,,,,,,,,,0.314,0.15,,,,,,,,,,,,,,,,,,,,,,,,,109758.0,
[4890],CONVERGENT MARGIN,NEW HEBRIDES ARC - VANUATU ARCHIPELAGO / CENTRAL NEW HEBRIDES ARC / EFATE,,-17.636,-17.64,169.4266,169.4266,SAQ,-600.0,-980.0,s_EFA29M6 [4890],BASALT [4890],,,,,,,,,VOL,,,F,,WR [4890] ,47.5,0.69,,13.65,,1.21,6.19,,7.3,10.3,0.18,,1.87,2.32,0.2,,2.89,4.65,,,,,,,,,,,,,,,,,,,,,,,,,,,,,,,,,,,,,,,,,32.6,,240.0,317.0,,,44.9,160.0,,,,,0.68,,,19.1,757.0,14.0,33.0,1.6,,,,,,,,,0.018,,,0.46,677.0,3.3,9.0,,6.0,1.79,0.75,,0.328,2.5,,1.8,,1.35,,0.95,0.052,,,,,,,,,,,0.368,0.39,,,,,,,,,,,,,,,,,,,,,,,,,109759.0,
[4890],CONVERGENT MARGIN,NEW HEBRIDES ARC - VANUATU ARCHIPELAGO / CENTRAL NEW HEBRIDES ARC / EFATE,,-17.391,-17.393,169.15,169.15,SAQ,-1250.0,-1570.0,s_EFA31M2 [4890],BASALT [4890],,,,,,,,,VOL,,,F,,WR [4890] ,51.7,0.74,,15.5,,1.33,6.76,,11.5,7.34,0.15,,0.38,2.35,0.15,,0.3,0.12,,,,,,,,,,,,,,,,,,,,,,,,,,,,,,,,,,,,,,,,,33.8,,264.0,209.0,,,33.7,72.0,,,,,1.04,,,4.8,395.0,16.0,34.0,1.6,,,,,,,,,0.037,,,0.22,82.4,3.7,9.0,,7.0,1.84,0.7,,0.339,2.5,,1.6,,1.55,,1.03,0.068,,,,,,,,,,,0.418,0.14,,,,,,,,,,,,,,,,,,,,,,,,,109760.0,
[4890],CONVERGENT MARGIN,NEW HEBRIDES ARC - VANUATU ARCHIPELAGO / CENTRAL NEW HEBRIDES ARC / EFATE,,-17.391,-17.393,169.15,169.15,SAQ,-1250.0,-1570.0,s_EFA31M1 [4890],BASALT [4890],,,,,,,,,VOL,,,F,,WR [4890] ,52.0,0.72,,15.35,,1.33,6.76,,11.55,7.37,0.15,,0.41,2.27,0.15,,0.09,0.1,,,,,,,,,,,,,,,,,,,,,,,,,,,,,,,,,,,,,,,,,35.7,,252.0,236.0,,,34.9,74.0,,,,,1.41,,,5.6,402.0,16.0,35.0,1.7,,,,,,,,,0.058,,,0.22,81.3,3.9,10.0,,6.5,1.88,0.8,,0.355,2.5,,1.7,,1.5,,1.12,0.075,,,,,,,,,,,0.438,0.22,,,,,,,,,,,,,,,,,,,,,,,,,109761.0,
[4890],CONVERGENT MARGIN,NEW HEBRIDES ARC - VANUATU ARCHIPELAGO / CENTRAL NEW HEBRIDES ARC / EFATE,,-17.3866,-17.3883,169.041,169.041,SAQ,-1200.0,-1270.0,s_EFA30M2 [4890],BASALT [4890],,,,,,,,,VOL,,,F,,WR [4890] ,53.0,0.53,,13.22,,1.42,7.25,,9.18,10.28,0.16,,0.62,1.92,0.05,,0.32,0.12,,,,,,,,,,,,,,,,,,,,,,,,,,,,,,,,,,,,,,,,,32.3,,214.0,388.0,,,44.7,188.0,,,,,1.0,,,10.2,352.0,14.0,34.0,1.0,,,,,,,,,0.044,,,0.3,178.0,4.0,9.5,,5.5,1.47,0.55,,0.266,2.2,,1.5,,1.4,,0.98,0.04,,,,,,,,,,,0.68,0.23,,,,,,,,,,,,,,,,,,,,,,,,,109762.0,
[4890],CONVERGENT MARGIN,NEW HEBRIDES ARC - VANUATU ARCHIPELAGO / CENTRAL NEW HEBRIDES ARC / EFATE,,-17.3866,-17.3883,169.041,169.041,SAQ,-1200.0,-1270.0,s_EFA30M1 [4890],BASALT [4890],,,,,,,,,VOL,,,F,,WR [4890] ,54.4,0.6,,15.3,,1.35,6.87,,8.97,7.72,0.15,,0.75,2.16,0.1,,0.27,0.1,,,,,,,,,,,,,,,,,,,,,,,,,,,,,,,,,,,,,,,,,27.7,,218.0,178.0,,,34.8,121.0,,,,,1.31,,,11.5,351.0,15.0,39.0,1.2,,,,,,,,,0.05,,,0.34,200.0,4.7,9.5,,6.5,1.62,0.6,,0.298,2.3,,1.7,,1.45,,1.16,0.052,,,,,,,,,,,0.777,0.13,,,,,,,,,,,,,,,,,,,,,,,,,109763.0,
[4890],CONVERGENT MARGIN,NEW HEBRIDES ARC - VANUATU ARCHIPELAGO / CENTRAL NEW HEBRIDES ARC / EFATE,,-17.658,-17.6633,169.4383,169.4383,SAQ,-1200.0,-1960.0,s_EFA27M17 [4890],BASALT [4890],,,,,,,,,VOL,,,F,,WR [4890] ,61.8,0.8,,15.89,,0.85,4.34,,2.82,2.01,0.07,,5.6,4.5,0.3,,0.41,0.18,,,,,,,,,,,,,,,,,,,,,,,,,,,,,,,,,,,,,,,,,8.8,,140.0,42.0,,,6.7,17.0,,,,,0.8,,,96.0,257.0,21.0,90.0,3.7,,,,,,,,,0.1,,,0.68,818.0,14.3,31.0,,20.0,3.9,1.05,,0.53,3.3,,2.1,,1.9,,4.2,0.21,,,,,,,,,,,4.1,2.2,,,,,,,,,,,,,,,,,,,,,,,,,109764.0,
[4890],CONVERGENT MARGIN,NEW HEBRIDES ARC - VANUATU ARCHIPELAGO / CENTRAL NEW HEBRIDES ARC / EFATE,,-17.658,-17.6633,169.4383,169.4383,SAQ,-1200.0,-1960.0,s_EFA27M1 [4890],BASALT [4890],,,,,,,,,VOL,,,F,,WR [4890] ,63.0,0.43,,14.93,,0.65,3.3,,2.33,1.0,0.12,,4.96,4.64,0.15,,2.73,1.59,,,,,,,,,,,,,,,,,,,,,,,,,,,,,,,,,,,,,,,,,8.2,,40.0,7.0,,,7.7,1.9,,,,,3.7,,,57.6,297.0,27.0,205.0,5.1,,,,,,,,,0.23,,,1.78,912.0,24.5,50.0,,25.0,5.0,1.1,,0.62,4.1,,2.8,,2.85,,6.0,0.34,,,,,,,,,,,7.4,2.7,,,,,,,,,,,,,,,,,,,,,,,,,111061.0,
[4890],CONVERGENT MARGIN,NEW HEBRIDES ARC - VANUATU ARCHIPELAGO / CENTRAL NEW HEBRIDES ARC / EFATE,,-17.658,-17.6633,169.4383,169.4383,SAQ,-1200.0,-1960.0,s_EFA27M4 [4890],BASALT [4890],,,,,,,,,VOL,,,F,,WR [4890] ,63.4,0.5,,15.09,,0.68,3.46,,2.32,0.85,0.12,,4.92,4.55,0.15,,2.65,0.44,,,,,,,,,,,,,,,,,,,,,,,,,,,,,,,,,,,,,,,,,,,49.0,2.0,,,7.0,1.0,,,,,,,,97.0,272.0,28.0,214.0,5.3,,,,,,,,,,,,,825.0,25.0,50.0,,24.0,,1.1,,,4.1,,3.0,,3.0,,,,,,,,,,,,,,,,,,,,,,,,,,,,,,,,,,,,,,,,111062.0,
[4890],CONVERGENT MARGIN,NEW HEBRIDES ARC - VANUATU ARCHIPELAGO / CENTRAL NEW HEBRIDES ARC / EFATE,,-17.636,-17.64,169.4266,169.4266,SAQ,-600.0,-980.0,s_EFA29M3 [4890],BASALT [4890],,,,,,,,,VOL,,,F,,WR [4890] ,64.0,0.5,,15.08,,0.66,3.38,,2.21,0.81,0.12,,4.79,4.51,0.15,,2.26,0.99,,,,,,,,,,,,,,,,,,,,,,,,,,,,,,,,,,,,,,,,,,,50.0,3.0,,,7.0,2.0,,,,,,,,65.0,256.0,29.0,218.0,6.2,,,,,,,,,,,,,819.0,25.0,51.0,,25.0,,1.1,,,4.5,,3.0,,3.05,,,,,,,,,,,,,,,,,,,,,,,,,,,,,,,,,,,,,,,,111063.0,
[4890],CONVERGENT MARGIN,NEW HEBRIDES ARC - VANUATU ARCHIPELAGO / CENTRAL NEW HEBRIDES ARC / EFATE,,-17.6366,-17.64,169.44,169.44,SAQ,-700.0,-1270.0,s_EFA28M1 [4890],BASALT [4890],,,,,,,,,VOL,,,F,,WR [4890] ,64.8,0.65,,14.95,,0.6,3.08,,0.94,2.47,0.09,,6.25,3.47,0.4,,1.54,0.61,,,,,,,,,,,,,,,,,,,,,,,,,,,,,,,,,,,,,,,,,,,83.0,10.0,,,7.0,10.0,,,,,,,,114.0,153.0,22.5,150.0,3.7,,,,,,,,,,,,,1045.0,15.2,34.0,,19.0,,0.95,,,3.4,,2.3,,2.2,,,,,,,,,,,,,,,,,,,,,,,,,,,,,,,,,,,,,,,,111064.0,
[4890],CONVERGENT MARGIN,NEW HEBRIDES ARC - VANUATU ARCHIPELAGO / CENTRAL NEW HEBRIDES ARC / EFATE,,-17.643,-17.6566,169.4266,169.4266,SAQ,-1850.0,-2080.0,s_EFA26M6 [4890],DACITE [4890],,,,,,,,,VOL,,,F,,WR [4890] ,65.7,0.55,,14.36,,0.71,3.63,,2.58,1.05,0.12,,3.7,4.83,0.15,,2.16,0.33,,,,,,,,,,,,,,,,,,,,,,,,,,,,,,,,,,,,,,,,,10.3,,45.0,2.0,,,6.3,2.0,,,,,6.1,,,65.4,228.0,37.0,210.0,4.5,,,,,,,,,0.23,,,2.2,1017.0,25.0,51.0,,28.0,6.1,1.3,,0.84,5.3,,3.7,,3.9,,6.1,0.3,,,,,,,,,,,5.1,1.85,,,,,,,,,,,,,,,,,,,,,,,,,111065.0,
[4890],CONVERGENT MARGIN,NEW HEBRIDES ARC - VANUATU ARCHIPELAGO / CENTRAL NEW HEBRIDES ARC / EFATE,,-17.643,-17.6566,169.4266,169.4266,SAQ,-1850.0,-2080.0,s_EFA26M7 [4890],DACITE [4890],,,,,,,,,VOL,,,F,,WR [4890] ,66.3,0.61,,14.16,,0.69,3.53,,2.37,1.01,0.12,,3.62,4.76,0.2,,1.91,0.07,,,,,,,,,,,,,,,,,,,,,,,,,,,,,,,,,,,,,,,,,,,52.0,2.0,,,5.0,1.0,,,,,,,,70.0,272.0,38.0,210.0,4.8,,,,,,,,,,,,,950.0,25.0,50.0,,28.0,,1.45,,,5.6,,4.0,,4.05,,,,,,,,,,,,,,,,,,,,,,,,,,,,,,,,,,,,,,,,111066.0,
[4890],CONVERGENT MARGIN,NEW HEBRIDES ARC - VANUATU ARCHIPELAGO / CENTRAL NEW HEBRIDES ARC / ERROMANGO (=EROMANGA),WESTERN SCARP OF NORTHWESTERN TERMINATION (BASIS),-18.8133,-18.8266,169.6633,169.6633,SAQ,,,s_ERR22M1 [4890],CALC-ALKALI BASALT [4890],,,,,,,,,VOL,,,F,,WR [4890] ,49.0,0.79,,14.73,,1.54,7.88,,12.94,6.51,0.17,,0.81,2.08,0.2,,1.95,0.68,,,,,,,,,,,,,,,,,,,,,,,,,,,,,,,,,,,,,,,,,,,306.0,298.0,,,38.0,101.0,,,,,,,,13.0,405.0,17.0,54.0,1.3,,,,,,,,,,,,,108.0,4.9,12.0,,8.0,,0.9,,,2.5,,1.7,,1.6,,,,,,,,,,,,,,,,,,,,,,,,,,,,,,,,,,,,,,,,111067.0,
[4890],CONVERGENT MARGIN,NEW HEBRIDES ARC - VANUATU ARCHIPELAGO / CENTRAL NEW HEBRIDES ARC / ERROMANGO (=EROMANGA),ISOLATED VOLCANIC CONE TO THE NORTH OF THE TROUGH,-18.531,-18.54,169.5716,169.58,SAQ,-750.0,-910.0,s_ERR25M2 [4890],CALC-ALKALI BASALT [4890],,,,,,,,,VOL,,,F,,WR [4890] ,50.3,0.94,,16.84,,1.85,9.45,,10.55,5.91,0.16,,0.62,2.47,0.15,,-0.14,0.13,,,,,,,,,,,,,,,,,,,,,,,,,,,,,,,,,,,,,,,,,37.4,,368.0,40.0,,,40.2,33.0,,,,,1.5,,,10.8,606.0,20.0,42.0,1.2,,,,,,,,,0.08,,,0.35,168.0,5.8,15.0,,10.0,2.8,0.95,,0.51,3.2,,2.1,,1.9,,1.4,0.13,,,,,,,,,,,0.71,0.25,,,,,,,,,,,,,,,,,,,,,,,,,111068.0,
[4890],CONVERGENT MARGIN,NEW HEBRIDES ARC - VANUATU ARCHIPELAGO / CENTRAL NEW HEBRIDES ARC / ERROMANGO (=EROMANGA),WESTERN SCARP OF NORTHWESTERN TERMINATION (TOP),-18.7966,-18.7983,169.585,169.585,SAQ,-900.0,-1420.0,s_ERR24M6 [4890],CALC-ALKALI BASALT [4890],,,,,,,,,VOL,,,F,,WR [4890] ,51.3,0.79,,18.13,,1.5,7.66,,10.58,4.31,0.16,,0.85,2.85,0.1,,0.72,0.76,,,,,,,,,,,,,,,,,,,,,,,,,,,,,,,,,,,,,,,,,,,368.0,58.0,,,24.0,24.0,,,,,,,,10.0,410.0,33.0,43.0,1.3,,,,,,,,,,,,,283.0,6.4,14.0,,12.0,,1.3,,,4.4,,2.7,,2.45,,,,,,,,,,,,,,,,,,,,,,,,,,,,,,,,,,,,,,,,111070.0,
[4890],CONVERGENT MARGIN,NEW HEBRIDES ARC - VANUATU ARCHIPELAGO / CENTRAL NEW HEBRIDES ARC / ERROMANGO (=EROMANGA),WESTERN SCARP OF NORTHWESTERN TERMINATION (TOP),-18.7966,-18.7983,169.585,169.585,SAQ,-900.0,-1420.0,s_ERR24M4 [4890],ANDESITE [4890],,,,,,,,,VOL,,,F,,WR [4890] ,52.5,0.6,,14.8,,1.55,7.9,,10.33,7.21,0.14,,0.83,2.42,0.1,,0.12,0.23,,,,,,,,,,,,,,,,,,,,,,,,,,,,,,,,,,,,,,,,,37.7,,255.0,256.0,,,37.4,75.0,,,,,1.9,,,12.8,424.0,,54.0,,,,,,,,,,0.12,,,0.55,218.0,3.7,6.9,,,2.0,0.7,,,0.4,,,,2.1,,1.4,0.065,,,,,,,,,,,0.55,0.27,,,,,,,,,,,,,,,,,,,,,,,,,111071.0,
[4890],CONVERGENT MARGIN,NEW HEBRIDES ARC - VANUATU ARCHIPELAGO / CENTRAL NEW HEBRIDES ARC / ERROMANGO (=EROMANGA),WESTERN SCARP OF NORTHWESTERN TERMINATION (TOP),-18.7966,-18.7983,169.585,169.585,SAQ,-900.0,-1420.0,s_ERR24M3 [4890],DACITE [4890],,,,,,,,,VOL,,,F,,WR [4890] ,65.0,0.62,,14.6,,0.98,5.0,,3.6,1.11,0.14,,2.96,4.19,0.25,,0.92,0.27,,,,,,,,,,,,,,,,,,,,,,,,,,,,,,,,,,,,,,,,,14.1,,35.0,,,,9.3,0.9,,,,,6.9,,,49.4,244.0,38.0,153.0,3.4,,,,,,,,,0.47,,,2.2,626.0,12.5,28.0,,19.0,4.6,1.25,,0.84,5.8,,3.8,,3.9,,4.7,0.25,,,,,,,,,,,2.0,1.18,,,,,,,,,,,,,,,,,,,,,,,,,111072.0,
[4890],CONVERGENT MARGIN,NEW HEBRIDES ARC - VANUATU ARCHIPELAGO / CENTRAL NEW HEBRIDES ARC / FUTUNA,SOUTHEASTERN SCARP OF THE TROUGH (TOP),-19.77,-19.77,170.3183,170.3433,SAQ,,,s_FUT19M1 [4890],BASALT [4890],,,,,,,,,VOL,,,F,,WR [4890] ,50.0,1.0,,14.9,,1.21,6.16,,10.46,9.62,0.24,,0.83,2.29,0.25,,1.12,0.61,,,,,,,,,,,,,,,,,,,,,,,,,,,,,,,,,,,,,,,,,32.9,,231.0,943.0,,,39.2,324.0,,,,,0.9,,,12.2,789.0,18.5,68.0,6.3,,,,,,,,,0.1,,,0.36,106.0,9.2,19.5,,12.0,2.8,1.0,,0.45,3.1,,2.0,,1.6,,1.8,0.46,,,,,,,,,,,0.85,0.32,,,,,,,,,,,,,,,,,,,,,,,,,111073.0,
[4890],CONVERGENT MARGIN,NEW HEBRIDES ARC - VANUATU ARCHIPELAGO / CENTRAL NEW HEBRIDES ARC / FUTUNA,SMALL SOUTHERN RELIEF ON THE TROUGH BOTTOM,-19.9016,-19.925,170.2833,170.31,SAQ,-3150.0,-3280.0,s_FUT21M7 [4890],CALC-ALKALI BASALT [4890],,,,,,,,,VOL,,,F,,WR [4890] ,50.2,0.5,,13.16,,1.44,7.37,,11.58,10.66,0.16,,0.32,1.73,0.08,,1.13,0.43,,,,,,,,,,,,,,,,,,,,,,,,,,,,,,,,,,,,,,,,,39.7,,216.0,574.0,,,47.0,146.0,,,,,0.6,,,4.8,321.0,14.0,30.0,1.5,,,,,,,,,0.06,,,0.25,52.7,1.7,4.0,,3.0,1.1,0.5,,0.29,1.9,,1.4,,1.35,,1.0,0.043,,,,,,,,,,,0.12,0.09,,,,,,,,,,,,,,,,,,,,,,,,,111074.0,
[4890],CONVERGENT MARGIN,NEW HEBRIDES ARC - VANUATU ARCHIPELAGO / CENTRAL NEW HEBRIDES ARC / FUTUNA,VOLCANIC CONE ON THE NW FLANK OF THE TROUGH,-19.4166,-19.4266,169.91,169.925,SAQ,-1000.0,-1400.0,s_FUT20M4 [4890],CALC-ALKALI BASALT [4890],,,,,,,,,VOL,,,F,,WR [4890] ,50.5,0.86,,18.3,,1.4,7.14,,11.48,4.52,0.16,,0.46,2.57,0.1,,1.59,0.22,,,,,,,,,,,,,,,,,,,,,,,,,,,,,,,,,,,,,,,,,32.9,,279.0,22.0,,,30.0,32.0,,,,,0.6,,,5.8,336.0,19.0,37.0,1.0,,,,,,,,,0.04,,,0.17,110.0,3.3,9.0,,8.0,2.3,0.9,,0.44,2.9,,2.0,,1.75,,1.2,0.021,,,,,,,,,,,0.29,0.13,,,,,,,,,,,,,,,,,,,,,,,,,111075.0,
[4890],CONVERGENT MARGIN,NEW HEBRIDES ARC - VANUATU ARCHIPELAGO / CENTRAL NEW HEBRIDES ARC / FUTUNA,SMALL SOUTHERN RELIEF ON THE TROUGH BOTTOM,-19.9016,-19.925,170.2833,170.31,SAQ,-3150.0,-3280.0,s_FUT21M1 [4890],CALC-ALKALI BASALT [4890],,,,CENOZOIC [4890],,,,,VOL,,,F,,WR [4890] ,50.75,0.64,,14.17,,1.45,7.39,,11.7,8.73,0.16,,0.96,1.92,0.3,,0.5,0.53,,,,,,,,,,,,,,,,,,,,,,,,,,,,,,,,,,,,,,,,,41.3,,361.0,400.0,,,39.9,100.0,,,,,,,,13.7,618.0,22.0,84.0,2.3,,,,,,,,,0.04,,,0.24,157.0,17.5,45.0,,32.0,6.7,2.0,,0.65,3.6,,2.2,,1.8,,2.1,0.091,,,,,,,,,,,1.09,0.8,,,,,,,,,,,,,,,,,,,,,,,,,111076.0,
[4890],CONVERGENT MARGIN,NEW HEBRIDES ARC - VANUATU ARCHIPELAGO / CENTRAL NEW HEBRIDES ARC / FUTUNA,SOUTHEASTERN SCARP OF TROUGH (BASIS),-19.7966,-19.7966,170.275,170.275,SAQ,-2500.0,-3320.0,s_FUT16M1 [4890],BASALT [4890],,,,,,,,,VOL,,,F,,WR [4890] ,53.45,0.82,,14.72,,1.44,7.37,,6.71,4.57,0.18,,1.84,3.41,0.3,,1.99,2.23,,,,,,,,,,,,,,,,,,,,,,,,,,,,,,,,,,,,,,,,,25.5,,225.0,59.0,,,28.1,30.0,,,,,1.1,,,19.4,547.0,28.0,109.0,5.2,,,,,,,,,0.14,,,0.48,339.0,16.0,34.0,,20.0,4.4,1.4,,4.2,2.8,,2.7,,3.1,,3.1,0.28,,,,,,,,,,,2.2,0.74,,,,,,,,,,,,,,,,,,,,,,,,,111077.0,
[4890],CONVERGENT MARGIN,NEW HEBRIDES ARC - VANUATU ARCHIPELAGO / CENTRAL NEW HEBRIDES ARC / FUTUNA,SOUTHEASTERN SCARP OF THE TROUGH (MIDDLE),-19.78,-19.7933,170.2866,170.305,SAQ,-1550.0,-1750.0,s_FUT17M3 [4890],BASALT [4890],,,,,,,,,VOL,,,F,,WR [4890] ,54.1,0.68,,13.97,,1.34,6.85,,7.67,5.18,0.17,,1.64,3.19,0.3,,1.86,1.34,,,,,,,,,,,,,,,,,,,,,,,,,,,,,,,,,,,,,,,,,28.4,,195.0,139.0,,,29.3,46.0,,,,,1.9,,,28.8,437.0,25.0,87.0,3.4,,,,,,,,,0.11,,,0.84,277.0,13.4,30.0,,17.0,4.1,1.2,,0.61,3.8,,2.6,,2.25,,2.5,0.22,,,,,,,,,,,1.76,0.79,,,,,,,,,,,,,,,,,,,,,,,,,111078.0,
[4890],CONVERGENT MARGIN,NEW HEBRIDES ARC - VANUATU ARCHIPELAGO / CENTRAL NEW HEBRIDES ARC / FUTUNA,VOLCANIC CONE ON THE NW FLANK OF THE TROUGH,-19.4166,-19.4266,169.91,169.925,SAQ,-1000.0,-1400.0,s_FUT20M6 [4890],CALC-ALKALI BASALT [4890],,,,,,,,,VOL,,,F,,WR [4890] ,54.7,1.09,,19.46,,1.09,5.58,,8.68,2.98,0.13,,0.8,3.79,0.15,,0.1,0.08,,,,,,,,,,,,,,,,,,,,,,,,,,,,,,,,,,,,,,,,,22.0,,206.0,15.0,,,18.0,16.0,,,,,1.3,,,10.1,329.0,28.0,90.0,2.1,,,,,,,,,0.06,,,0.32,147.0,6.7,17.0,,13.0,3.6,1.3,,0.64,4.2,,2.7,,2.6,,2.4,0.13,,,,,,,,,,,0.71,0.29,,,,,,,,,,,,,,,,,,,,,,,,,111113.0,
[4890],CONVERGENT MARGIN,NEW HEBRIDES ARC - VANUATU ARCHIPELAGO / CENTRAL NEW HEBRIDES ARC / FUTUNA,VOLCANIC CONE ON THE NW FLANK OF THE TROUGH,-19.4166,-19.4266,169.91,169.925,SAQ,-1000.0,-1400.0,s_FUT20M1 [4890],CALC-ALKALI BASALT [4890],,,,,,,,,VOL,,,F,,WR [4890] ,55.1,1.23,,17.6,,1.17,5.95,,8.32,4.79,0.14,,0.56,3.87,0.3,,0.09,0.06,,,,,,,,,,,,,,,,,,,,,,,,,,,,,,,,,,,,,,,,,,,240.0,60.0,,,23.0,26.0,,,,,,,,7.0,249.0,32.0,142.0,2.6,,,,,,,,,,,,,68.0,7.5,21.0,,15.0,,1.3,,,4.8,,3.4,,3.1,,,,,,,,,,,,,,,,,,,,,,,,,,,,,,,,,,,,,,,,111114.0,
[4890],CONVERGENT MARGIN,NEW HEBRIDES ARC - VANUATU ARCHIPELAGO / CENTRAL NEW HEBRIDES ARC / FUTUNA,VOLCANIC CONE ON THE NW FLANK OF THE TROUGH,-19.4166,-19.4266,169.91,169.925,SAQ,-1000.0,-1400.0,s_FUT20M3 [4890],CALC-ALKALI BASALT [4890],,,,,,,,,VOL,,,F,,WR [4890] ,55.7,0.95,,17.3,,1.13,5.77,,8.3,4.56,0.14,,0.79,3.38,0.15,,0.5,0.14,,,,,,,,,,,,,,,,,,,,,,,,,,,,,,,,,,,,,,,,,29.9,,218.0,89.0,,,22.8,50.0,,,,,1.7,,,11.6,363.0,27.0,86.0,2.3,,,,,,,,,0.1,,,0.38,145.0,6.2,17.0,,12.0,3.5,1.15,,0.62,3.9,,2.7,,2.55,,2.2,0.13,,,,,,,,,,,0.55,0.3,,,,,,,,,,,,,,,,,,,,,,,,,111115.0,
[4890],CONVERGENT MARGIN,NEW HEBRIDES ARC - VANUATU ARCHIPELAGO / NEW HEBRIDES BACK ARC TROUGH / CORIOLIS TROUGHS,"CORIOLIS TROUGHS, SMALL RIDGE, WITHIN THE EN ECHELON TERMINATION OF THE TROUGH",-20.515,-20.516,170.0083,170.0116,SAQ,-2066.0,-2288.0,s_ANA4311 [4890],DACITE [4890],,,,,,,,,VOL,,,F,,WR [4890] ,60.1,0.85,,14.35,,9.7,,,5.11,2.04,0.2,,2.28,4.23,0.42,,0.87,,,,,,,,,,,,,,,,,,,,,,,,,,,,,,,,,,,,,,,,,,19.0,,150.0,2.0,,,20.0,4.0,,,,,,,,25.0,408.0,36.0,107.0,1.75,,,,,,,,,,,,,270.0,10.85,,,20.0,,1.55,,,5.5,,3.8,,3.55,,,,,,,,,,,,,,,,,,,,,,,,,,,,,,,,,,,,,,,,111116.0,
[4890],CONVERGENT MARGIN,NEW HEBRIDES ARC - VANUATU ARCHIPELAGO / NEW HEBRIDES BACK ARC TROUGH / CORIOLIS TROUGHS,"CORIOLIS TROUGHS, SMALL RIDGE, WITHIN THE EN ECHELON TERMINATION OF THE TROUGH",-20.515,-20.516,170.0083,170.0116,SAQ,-2066.0,-2288.0,s_ANA4312 [4890],DACITE [4890],,,,,,,,,VOL,,,F,,WR [4890] ,59.4,0.89,,15.16,,9.41,,,5.1,1.92,0.19,,2.44,4.73,0.45,,0.15,,,,,,,,,,,,,,,,,,,,,,,,,,,,,,,,,,,,,,,,,,19.0,,150.0,3.0,,,19.0,5.0,,,,,,,,30.0,420.0,39.0,112.0,1.95,,,,,,,,,,,,,284.0,12.45,,,21.0,,1.65,,,6.1,,4.0,,3.8,,,,,,,,,,,,,,,,,,,,,,,,,,,,,,,,,,,,,,,,111117.0,
[4890],CONVERGENT MARGIN,NEW HEBRIDES ARC - VANUATU ARCHIPELAGO / NEW HEBRIDES BACK ARC TROUGH / CORIOLIS TROUGHS,"CORIOLIS TROUGHS, SMALL RIDGE, WITHIN THE EN ECHELON TERMINATION OF THE TROUGH",-20.515,-20.516,170.0083,170.0116,SAQ,-2066.0,-2288.0,s_ANA4313 [4890],DACITE [4890],,,,,,,,,VOL,,,F,,WR [4890] ,60.35,0.87,,14.7,,9.17,,,5.14,1.93,0.17,,2.35,4.47,0.42,,0.07,,,,,,,,,,,,,,,,,,,,,,,,,,,,,,,,,,,,,,,,,,19.5,,160.0,5.0,,,19.0,5.0,,,,,,,,42.0,413.0,36.0,108.0,1.95,,,,,,,,,,,,,270.0,11.35,,,20.0,,1.5,,,5.4,,3.6,,3.3,,,,,,,,,,,,,,,,,,,,,,,,,,,,,,,,,,,,,,,,111118.0,
[4890],CONVERGENT MARGIN,NEW HEBRIDES ARC - VANUATU ARCHIPELAGO / NEW HEBRIDES BACK ARC TROUGH / CORIOLIS TROUGHS,"CORIOLIS TROUGHS, SMALL RIDGE, WITHIN THE EN ECHELON TERMINATION OF THE TROUGH",-20.515,-20.516,170.0083,170.0116,SAQ,-2066.0,-2288.0,s_ANA4314 [4890],DACITE [4890],,,,,,,,,VOL,,,F,,WR [4890] ,59.45,0.83,,13.95,,9.85,,,5.1,1.99,0.21,,2.37,4.17,0.41,,1.47,,,,,,,,,,,,,,,,,,,,,,,,,,,,,,,,,,,,,,,,,,19.0,,157.0,3.0,,,20.0,5.0,,,,,,,,30.0,398.0,36.0,102.0,1.45,,,,,,,,,,,,,273.0,12.1,,,20.0,,1.7,,,5.7,,3.7,,3.5,,,,,,,,,,,,,,,,,,,,,,,,,,,,,,,,,,,,,,,,111119.0,
[4890],CONVERGENT MARGIN,NEW HEBRIDES ARC - VANUATU ARCHIPELAGO / NEW HEBRIDES BACK ARC TROUGH / CORIOLIS TROUGHS,"CORIOLIS TROUGHS, SMALL RIDGE, WITHIN THE EN ECHELON TERMINATION OF THE TROUGH",-20.515,-20.516,170.0083,170.0116,SAQ,-2066.0,-2288.0,s_ANA4315 [4890],DACITE [4890],,,,,,,,,VOL,,,F,,WR [4890] ,58.7,0.83,,14.09,,9.78,,,5.04,1.99,0.21,,2.04,4.34,0.43,,1.62,,,,,,,,,,,,,,,,,,,,,,,,,,,,,,,,,,,,,,,,,,18.5,,150.0,3.0,,,19.0,5.0,,,,,,,,24.0,400.0,36.0,105.0,0.85,,,,,,,,,,,,,257.0,11.35,,,20.0,,1.5,,,5.5,,3.7,,3.5,,,,,,,,,,,,,,,,,,,,,,,,,,,,,,,,,,,,,,,,111120.0,
[4890],CONVERGENT MARGIN,NEW HEBRIDES ARC - VANUATU ARCHIPELAGO / NEW HEBRIDES BACK ARC TROUGH / CORIOLIS TROUGHS,"CORIOLIS TROUGHS, SMALL RIDGE, WITHIN THE EN ECHELON TERMINATION OF THE TROUGH",-20.515,-20.516,170.0083,170.0116,SAQ,-2066.0,-2288.0,s_ANA4316 [4890],DACITE [4890],,,,,,,,,VOL,,,F,,WR [4890] ,58.65,0.83,,13.95,,9.67,,,5.03,1.94,0.21,,2.15,4.3,0.4,,1.95,,,,,,,,,,,,,,,,,,,,,,,,,,,,,,,,,,,,,,,,,,18.5,,153.0,3.0,,,20.0,5.0,,,,,,,,30.0,397.0,36.0,104.0,1.45,,,,,,,,,,,,,260.0,10.85,,,19.0,,1.45,,,5.5,,3.7,,3.45,,,,,,,,,,,,,,,,,,,,,,,,,,,,,,,,,,,,,,,,111125.0,
[4890],CONVERGENT MARGIN,NEW HEBRIDES ARC - VANUATU ARCHIPELAGO / NEW HEBRIDES BACK ARC TROUGH / CORIOLIS TROUGHS,"CORIOLIS TROUGHS, SMALL RIDGE, WITHIN THE EN ECHELON TERMINATION OF THE TROUGH",-20.515,-20.516,170.0083,170.0116,SAQ,-2066.0,-2288.0,s_ANA4318 [4890],DACITE [4890],,,,,,,,,VOL,,,F,,WR [4890] ,58.6,0.82,,13.86,,9.6,,,4.96,1.95,0.21,,2.1,4.4,0.41,,3.4,,,,,,,,,,,,,,,,,,,,,,,,,,,,,,,,,,,,,,,,,,18.5,,150.0,4.0,,,19.0,5.0,,,,,,,,32.0,390.0,35.0,102.0,1.5,,,,,,,,,,,,,260.0,10.7,,,20.0,,1.55,,,5.4,,3.5,,3.45,,,,,,,,,,,,,,,,,,,,,,,,,,,,,,,,,,,,,,,,111127.0,
[4890],CONVERGENT MARGIN,NEW HEBRIDES ARC - VANUATU ARCHIPELAGO / NEW HEBRIDES BACK ARC TROUGH / CORIOLIS TROUGHS,"CORIOLIS TROUGHS, SMALL RIDGE, WITHIN THE EN ECHELON TERMINATION OF THE TROUGH",-20.515,-20.516,170.0083,170.0116,SAQ,-2066.0,-2288.0,s_ANA43110 [4890],DACITE [4890],,,,,,,,,VOL,,,F,,WR [4890] ,58.6,0.81,,13.9,,9.65,,,5.0,1.93,0.21,,2.05,4.33,0.4,,2.73,,,,,,,,,,,,,,,,,,,,,,,,,,,,,,,,,,,,,,,,,,18.0,,150.0,3.0,,,18.0,5.0,,,,,,,,31.0,396.0,35.0,102.0,1.3,,,,,,,,,,,,,260.0,10.7,,,19.0,,1.45,,,5.5,,3.6,,3.38,,,,,,,,,,,,,,,,,,,,,,,,,,,,,,,,,,,,,,,,111128.0,
[4890],CONVERGENT MARGIN,NEW HEBRIDES ARC - VANUATU ARCHIPELAGO / NEW HEBRIDES BACK ARC TROUGH / CORIOLIS TROUGHS,"CORIOLIS TROUGHS, SMALL RIDGE, WITHIN THE EN ECHELON TERMINATION OF THE TROUGH",-20.515,-20.516,170.0083,170.0116,SAQ,-2066.0,-2288.0,s_ANA43112 [4890],DACITE [4890],,,,,,,,,VOL,,,F,,WR [4890] ,58.85,0.82,,14.03,,9.7,,,4.98,1.95,0.21,,2.17,4.27,0.4,,2.3,,,,,,,,,,,,,,,,,,,,,,,,,,,,,,,,,,,,,,,,,,18.5,,153.0,5.0,,,19.0,6.0,,,,,,,,45.0,398.0,37.0,102.0,1.7,,,,,,,,,,,,,264.0,11.25,,,20.0,,1.35,,,5.5,,3.5,,3.43,,,,,,,,,,,,,,,,,,,,,,,,,,,,,,,,,,,,,,,,111129.0,
[4890],CONVERGENT MARGIN,NEW HEBRIDES ARC - VANUATU ARCHIPELAGO / NEW HEBRIDES BACK ARC TROUGH / CORIOLIS TROUGHS,"CORIOLIS TROUGHS, EASTERN FLANK OF THE EN ECHELON TERMINATION OF THE TROUGH",-20.565,-20.566,170.0433,170.0466,SAQ,-1923.0,-2054.0,s_ANA4531 [4890],DACITE [4890],,,,,,,,,VOL,,,F,,WR [4890] ,60.15,0.76,,14.2,,8.79,,,4.73,1.9,0.2,,2.34,4.36,0.41,,1.91,,,,,,,,,,,,,,,,,,,,,,,,,,,,,,,,,,,,,,,,,,17.0,,137.0,9.0,,,18.0,8.0,,,,,,,,31.0,382.0,36.0,116.0,1.5,,,,,,,,,,,,,273.0,11.95,,,20.0,,1.45,,,5.3,,3.7,,3.45,,,,,,,,,,,,,,,,,,,,,,,,,,,,,,,,,,,,,,,,111134.0,
[4890],CONVERGENT MARGIN,NEW HEBRIDES ARC - VANUATU ARCHIPELAGO / NEW HEBRIDES BACK ARC TROUGH / CORIOLIS TROUGHS,"CORIOLIS TROUGHS, EASTERN FLANK OF THE EN ECHELON TERMINATION OF THE TROUGH",-20.565,-20.566,170.0433,170.0466,SAQ,-1923.0,-2054.0,s_ANA4532 [4890],DACITE [4890],,,,,,,,,VOL,,,F,,WR [4890] ,60.2,0.76,,14.15,,8.65,,,4.73,1.87,0.19,,2.32,4.54,0.41,,2.0,,,,,,,,,,,,,,,,,,,,,,,,,,,,,,,,,,,,,,,,,,17.0,,136.0,9.0,,,18.0,8.0,,,,,,,,32.0,379.0,37.0,115.0,1.6,,,,,,,,,,,,,269.0,12.3,,,21.0,,1.45,,,5.6,,3.8,,3.5,,,,,,,,,,,,,,,,,,,,,,,,,,,,,,,,,,,,,,,,111135.0,
[4890],CONVERGENT MARGIN,NEW HEBRIDES ARC - VANUATU ARCHIPELAGO / NEW HEBRIDES BACK ARC TROUGH / CORIOLIS TROUGHS,"CORIOLIS TROUGHS, EASTERN FLANK OF THE EN ECHELON TERMINATION OF THE TROUGH",-20.565,-20.566,170.0433,170.0466,SAQ,-1923.0,-2054.0,s_ANA4533 [4890],DACITE [4890],,,,,,,,,VOL,,,F,,WR [4890] ,60.4,0.76,,14.15,,8.64,,,4.64,1.88,0.19,,2.31,4.44,0.4,,1.75,,,,,,,,,,,,,,,,,,,,,,,,,,,,,,,,,,,,,,,,,,17.0,,136.0,11.0,,,17.0,9.0,,,,,,,,31.0,373.0,37.0,117.0,1.9,,,,,,,,,,,,,274.0,12.45,,,21.0,,1.5,,,5.5,,3.9,,3.5,,,,,,,,,,,,,,,,,,,,,,,,,,,,,,,,,,,,,,,,111136.0,
[4890],CONVERGENT MARGIN,NEW HEBRIDES ARC - VANUATU ARCHIPELAGO / NEW HEBRIDES BACK ARC TROUGH / CORIOLIS TROUGHS,"CORIOLIS TROUGHS, EASTERN FLANK OF THE EN ECHELON TERMINATION OF THE TROUGH",-20.565,-20.566,170.0433,170.0466,SAQ,-1923.0,-2054.0,s_ANA4534 [4890],DACITE [4890],,,,,,,,,VOL,,,F,,WR [4890] ,60.1,0.76,,14.05,,8.75,,,4.67,1.86,0.21,,2.32,4.42,0.4,,1.89,,,,,,,,,,,,,,,,,,,,,,,,,,,,,,,,,,,,,,,,,,16.5,,138.0,15.0,,,17.0,13.0,,,,,,,,32.0,375.0,37.0,115.0,1.25,,,,,,,,,,,,,272.0,12.8,,,22.0,,1.55,,,5.6,,3.5,,3.48,,,,,,,,,,,,,,,,,,,,,,,,,,,,,,,,,,,,,,,,111137.0,
[4890],CONVERGENT MARGIN,NEW HEBRIDES ARC - VANUATU ARCHIPELAGO / CENTRAL NEW HEBRIDES ARC / CORIOLIS TROUGHS,"CORIOLIS TROUGHS, VOLCANIC CONE (MT YOKOSUKA) TO THE EAST OF THE TROUGH",-20.0433,-20.0466,170.6633,170.6716,SAQ,-1055.0,-1144.0,s_ANA4641 [4890],BASALT [4890],,,,,,,,,VOL,,,F,,WR [4890] ,48.65,0.77,,14.15,,9.62,,,12.5,5.72,0.13,,2.23,2.11,0.45,,3.33,,,,,,,,,,,,,,,,,,,,,,,,,,,,,,,,,,,,,,,,,,35.0,,310.0,264.0,,,36.0,76.0,,,,,,,,51.0,665.0,18.0,73.0,1.05,,,,,,,,,,,,,165.0,10.75,,,17.0,,1.25,,,3.2,,1.8,,1.7,,,,,,,,,,,,,,,,,,,,,,,,,,,,,,,,,,,,,,,,111138.0,
[4124],CONVERGENT MARGIN,NEW HEBRIDES ARC - VANUATU ARCHIPELAGO / CENTRAL NEW HEBRIDES ARC / NGUNA / NGUNA / OFFSHORE SUITE,,-17.46,-17.46,168.3,168.3,SAE,,,s_1 [4124],BASALT [4124],,,,,,,,,VOL,,,,,WR [4124] ,47.46,0.97,,17.72,,5.35,6.31,,11.29,5.56,0.21,,0.63,2.71,0.33,,0.2,0.68,,,,,,,,,,,,,,,,,,,,,,,,,,,,,,,,,,,,,,,,,,,,,,,,,,,,,,,,,,,,,,,,,,,,,,,,,,,,,,,,,,,,,,,,,,,,,,,,,,,,,,,,,,,,,,,,,,,,,,,,,,,,,,112477.0,
[4124],CONVERGENT MARGIN,NEW HEBRIDES ARC - VANUATU ARCHIPELAGO / CENTRAL NEW HEBRIDES ARC / PELE / PELE / OFFSHORE SUITE,,-17.5,-17.5,168.4,168.4,SAE,,,s_2 [4124],BASALT [4124],,,,,,,,,VOL,,,,,WR [4124] ,45.94,0.79,,18.6,,4.58,5.55,,12.2,7.41,0.17,,0.52,2.22,0.26,,0.27,0.95,,,,,,,,,,,,,,,,,,,,,,,,,,,,,,,,,,,,,,,,,,,,,,,,,,,,,,,,,,,,,,,,,,,,,,,,,,,,,,,,,,,,,,,,,,,,,,,,,,,,,,,,,,,,,,,,,,,,,,,,,,,,,,112478.0,
[4124],CONVERGENT MARGIN,NEW HEBRIDES ARC - VANUATU ARCHIPELAGO / CENTRAL NEW HEBRIDES ARC / EFATE / QUOIN HILL / MAINLAND SUITE,,-17.57,-17.57,168.42,168.42,SAE,,,s_3 [4124],BASALT [4124],,,,,,,,,VOL,,,,,WR [4124] ,46.32,0.93,,17.3,,5.81,5.45,,11.68,6.46,0.2,,0.68,2.49,0.47,,0.48,1.2,,,,,,,,,,,,,,,,,,,,,,,,,,,,,,,,,,,,,,,,,,,,,,,,,,,,,,,,,,,,,,,,,,,,,,,,,,,,,,,,,,,,,,,,,,,,,,,,,,,,,,,,,,,,,,,,,,,,,,,,,,,,,,112479.0,
[4124],CONVERGENT MARGIN,NEW HEBRIDES ARC - VANUATU ARCHIPELAGO / CENTRAL NEW HEBRIDES ARC / EMAU (MAO) / EMAU (MAO) / OFFSHORE SUITE,,-17.5,-17.5,168.48,168.48,SAE,,,s_4 [4124],BASALT [4124],,,,,,,,,VOL,,,,,WR [4124] ,46.81,0.87,,17.87,,5.27,6.08,,12.08,6.04,0.2,,0.68,2.42,0.29,,0.14,0.59,,,,,,,,,,,,,,,,,,,,,,,,,,,,,,,,,,,,,,,,,,,,,,,,,,,,,,,,,,,,,,,,,,,,,,,,,,,,,,,,,,,,,,,,,,,,,,,,,,,,,,,,,,,,,,,,,,,,,,,,,,,,,,112480.0,
[4124],CONVERGENT MARGIN,NEW HEBRIDES ARC - VANUATU ARCHIPELAGO / CENTRAL NEW HEBRIDES ARC / EFATE / MOUNT FATMALAPA / MAINLAND SUITE,,-17.58,-17.58,168.37,168.37,SAE,,,s_54 [4124],BASALT [4124],,,,,,,,,VOL,,,,,WR [4124] ,46.22,0.93,,18.2,,5.76,5.42,,11.7,6.05,0.2,,0.62,2.1,0.37,,0.66,2.15,,,,,,,,,,,,,,,,,,,,,,,,,,,,,,,,,,,,,,,,,,,,,,,,,,,,,,,,,,,,,,,,,,,,,,,,,,,,,,,,,,,,,,,,,,,,,,,,,,,,,,,,,,,,,,,,,,,,,,,,,,,,,,112481.0,
[4124],CONVERGENT MARGIN,NEW HEBRIDES ARC - VANUATU ARCHIPELAGO / CENTRAL NEW HEBRIDES ARC / EMAU (MAO) / EMAU (MAO) / OFFSHORE SUITE,,-17.5,-17.5,168.48,168.48,SAE,,,s_55 [4124],BASALT [4124],,,,,,,,,VOL,,,,,WR [4124] ,46.7,0.83,,16.62,,5.54,6.28,,12.12,7.41,0.2,,0.68,2.22,0.23,,0.15,0.61,,,,,,,,,,,,,,,,,,,,,,,,,,,,,,,,,,,,,,,,,,,,,,,,,,,,,,,,,,,,,,,,,,,,,,,,,,,,,,,,,,,,,,,,,,,,,,,,,,,,,,,,,,,,,,,,,,,,,,,,,,,,,,112482.0,
[4124],CONVERGENT MARGIN,NEW HEBRIDES ARC - VANUATU ARCHIPELAGO / CENTRAL NEW HEBRIDES ARC / NGUNA / NGUNA / OFFSHORE SUITE,,-17.46,-17.46,168.3,168.3,SAE,,,s_14 [4124],BASALT [4124],,,,,,,,,VOL,,,,,WR [4124] ,49.4,0.95,,17.53,,3.76,7.31,,10.17,4.9,0.22,,0.52,3.11,0.39,,0.19,0.6,,,,,,,,,,,,,,,,,,,,,,,,,,,,,,,,,,,,,,,,,,,,,,,,,,,,,,,,,,,,,,,,,,,,,,,,,,,,,,,,,,,,,,,,,,,,,,,,,,,,,,,,,,,,,,,,,,,,,,,,,,,,,,112483.0,
[3787],CONVERGENT MARGIN,NEW HEBRIDES ARC - VANUATU ARCHIPELAGO / SOUTHERN NEW HEBRIDES ARC / ERROMANGO (=EROMANGA) / MOUNT RANTOP,,-18.666,-18.833,169.333,169.333,SAE,,,s_E15 [3787],BASALT [3787],,,,PLIOCENE [3787],,,,,VOL,,,,,WR [3787] ,48.03,0.64,,15.66,,5.64,5.03,,12.85,7.4,0.24,,0.83,1.8,0.17,,0.84,1.21,,,,,,,,,,,,,,,,,,,,,,,,,,,,,,,,,,,,,,,,,,,338.0,225.0,,,48.0,55.0,141.0,72.0,,,,,,10.0,399.0,16.1,34.0,,,,,,,,,,,,,,,,,,,,,,,,,,,,,0.91,,,,,,,,,,,,0.3,,,,,,,,,,,,,,,,,,,,,,,,,,112665.0,
[3787],CONVERGENT MARGIN,NEW HEBRIDES ARC - VANUATU ARCHIPELAGO / SOUTHERN NEW HEBRIDES ARC / ERROMANGO (=EROMANGA) / MOUNT RANTOP,,-18.666,-18.833,169.333,169.333,SAE,,,s_E11 [3787],BASALT [3787],,,,PLIOCENE [3787],,,,,VOL,,,,,WR [3787] ,46.97,0.73,,17.17,,3.34,8.02,,11.24,6.84,0.22,,0.41,1.85,0.15,,0.42,1.37,,,,,,,,,,,,,,,,,,,,,,,,,,,,,,,,,,,,,,,,,39.8,,379.0,67.0,,,42.0,34.0,123.0,86.0,,,,,,7.0,441.0,15.3,27.0,1.2,,,,,,,,,,,,,133.0,3.0,8.0,,,1.9,0.64,,0.36,,,,,1.4,0.28,,,,,,,,,,,,,0.24,,,,,,,,,,,,,,,,,,,,,,,,,,112666.0,
[3787],CONVERGENT MARGIN,NEW HEBRIDES ARC - VANUATU ARCHIPELAGO / SOUTHERN NEW HEBRIDES ARC / ERROMANGO (=EROMANGA) / MOUNT RANTOP,,-18.666,-18.833,169.333,169.333,SAE,,,s_E16 [3787],BASALT [3787],,,,PLIOCENE [3787],,,,,VOL,,,,,WR [3787] ,48.72,0.64,,18.7,,5.95,4.68,,10.95,4.95,0.19,,0.85,2.24,0.17,,0.37,1.01,,,,,,,,,,,,,,,,,,,,,,,,,,,,,,,,,,,,,,,,,32.2,,331.0,56.0,,,37.0,28.0,50.0,78.0,,,,,,9.6,500.0,17.1,32.0,1.6,,,,,,,,,,,,,153.0,3.8,8.8,,,2.0,0.69,,0.38,,,,,1.55,0.28,0.98,,,,,,,,,,,,0.29,,,,,,,,,,,,,,,,,,,,,,,,,,112667.0,
[3787],CONVERGENT MARGIN,NEW HEBRIDES ARC - VANUATU ARCHIPELAGO / SOUTHERN NEW HEBRIDES ARC / ERROMANGO (=EROMANGA) / MOUNT RANTOP,,-18.666,-18.833,169.333,169.333,SAE,,,s_E40 [3787],BASALT [3787],,,,PLIOCENE [3787],,,,,VOL,,,,,WR [3787] ,53.96,0.56,,19.6,,3.52,4.42,,8.27,2.87,0.17,,1.29,3.02,0.24,,0.5,1.33,,,,,,,,,,,,,,,,,,,,,,,,,,,,,,,,,,,,,,,,,17.4,,155.0,10.0,,,19.0,8.0,70.0,80.0,,,,,,19.8,445.0,21.1,52.0,1.1,,,,,,,,,,,,,213.0,5.0,12.3,,,2.55,0.85,,0.45,,,,,1.9,0.38,1.48,,,,,,,,,,,,0.5,,,,,,,,,,,,,,,,,,,,,,,,,,112669.0,
[3787],CONVERGENT MARGIN,NEW HEBRIDES ARC - VANUATU ARCHIPELAGO / SOUTHERN NEW HEBRIDES ARC / ERROMANGO (=EROMANGA) / MOUNT RANTOP,MONT RANTOP,-18.666,-18.833,169.166,169.333,SAE,,,s_E57 [3787],BASALT [3787],,,,,,,,,VOL,,,,,WR [3787] ,49.44,0.77,,19.02,,5.1,5.4,,11.1,4.44,0.2,,0.52,2.08,0.12,,0.29,0.72,,,,,,,,,,,,,,,,,,,,,,,,,,,,,,,,,,,,,,,,,34.3,,319.0,19.0,,,30.0,14.0,98.0,70.0,,,,,,6.0,485.0,15.3,25.0,2.2,,,,,,,,,,,,,,2.7,6.4,,,1.8,0.63,,0.34,,,,,1.41,0.25,0.76,,,,,,,,,,,,,,,,,,,,,,,,,,,,,,,,,,,,,,112674.0,
[4553],CONVERGENT MARGIN,NEW HEBRIDES ARC - VANUATU ARCHIPELAGO / NORTH FIJI BASIN / DREDGE N17-79,,-23.02,-23.02,172.4,172.4,SAQ,-4400.0,-4650.0,s_79/9 [4553],THOLEIITIC BASALT [4553],,,,,,,,,VOL,,,F,,WR [4553] ,57.23,1.09,,15.96,,,,9.56,6.98,2.69,0.15,,0.45,2.71,0.14,,,,,,,,,,,,,,,,,,,,,,,,,,,,,,,,,,,,,,,,,,,,,,,,,,,,,,,,,,,,,,,,,,,,,,,,,,,,,,,,,,,,,,,,,,,,,,,,,,,,,,,,,,,,,,,,,,,,,,,,,,,,,,,,,112743.0,
[4553],CONVERGENT MARGIN,NEW HEBRIDES ARC - VANUATU ARCHIPELAGO / NORTH FIJI BASIN / DREDGE N17-79,,-23.02,-23.02,172.4,172.4,SAQ,-4400.0,-4650.0,s_79/20 [4553],THOLEIITIC BASALT [4553],,,,,,,,,VOL,,,F,,WR [4553] ,56.12,0.89,,15.52,,,,10.01,8.66,4.18,0.14,,0.32,2.81,0.09,,,,,,,,,,,,,,,,,,,,,,,,,,,,,,,,,,,,,,,,,,,,,,,,,,,,,,,,,,,,,,,,,,,,,,,,,,,,,,,,,,,,,,,,,,,,,,,,,,,,,,,,,,,,,,,,,,,,,,,,,,,,,,,,,112744.0,
[4553],CONVERGENT MARGIN,NEW HEBRIDES ARC - VANUATU ARCHIPELAGO / NORTH FIJI BASIN / DREDGE N17-115,,-22.65,-22.65,173.22,173.22,SAQ,-5560.0,-5880.0,s_115/4 [4553],THOLEIITIC BASALT [4553],,,,,,,,,VOL,,,F,,WR [4553] ,51.23,0.42,,15.74,,,,9.25,12.69,7.09,0.17,,0.22,1.47,0.05,,,,,,,,,,,,,,,,,,,,,,,,,,,,,,,,,,,,,,,,,,,,,,,,,,,,,,,,,,,,,,,,,,,,,,,,,,,,,,,,,,,,,,,,,,,,,,,,,,,,,,,,,,,,,,,,,,,,,,,,,,,,,,,,,112745.0,
[4553],CONVERGENT MARGIN,NEW HEBRIDES ARC - VANUATU ARCHIPELAGO / NORTH FIJI BASIN / DREDGE N17-78,,-23.07,-23.07,172.43,172.43,SAQ,-4650.0,-5280.0,s_78/64 [4553],THOLEIITIC BASALT [4553],,,,,,,,,VOL,,,F,,WR [4553] ,56.68,0.8,,16.08,,,,10.7,8.26,3.6,0.16,,0.51,2.55,0.15,,,,,,,,,,,,,,,,,,,,,,,,,,,,,,,,,,,,,,,,,,,,,,,,,,,,,,,,,,,,,,,,,,,,,,,,,,,,,,,,,,,,,,,,,,,,,,,,,,,,,,,,,,,,,,,,,,,,,,,,,,,,,,,,,112746.0,
[4553],CONVERGENT MARGIN,NEW HEBRIDES ARC - VANUATU ARCHIPELAGO / NORTH FIJI BASIN / DREDGE N17-87,,-22.7,-22.7,172.4,172.4,SAQ,-2260.0,-2630.0,s_87/7 [4553],THOLEIITIC BASALT [4553],,,,,,,,,VOL,,,F,,WR [4553] ,55.07,0.93,,14.81,,,,11.26,8.88,4.39,0.21,,0.44,2.68,0.09,,,,,,,,,,,,,,,,,,,,,,,,,,,,,,,,,,,,,,,,,,,,,,,,,,,,,,,,,,,,,,,,,,,,,,,,,,,,,,,,,,,,,,,,,,,,,,,,,,,,,,,,,,,,,,,,,,,,,,,,,,,,,,,,,112747.0,
[4553],CONVERGENT MARGIN,NEW HEBRIDES ARC - VANUATU ARCHIPELAGO / NORTH FIJI BASIN / DREDGE N17-113,,-22.62,-22.62,173.22,173.22,SAQ,-5160.0,-5560.0,s_113/8 [4553],THOLEIITIC BASALT [4553],,,,,,,,,VOL,,,F,,WR [4553] ,52.41,0.57,,15.32,,,,9.93,11.34,6.46,0.18,,0.44,2.03,0.06,,,,,,,,,,,,,,,,,,,,,,,,,,,,,,,,,,,,,,,,,,,,,,,,,,,,,,,,,,,,,,,,,,,,,,,,,,,,,,,,,,,,,,,,,,,,,,,,,,,,,,,,,,,,,,,,,,,,,,,,,,,,,,,,,112748.0,
[4553],CONVERGENT MARGIN,NEW HEBRIDES ARC - VANUATU ARCHIPELAGO / NORTH FIJI BASIN / DREDGE N17-81,,-22.97,-22.97,172.45,172.45,SAQ,-3040.0,-3480.0,s_81/18 [4553],BONINITE [4553],,,,,,,,,VOL,,,F,,WR [4553] ,57.32,0.23,,17.72,,,,8.51,9.39,3.12,0.1,,0.29,1.34,0.03,,,,,,,,,,,,,,,,,,,,,,,,,,,,,,,,,,,,,,,,,,,,,,,,,,,,,,,,,,,,,,,,,,,,,,,,,,,,,,,,,,,,,,,,,,,,,,,,,,,,,,,,,,,,,,,,,,,,,,,,,,,,,,,,,112749.0,
[4553],CONVERGENT MARGIN,NEW HEBRIDES ARC - VANUATU ARCHIPELAGO / NORTH FIJI BASIN / DREDGE N17-76,,-23.1,-23.1,172.47,172.47,SAQ,-6200.0,-6280.0,s_76/35 [4553],BONINITE [4553],,,,,,,,,VOL,,,F,,WR [4553] ,56.09,0.17,,15.03,,,,8.0,11.22,5.82,0.13,,0.28,1.06,0.0,,,,,,,,,,,,,,,,,,,,,,,,,,,,,,,,,,,,,,,,,,,,,,,,,,,,,,,,,,,,,,,,,,,,,,,,,,,,,,,,,,,,,,,,,,,,,,,,,,,,,,,,,,,,,,,,,,,,,,,,,,,,,,,,,112750.0,
[4553],CONVERGENT MARGIN,NEW HEBRIDES ARC - VANUATU ARCHIPELAGO / NORTH FIJI BASIN / DREDGE N17-78,,-23.07,-23.07,172.43,172.43,SAQ,-4650.0,-5280.0,s_78/66 [4553],BONINITE [4553],,,,,,,,,VOL,,,F,,WR [4553] ,55.83,0.19,,13.85,,,,8.3,12.3,8.07,0.08,,0.22,0.88,0.0,,,,,,,,,,,,,,,,,,,,,,,,,,,,,,,,,,,,,,,,,,,,,,,,,,,,,,,,,,,,,,,,,,,,,,,,,,,,,,,,,,,,,,,,,,,,,,,,,,,,,,,,,,,,,,,,,,,,,,,,,,,,,,,,,112751.0,
[4553],CONVERGENT MARGIN,NEW HEBRIDES ARC - VANUATU ARCHIPELAGO / NORTH FIJI BASIN / DREDGE N17-88,,-22.77,-22.77,172.53,172.53,SAQ,-2360.0,-2800.0,s_88/14 [4553],BONINITE [4553],,,,,,,,,VOL,,,F,,WR [4553] ,68.87,0.73,,14.61,,,,5.48,4.84,1.28,0.14,,1.07,3.63,0.19,,,,,,,,,,,,,,,,,,,,,,,,,,,,,,,,,,,,,,,,,,,,,,,,,,,,,,,,,,,,,,,,,,,,,,,,,,,,,,,,,,,,,,,,,,,,,,,,,,,,,,,,,,,,,,,,,,,,,,,,,,,,,,,,,112752.0,
[4553],CONVERGENT MARGIN,NEW HEBRIDES ARC - VANUATU ARCHIPELAGO / NORTH FIJI BASIN / DREDGE N17-76,,-23.1,-23.1,172.47,172.47,SAQ,-6200.0,-6280.0,s_76/39 [4553],BONINITE [4553],,,,,,,,,VOL,,,F,,WR [4553] ,59.72,0.49,,14.87,,,,8.74,8.0,3.46,0.1,,0.54,2.76,0.08,,,,,,,,,,,,,,,,,,,,,,,,,,,,,,,,,,,,,,,,,,,,,,,,,,,,,,,,,,,,,,,,,,,,,,,,,,,,,,,,,,,,,,,,,,,,,,,,,,,,,,,,,,,,,,,,,,,,,,,,,,,,,,,,,112753.0,
[4553],CONVERGENT MARGIN,NEW HEBRIDES ARC - VANUATU ARCHIPELAGO / NORTH FIJI BASIN / DREDGE N17-105,,-22.53,-22.53,172.98,172.98,SAQ,-4040.0,-4620.0,s_105/1 [4553],BONINITE [4553],,,,,,,,,VOL,,,F,,WR [4553] ,54.82,0.42,,13.71,,,,9.55,10.99,6.76,0.18,,0.44,1.9,0.05,,,,,,,,,,,,,,,,,,,,,,,,,,,,,,,,,,,,,,,,,,,,,,,,,,,,,,,,,,,,,,,,,,,,,,,,,,,,,,,,,,,,,,,,,,,,,,,,,,,,,,,,,,,,,,,,,,,,,,,,,,,,,,,,,112754.0,
[4553],CONVERGENT MARGIN,NEW HEBRIDES ARC - VANUATU ARCHIPELAGO / NORTH FIJI BASIN / DREDGE N17-117,,-22.7,-22.7,173.22,173.22,SAQ,-4480.0,-4800.0,s_117/16 [4553],BASALT [4553],,,,,,,,,VOL,,,F,,WR [4553] ,50.44,2.36,,13.05,,,,14.06,10.19,5.9,0.18,,0.09,2.17,0.17,,,,,,,,,,,,,,,,,,,,,,,,,,,,,,,,,,,,,,,,,,,,,,,,,,,,,,,,,,,,,,,,,,,,,,,,,,,,,,,,,,,,,,,,,,,,,,,,,,,,,,,,,,,,,,,,,,,,,,,,,,,,,,,,,112755.0,
[4553],CONVERGENT MARGIN,NEW HEBRIDES ARC - VANUATU ARCHIPELAGO / NORTH FIJI BASIN / DREDGE N17-122,,-20.52,-20.52,172.23,172.23,SAQ,-3200.0,-3400.0,s_122/11 [4553],BASALT [4553],,,,,,,,,VOL,,,F,,WR [4553] ,50.53,1.4,,14.91,,,,10.65,12.33,7.75,0.11,,0.06,2.26,0.08,,,,,,,,,,,,,,,,,,,,,,,,,,,,,,,,,,,,,,,,,,,,,,,,,,,,,,,,,,,,,,,,,,,,,,,,,,,,,,,,,,,,,,,,,,,,,,,,,,,,,,,,,,,,,,,,,,,,,,,,,,,,,,,,,112756.0,
[4553],CONVERGENT MARGIN,NEW HEBRIDES ARC - VANUATU ARCHIPELAGO / NORTH FIJI BASIN / DREDGE N17-117,,-22.7,-22.7,173.22,173.22,SAQ,-4480.0,-4800.0,s_117/4 [4553],BASALT [4553],,,,,,,,,VOL,,,F,,WR [4553] ,50.25,1.33,,15.03,,,,10.67,12.22,7.88,0.19,,0.05,2.29,0.11,,,,,,,,,,,,,,,,,,,,,,,,,,,,,,,,,,,,,,,,,,,,,,,,,,,,,,,,,,,,,,,,,,,,,,,,,,,,,,,,,,,,,,,,,,,,,,,,,,,,,,,,,,,,,,,,,,,,,,,,,,,,,,,,,112757.0,
[4553],CONVERGENT MARGIN,NEW HEBRIDES ARC - VANUATU ARCHIPELAGO / NORTH FIJI BASIN / DREDGE N17-117,,-22.7,-22.7,173.22,173.22,SAQ,-4480.0,-4800.0,s_117/5 [4553],BASALT [4553],,,,,,,,,VOL,,,F,,WR [4553] ,48.76,1.5,,17.25,,,,9.15,11.74,7.96,0.1,,0.02,3.26,0.05,,,,,,,,,,,,,,,,,,,,,,,,,,,,,,,,,,,,,,,,,,,,,,,,,,,,,,,,,,,,,,,,,,,,,,,,,,,,,,,,,,,,,,,,,,,,,,,,,,,,,,,,,,,,,,,,,,,,,,,,,,,,,,,,,112758.0,
[4553],CONVERGENT MARGIN,NEW HEBRIDES ARC - VANUATU ARCHIPELAGO / NORTH FIJI BASIN / DREDGE N17-117,,-22.7,-22.7,173.22,173.22,SAQ,-4480.0,-4800.0,s_117/2 [4553],BASALT [4553],,,,,,,,,VOL,,,F,,WR [4553] ,48.76,1.56,,17.0,,,,9.32,11.86,8.18,0.19,,0.02,3.26,0.11,,,,,,,,,,,,,,,,,,,,,,,,,,,,,,,,,,,,,,,,,,,,,,,,,,,,,,,,,,,,,,,,,,,,,,,,,,,,,,,,,,,,,,,,,,,,,,,,,,,,,,,,,,,,,,,,,,,,,,,,,,,,,,,,,112759.0,
[4553],CONVERGENT MARGIN,NEW HEBRIDES ARC - VANUATU ARCHIPELAGO / NORTH FIJI BASIN / DREDGE N17-123,,-20.48,-20.48,172.25,172.25,SAQ,-2620.0,-2800.0,s_123/2 [4553],BASALT [4553],,,,,,,,,VOL,,,F,,WR [4553] ,48.69,1.38,,17.37,,,,8.83,12.13,8.29,0.12,,0.13,3.07,0.06,,,,,,,,,,,,,,,,,,,,,,,,,,,,,,,,,,,,,,,,,,,,,,,,,,,,,,,,,,,,,,,,,,,,,,,,,,,,,,,,,,,,,,,,,,,,,,,,,,,,,,,,,,,,,,,,,,,,,,,,,,,,,,,,,112760.0,
[4553],CONVERGENT MARGIN,NEW HEBRIDES ARC - VANUATU ARCHIPELAGO / NORTH FIJI BASIN / DREDGE N17-108,,-22.17,-22.17,173.22,173.22,SAQ,-1320.0,-1520.0,s_108/14 [4553],ANDESITE [4553],,,,,,,,,VOL,,,F,,WR [4553] ,58.42,0.87,,15.86,,,,7.09,7.87,4.01,0.06,,0.71,3.6,0.14,,,,,,,,,,,,,,,,,,,,,,,,,,,,,,,,,,,,,,,,,,,,,,,,,,,,,,,,,,,,,,,,,,,,,,,,,,,,,,,,,,,,,,,,,,,,,,,,,,,,,,,,,,,,,,,,,,,,,,,,,,,,,,,,,112761.0,
[4553],CONVERGENT MARGIN,NEW HEBRIDES ARC - VANUATU ARCHIPELAGO / NORTH FIJI BASIN / DREDGE N17-108,,-22.17,-22.17,173.22,173.22,SAQ,-1320.0,-1520.0,s_108/7 [4553],ANDESITE [4553],,,,,,,,,VOL,,,F,,WR [4553] ,58.11,0.8,,16.04,,,,6.96,8.29,4.51,0.12,,0.67,3.65,0.12,,,,,,,,,,,,,,,,,,,,,,,,,,,,,,,,,,,,,,,,,,,,,,,,,,,,,,,,,,,,,,,,,,,,,,,,,,,,,,,,,,,,,,,,,,,,,,,,,,,,,,,,,,,,,,,,,,,,,,,,,,,,,,,,,112762.0,
[4553],CONVERGENT MARGIN,NEW HEBRIDES ARC - VANUATU ARCHIPELAGO / NORTH FIJI BASIN / DREDGE N17-101,,-22.25,-22.25,172.75,172.75,SAQ,-2000.0,-2000.0,s_101/1 [4553],BASALTIC-ANDESITE [4553],,,,,,,,,VOL,,,F,,WR [4553] ,53.14,0.99,,16.4,,,,8.02,10.55,5.18,0.1,,0.29,3.1,0.11,,,,,,,,,,,,,,,,,,,,,,,,,,,,,,,,,,,,,,,,,,,,,,,,,,,,,,,,,,,,,,,,,,,,,,,,,,,,,,,,,,,,,,,,,,,,,,,,,,,,,,,,,,,,,,,,,,,,,,,,,,,,,,,,,112763.0,
[4553],CONVERGENT MARGIN,NEW HEBRIDES ARC - VANUATU ARCHIPELAGO / NORTH FIJI BASIN / DREDGE N17-73,,-23.17,-23.17,172.43,172.43,SAQ,-6120.0,-6500.0,s_73/8 [4553],BASALT [4553],,,,,,,,,VOL,,,F,,WR [4553] ,49.19,2.05,,16.57,,,,9.14,10.68,7.16,0.12,,0.58,3.23,0.41,,,,,,,,,,,,,,,,,,,,,,,,,,,,,,,,,,,,,,,,,,,,,,,,,,,,,,,,,,,,,,,,,,,,,,,,,,,,,,,,,,,,,,,,,,,,,,,,,,,,,,,,,,,,,,,,,,,,,,,,,,,,,,,,,112764.0,
[4553],CONVERGENT MARGIN,NEW HEBRIDES ARC - VANUATU ARCHIPELAGO / NORTH FIJI BASIN / DREDGE N17-73,,-23.17,-23.17,172.43,172.43,SAQ,-6120.0,-6500.0,s_73/2 [4553],BASALT [4553],,,,,,,,,VOL,,,F,,WR [4553] ,49.51,2.15,,16.83,,,,9.05,10.69,7.19,0.15,,0.59,3.56,0.41,,,,,,,,,,,,,,,,,,,,,,,,,,,,,,,,,,,,,,,,,,,,,,,,,,,,,,,,,,,,,,,,,,,,,,,,,,,,,,,,,,,,,,,,,,,,,,,,,,,,,,,,,,,,,,,,,,,,,,,,,,,,,,,,,112765.0,
[4553],CONVERGENT MARGIN,NEW HEBRIDES ARC - VANUATU ARCHIPELAGO / NORTH FIJI BASIN / DREDGE N17-73,,-23.17,-23.17,172.43,172.43,SAQ,-6120.0,-6500.0,s_73/1 [4553],BASALT [4553],,,,,,,,,VOL,,,F,,WR [4553] ,48.63,2.07,,16.5,,,,9.25,10.63,7.31,0.16,,0.59,3.52,0.37,,,,,,,,,,,,,,,,,,,,,,,,,,,,,,,,,,,,,,,,,,,,,,,,,,,,,,,,,,,,,,,,,,,,,,,,,,,,,,,,,,,,,,,,,,,,,,,,,,,,,,,,,,,,,,,,,,,,,,,,,,,,,,,,,112766.0,
[4553],CONVERGENT MARGIN,NEW HEBRIDES ARC - VANUATU ARCHIPELAGO / NORTH FIJI BASIN / DREDGE N17-86,,-22.78,-22.78,172.3,172.3,SAQ,-2900.0,-3160.0,s_86/9 [4553],RHYOLITE [4553],,,,,,,,,VOL,,,F,,WR [4553] ,69.84,0.72,,12.25,,,,6.31,3.18,0.7,0.18,,0.98,4.6,0.22,,,,,,,,,,,,,,,,,,,,,,,,,,,,,,,,,,,,,,,,,,,,,,,,,,,,,,,,,,,,,,,,,,,,,,,,,,,,,,,,,,,,,,,,,,,,,,,,,,,,,,,,,,,,,,,,,,,,,,,,,,,,,,,,,112769.0,
[20673],CONVERGENT MARGIN,NEW HEBRIDES ARC - VANUATU ARCHIPELAGO / BANKS ISLANDS / GAUA (SANTA MARIA) / GAUA (SANTA MARIA),"PRE-CALDERA, OLD MASSIF",-14.3525,-14.3525,167.4317,167.4317,SAE,,,s_SM8A [20673],BASALT [20673],,,,,,,,,VOL,,,,,WR [20673] ,49.06,0.8,,13.34,,,,10.86,12.39,8.53,0.21,,0.74,2.39,0.47,,,,,,,,,,,,,,,,1.96,,,,,,,,,,,,,,9.2,,,,,,,,,,,,,,38.0,,335.0,305.0,,,45.0,80.0,,,,,,,,3.77,845.0,17.8,86.0,1.72,,,,,,,,,,,,0.12,483.0,18.7,39.4,5.34,23.6,5.42,1.66,4.9,0.63,3.51,0.64,1.74,,1.53,0.22,2.33,0.09,,,,,,,,,7.4,,2.43,0.7,0.512875,,,0.704185,,18.173,,15.506,,38.277,,,,,,,,0.283081,,,,,,,1140270.0,
[20673],CONVERGENT MARGIN,NEW HEBRIDES ARC - VANUATU ARCHIPELAGO / BANKS ISLANDS / GAUA (SANTA MARIA) / GAUA (SANTA MARIA),"PRE-CALDERA, OLD MASSIF",-14.3525,-14.3525,167.4317,167.4317,SAE,,,s_SM8E [20673],BASALT [20673],,,,,,,,,VOL,,,,,WR [20673] ,48.28,0.73,,12.14,,,,11.16,12.48,10.59,0.2,,1.05,1.89,0.24,,,,,,,,,,,,,,,,0.55,,,,,,,,,,,,,,7.1,,,,,,,,,,,,,,43.0,,340.0,275.0,,,53.0,125.0,,,,,,,,12.7,650.0,16.2,49.0,0.9,,,,,,,,,,,,0.14,309.0,12.3,22.9,3.54,16.3,3.77,1.19,3.6,0.49,2.89,0.57,1.57,,1.39,0.2,1.54,0.05,,,,,,,,,4.3,,1.43,0.47,0.512938,,,0.703983,,18.214,,15.502,,38.265,,,,,,,,0.283139,,,,,,,1140271.0,
[20673],CONVERGENT MARGIN,NEW HEBRIDES ARC - VANUATU ARCHIPELAGO / BANKS ISLANDS / GAUA (SANTA MARIA) / GAUA (SANTA MARIA),"PRE-CALDERA, OLD MASSIF",-14.3267,-14.3267,167.4378,167.4378,SAE,,,s_SM 9A [20673],ANDESITE [20673],,,,,,,,,VOL,,,,,WR [20673] ,59.01,0.67,,19.08,,,,6.32,2.62,0.79,0.17,,4.71,5.47,0.46,,,,,,,,,,,,,,,,1.99,,,,,,,,,,,,,,18.2,,,,,,,,,,,,,,8.0,,110.0,3.0,,,14.0,3.0,,,,,,,,75.8,632.0,25.3,165.0,3.9,,,,,,,,,,,,0.26,912.0,33.1,58.8,8.96,35.7,7.15,1.8,5.58,0.79,4.61,0.91,2.7,,2.71,0.4,4.19,0.22,,,,,,,,,14.8,,5.94,2.22,0.512963,,,0.704055,,18.206,,15.507,,38.26,,,,,,,,0.283143,,,,,,,1140272.0,
[20673],CONVERGENT MARGIN,NEW HEBRIDES ARC - VANUATU ARCHIPELAGO / BANKS ISLANDS / GAUA (SANTA MARIA) / GAUA (SANTA MARIA),"PRE-CALDERA, OLD MASSIF",-14.3267,-14.3267,167.4378,167.4378,SAE,,,s_SM9B [20673],BASALTIC-ANDESITE [20673],,,,,,,,,VOL,,,,,WR [20673] ,54.99,0.75,,17.2,,,,8.1,6.43,3.0,0.2,,3.46,4.52,0.45,,,,,,,,,,,,,,,,0.09,,,,,,,,,,,,,,16.7,,,,,,,,,,,,,,15.0,,245.0,10.0,,,25.0,11.0,,,,,,,,58.2,769.0,25.3,124.0,2.92,,,,,,,,,,,,0.28,743.0,25.8,49.0,6.49,27.0,5.54,1.6,4.87,0.68,4.08,0.83,2.4,,2.39,0.35,3.24,0.15,,,,,,,,,10.6,,4.33,1.62,,,,,,,,,,,,,,,,,,,,,,,,,1140273.0,
[20673],CONVERGENT MARGIN,NEW HEBRIDES ARC - VANUATU ARCHIPELAGO / BANKS ISLANDS / GAUA (SANTA MARIA) / GAUA (SANTA MARIA),"PRE-CALDERA, OLD MASSIF, DEVIL ROCK",-14.2578,-14.2578,167.4239,167.4239,SAE,,,s_SM11B1 [20673],BASALT [20673],,,,,,,,,VOL,,,,,WR [20673] ,50.56,0.83,,15.53,,,,10.48,10.15,5.08,0.21,,2.34,3.19,0.46,,,,,,,,,,,,,,,,0.51,,,,,,,,,,,,,,11.8,,,,,,,,,,,,,,26.0,,322.0,60.0,,,37.0,23.0,,,,,,,,43.4,958.0,19.9,88.0,2.0,,,,,,,,,,,,0.52,539.0,20.9,41.7,5.66,24.7,5.26,1.59,4.76,0.62,3.62,0.73,2.01,,1.85,0.28,2.42,0.1,,,,,,,,,8.5,,2.84,1.08,0.512947,,,0.704044,,18.184,,15.512,,38.252,,,,,,,,0.283147,,,,,,,1140274.0,
[20673],CONVERGENT MARGIN,NEW HEBRIDES ARC - VANUATU ARCHIPELAGO / BANKS ISLANDS / GAUA (SANTA MARIA) / GAUA (SANTA MARIA),"PRE-CALDERA, OLD MASSIF, DEVIL ROCK",-14.2578,-14.2578,167.4239,167.4239,SAE,,,s_SM11B2 [20673],BASALTIC-ANDESITE [20673],,,,,,,,,VOL,,,,,WR [20673] ,53.58,0.88,,16.8,,,,9.01,7.03,3.36,0.21,,3.42,4.04,0.67,,,,,,,,,,,,,,,,1.33,,,,,,,,,,,,,,15.6,,,,,,,,,,,,,,16.0,,320.0,7.0,,,27.0,14.0,,,,,,,,63.7,847.0,25.5,126.0,2.97,,,,,,,,,,,,0.87,722.0,29.0,57.3,7.5,31.6,6.43,1.84,5.58,0.75,4.48,0.89,2.55,,2.42,0.36,3.26,0.15,,,,,,,,,12.9,,4.45,1.67,0.51295,,,0.704045,,18.187,,15.508,,38.263,,,,,,,,0.28315,,,,,,,1140275.0,
[20673],CONVERGENT MARGIN,NEW HEBRIDES ARC - VANUATU ARCHIPELAGO / BANKS ISLANDS / GAUA (SANTA MARIA) / GAUA (SANTA MARIA),"PRE-CALDERA, MAIN CONE",-14.3625,-14.3625,167.5621,167.5621,SAE,,,s_SM 2A [20673],BASALT [20673],,,,,,,,,VOL,,,,,WR [20673] ,51.06,0.85,,18.59,,,,9.93,8.51,4.07,0.24,,1.88,3.44,0.3,,,,,,,,,,,,,,,,1.58,,,,,,,,,,,,,,22.9,,,,,,,,,,,,,,20.0,,334.0,2.0,,,33.0,11.0,,,,,,,,23.4,892.0,25.5,77.0,1.53,,,,,,,,,,,,0.07,571.0,17.5,34.7,5.24,23.6,5.35,1.65,4.89,0.69,4.23,0.85,2.43,,2.21,0.33,2.31,0.09,,,,,,,,,7.6,,2.28,0.68,0.512953,,,0.704034,,18.19,,15.504,,38.253,,,,,,,,0.283149,,,,,,,1140276.0,
[20673],CONVERGENT MARGIN,NEW HEBRIDES ARC - VANUATU ARCHIPELAGO / BANKS ISLANDS / GAUA (SANTA MARIA) / GAUA (SANTA MARIA),"PRE-CALDERA, MAIN CONE",-14.3625,-14.3625,167.5621,167.5621,SAE,,,s_SM 2B [20673],ANDESITE [20673],,,,,,,,,VOL,,,,,WR [20673] ,57.45,0.87,,16.93,,,,8.27,4.11,1.71,0.24,,3.86,4.95,0.68,,,,,,,,,,,,,,,,0.86,,,,,,,,,,,,,,15.6,,,,,,,,,,,,,,12.0,,192.0,2.0,,,21.0,2.0,,,,,,,,64.6,694.0,32.8,150.0,3.43,,,,,,,,,,,,0.28,892.0,31.9,65.4,8.71,36.7,7.76,2.1,6.53,0.94,5.68,1.15,3.38,,3.26,0.49,4.02,0.18,,,,,,,,,14.2,,5.11,1.93,0.512945,,,0.704064,,18.172,,15.505,,38.255,,,,,,,,0.283143,,,,,,,1140277.0,
[20673],CONVERGENT MARGIN,NEW HEBRIDES ARC - VANUATU ARCHIPELAGO / BANKS ISLANDS / GAUA (SANTA MARIA) / GAUA (SANTA MARIA),"PRE-CALDERA, OLD MASSIF",-14.3525,-14.3525,167.4317,167.4317,SAE,,,s_SM8B [20673],BASALT [20673],,,,,,,,,VOL,,,,,WR [20673] ,49.87,0.83,,15.32,,,,11.08,10.84,6.11,0.22,,1.74,2.45,0.31,,,,,,,,,,,,,,,,2.07,,,,,,,,,,,,,,16.6,,,,,,,,,,,,,,35.0,,325.0,125.0,,,42.0,35.0,,,,,,,,24.0,722.0,19.4,77.0,1.66,,,,,,,,,,,,1.24,439.0,17.3,35.0,4.85,21.5,4.78,1.43,4.36,0.59,3.5,0.69,1.95,,1.79,0.27,2.21,0.09,,,,,,,,,7.3,,2.58,0.49,0.512957,,,0.704035,,18.207,,15.504,,38.262,,,,,,,,0.283145,,,,,,,1140278.0,
[20673],CONVERGENT MARGIN,NEW HEBRIDES ARC - VANUATU ARCHIPELAGO / BANKS ISLANDS / GAUA (SANTA MARIA) / GAUA (SANTA MARIA),"PRE-CALDERA, MAIN CONE",-14.2192,-14.2192,167.4556,167.4556,SAE,,,s_SM15C [20673],BASALT [20673],,,,,,,,,VOL,,,,,WR [20673] ,51.4,0.76,,16.61,,,,9.54,10.32,4.88,0.2,,1.76,3.15,0.33,,,,,,,,,,,,,,,,0.09,,,,,,,,,,,,,,10.0,,,,,,,,,,,,,,27.0,,320.0,80.0,,,34.0,30.0,,,,,,,,26.5,865.0,19.5,72.0,1.51,,,,,,,,,,,,0.17,441.0,15.3,32.1,4.45,19.7,4.48,1.38,4.15,0.58,3.5,0.71,2.03,,1.92,0.29,2.08,0.09,,,,,,,,,6.3,,2.18,0.67,0.512951,,,0.704049,,18.169,,15.505,,38.247,,,,,,,,0.283149,,,,,,,1140279.0,
[20673],CONVERGENT MARGIN,NEW HEBRIDES ARC - VANUATU ARCHIPELAGO / BANKS ISLANDS / GAUA (SANTA MARIA) / GAUA (SANTA MARIA),"PRE-CALDERA, MAIN CONE",-14.2122,-14.2122,167.4736,167.4736,SAE,,,s_SM17A [20673],BASALTIC-ANDESITE [20673],,,,,,,,,VOL,,,,,WR [20673] ,54.98,0.82,,17.55,,,,8.25,6.42,2.51,0.23,,3.33,4.45,0.55,,,,,,,,,,,,,,,,-0.04,,,,,,,,,,,,,,15.0,,,,,,,,,,,,,,12.0,,240.0,2.0,,,21.0,4.0,,,,,,,,51.3,914.0,27.7,124.0,2.74,,,,,,,,,,,,0.34,759.0,27.1,53.3,7.39,31.5,6.6,1.88,5.67,0.8,4.92,0.97,2.76,,2.66,0.4,3.42,0.14,,,,,,,,,11.2,,4.15,1.0,,,,,,,,,,,,,,,,,,,,,,,,,1140280.0,
[20673],CONVERGENT MARGIN,NEW HEBRIDES ARC - VANUATU ARCHIPELAGO / BANKS ISLANDS / GAUA (SANTA MARIA) / GAUA (SANTA MARIA),"PRE-CALDERA, MAIN CONE, S COAST OF LAKE LETAS",-14.3061,-14.3061,167.5269,167.5269,SAE,,,s_SM27 [20673],ANDESITE [20673],,,,,,,,,VOL,,,,,WR [20673] ,60.31,0.76,,16.98,,,,6.57,3.87,1.33,0.13,,4.05,4.87,0.41,,,,,,,,,,,,,,,,0.96,,,,,,,,,,,,,,16.7,,,,,,,,,,,,,,10.0,,172.0,2.0,,,10.0,4.0,,,,,,,,63.8,584.0,22.1,153.0,3.26,,,,,,,,,,,,0.56,958.0,20.8,39.1,4.95,20.8,4.4,1.65,3.89,0.57,3.69,0.78,2.31,,2.5,0.38,4.08,0.17,,,,,,,,,13.5,,5.05,1.93,0.51295,,,0.704057,,18.157,,15.507,,38.253,,,,,,,,0.283175,,,,,,,1140281.0,
[20673],CONVERGENT MARGIN,NEW HEBRIDES ARC - VANUATU ARCHIPELAGO / BANKS ISLANDS / GAUA (SANTA MARIA) / GAUA (SANTA MARIA),"PRE-CALDERA, MAIN CONE",-14.2736,-14.2736,167.5722,167.5722,SAE,,,s_SM 57 [20673],BASALTIC-ANDESITE [20673],,,,,,,,,VOL,,,,,WR [20673] ,56.9,0.9,,16.72,,,,7.91,4.97,2.09,0.24,,3.85,4.94,0.6,,,,,,,,,,,,,,,,-0.29,,,,,,,,,,,,,,15.3,,,,,,,,,,,,,,11.0,,200.0,3.0,,,20.0,2.0,,,,,,,,59.2,726.0,31.3,140.0,3.15,,,,,,,,,,,,0.4,869.0,29.3,60.2,8.09,34.0,7.33,2.03,6.75,0.95,5.59,1.13,3.29,,3.12,0.47,3.84,0.18,,,,,,,,,17.7,,4.8,1.83,0.512942,,,0.704069,,18.152,,15.508,,38.255,,,,,,,,0.283159,,,,,,,1140282.0,
[20673],CONVERGENT MARGIN,NEW HEBRIDES ARC - VANUATU ARCHIPELAGO / BANKS ISLANDS / GAUA (SANTA MARIA) / GAUA (SANTA MARIA),BASE OF MOUNT GARET,-14.275,-14.275,167.5,167.5,SAE,,,s_SM23A [20673],BASALT [20673],,,,,,,,,VOL,,,,,WR [20673] ,49.83,0.76,,17.67,,,,10.43,11.29,5.19,0.22,,0.87,2.42,0.16,,,,,,,,,,,,,,,,-0.06,,,,,,,,,,,,,,7.9,,,,,,,,,,,,,,28.0,,465.0,7.0,,,37.0,16.0,,,,,,,,11.3,891.0,16.3,45.0,0.79,,,,,,,,,,,,0.25,312.0,7.2,16.0,2.33,11.2,3.04,0.99,3.07,0.46,2.87,0.59,1.68,,1.59,0.24,1.4,0.05,,,,,,,,,5.2,,1.25,0.43,0.512974,,,0.704172,,18.143,,15.511,,38.299,,,,,,,,0.283153,,,,,,,1140289.0,
[20673],CONVERGENT MARGIN,NEW HEBRIDES ARC - VANUATU ARCHIPELAGO / BANKS ISLANDS / GAUA (SANTA MARIA) / GAUA (SANTA MARIA),BASE OF MOUNT GARET,-14.2706,-14.2706,167.5125,167.5125,SAE,,,s_SM25 [20673],BASALT [20673],,,,,,,,,VOL,,,,,WR [20673] ,50.51,0.76,,17.85,,,,9.86,11.11,4.82,0.21,,1.0,2.61,0.17,,,,,,,,,,,,,,,,0.01,,,,,,,,,,,,,,8.0,,,,,,,,,,,,,,26.0,,445.0,6.0,,,34.0,12.0,,,,,,,,14.5,911.0,16.4,44.0,0.74,,,,,,,,,,,,0.27,339.0,8.2,17.8,2.61,12.3,3.24,1.06,3.22,0.47,2.94,0.6,1.77,,1.62,0.25,1.43,0.03,,,,,,,,,7.0,,1.25,0.46,0.512934,,,0.704174,,18.084,,15.504,,38.255,,,,,,,,0.283182,,,,,,,1140290.0,
[20673],CONVERGENT MARGIN,NEW HEBRIDES ARC - VANUATU ARCHIPELAGO / BANKS ISLANDS / GAUA (SANTA MARIA) / GAUA (SANTA MARIA),"MOUNT GARET, MIDDLE OF LAKE LETAS",-14.2694,-14.2694,167.4992,167.4992,SAE,,,s_SM52 [20673],BASALT [20673],,,,,,,,,VOL,,,,,WR [20673] ,49.39,0.76,,17.2,,,,10.83,11.28,5.77,0.24,,0.76,2.37,0.18,,,,,,,,,,,,,,,,1.31,,,,,,,,,,,,,,9.8,,,,,,,,,,,,,,32.0,,450.0,34.0,,,39.0,22.0,,,,,,,,10.8,819.0,15.5,45.0,0.81,,,,,,,,,,,,0.34,326.0,7.9,17.0,2.47,11.6,3.06,0.99,3.0,0.45,2.77,0.57,1.63,,1.55,0.23,1.39,0.05,,,,,,,,,6.4,,1.3,0.42,0.512949,,,0.704204,,18.084,,15.504,,38.255,,,,,,,,0.28316,,,,,,,1140291.0,
[20673],CONVERGENT MARGIN,NEW HEBRIDES ARC - VANUATU ARCHIPELAGO / BANKS ISLANDS / GAUA (SANTA MARIA) / GAUA (SANTA MARIA),"MOUNT GARET, SOUTHERN CRATER",-14.2858,-14.2858,167.5178,167.5178,SAE,,,s_SM42 [20673],BASALT [20673],,,,,,,,,VOL,,,,,WR [20673] ,51.36,,,18.43,,,,9.7,10.07,3.99,0.23,,1.09,3.02,0.2,,,,,,,,,,,,,,,,0.28,,,,,,,,,,,,,,8.4,,,,,,,,,,,,,,22.0,,450.0,3.0,,,32.0,6.0,,,,,,,,14.0,963.0,19.4,51.0,0.84,,,,,,,,,,,,0.27,384.0,8.5,20.3,2.85,13.8,3.63,1.21,3.64,0.55,3.48,0.69,2.01,,1.88,0.28,1.64,0.03,,,,,,,,,7.8,,1.26,0.49,0.512954,,,0.70414,,18.104,,15.503,,38.255,,,,,,,,0.283172,,,,,,,1140292.0,
[20673],CONVERGENT MARGIN,NEW HEBRIDES ARC - VANUATU ARCHIPELAGO / BANKS ISLANDS / GAUA (SANTA MARIA) / GAUA (SANTA MARIA),"MOUNT GARET, SOUTHERN CRATER",-14.2872,-14.2872,167.52,167.52,SAE,,,s_SM43 [20673],BASALT [20673],,,,,,,,,VOL,,,,,WR [20673] ,51.45,,,18.44,,,,9.65,9.81,4.0,0.23,,1.12,3.2,0.2,,,,,,,,,,,,,,,,0.05,,,,,,,,,,,,,,9.6,,,,,,,,,,,,,,22.0,,445.0,2.0,,,31.0,7.0,,,,,,,,15.7,963.0,19.7,52.0,0.84,,,,,,,,,,,,0.29,386.0,9.6,21.2,3.12,14.8,3.89,1.25,3.87,0.57,3.49,0.72,2.12,,1.97,0.3,1.65,0.04,,,,,,,,,7.6,,1.33,0.5,0.512947,,,0.704134,,18.108,,15.506,,38.264,,,,,,,,0.283178,,,,,,,1140293.0,
[20673],CONVERGENT MARGIN,NEW HEBRIDES ARC - VANUATU ARCHIPELAGO / BANKS ISLANDS / GAUA (SANTA MARIA) / GAUA (SANTA MARIA),,-14.25,-14.25,167.5,167.5,SAE,,,s_GA21 [20673],DACITE [20673],,,,,,,,,VOL,,,,,WR [20673] ,63.67,,,16.63,,,,3.68,1.67,0.67,0.14,,5.62,5.62,0.16,,,,,,,,,,,,,,,,0.64,,,,,,,,,,,,,,,,,,,,,,,,,,,,,,25.0,,,,4.0,,,,,,,,,101.0,223.0,28.3,211.0,4.13,,,,,,,,,,,,1.5,1024.0,29.3,54.2,6.99,27.1,5.62,1.24,4.52,0.7,4.36,,2.75,,3.26,0.52,5.48,0.28,,,,,,,,,19.0,,7.24,2.85,0.512965,,,0.704063,,18.169,,15.513,,38.272,,,,,,,,,,,,,,,1140294.0,
[20672],CONVERGENT MARGIN,NEW HEBRIDES ARC - VANUATU ARCHIPELAGO / BANKS ISLANDS / GAUA (SANTA MARIA) / GAUA (SANTA MARIA),"MOUNT GARET, 2009 - 2010 ERUPTION",-14.25,-14.25,167.5,167.5,SAE,,,s_GAUA 26 [20672],BASALTIC-ANDESITE [20672],,,,,,,,,VOL,,,,,WR [20672] ,52.12,0.72,,16.45,,,,9.32,9.76,4.69,0.19,,1.7,3.14,0.21,,,,,,,,,,,,,,,,-0.24,,,,,,,,,,,,,,,,,,,,,,,,,,,,26.4,,307.2,43.89,,,31.61,24.58,95.37,90.05,18.01,1.485,,,,28.97,569.1,19.05,77.89,1.356,1.517,,,,,0.124,,0.811,0.1,,,0.582,408.7,10.38,21.01,2.742,13.6,3.463,1.049,3.402,0.528,3.21,0.655,1.894,0.286,1.976,0.319,2.192,0.098,0.265,,,,,,,,11.0469,,1.987,0.88,,,,,,,,,,,,,,,,,,,,,,,,,1141522.0,
[20672],CONVERGENT MARGIN,NEW HEBRIDES ARC - VANUATU ARCHIPELAGO / BANKS ISLANDS / GAUA (SANTA MARIA) / GAUA (SANTA MARIA),"MOUNT GARET, 2009 - 2010 ERUPTION",-14.25,-14.25,167.5,167.5,SAE,,,s_GAUA 27B [20672],BASALTIC-ANDESITE [20672],,,,,,,,,VOL,,,,,WR [20672] ,52.25,0.72,,16.55,,,,9.17,9.7,4.57,0.19,,1.73,3.14,0.2,,,,,,,,,,,,,,,,-0.03,,,,,,,,,,,,,,,,,,,,,,,,,,,,20.3,,294.7,56.86,,,30.55,24.19,148.0,90.44,17.82,1.458,,,,28.83,558.0,18.67,77.52,1.544,1.624,,,,,0.103,,0.867,0.12,,,0.576,402.4,10.35,20.73,2.701,13.59,3.409,1.02,3.38,0.514,3.174,0.644,1.866,0.282,1.964,0.309,2.195,0.105,0.935,,,,,,,,7.4107,,2.004,0.834,,,,,,,,,,,,,,,,,,,,,,,,,1141523.0,
[20672],CONVERGENT MARGIN,NEW HEBRIDES ARC - VANUATU ARCHIPELAGO / BANKS ISLANDS / GAUA (SANTA MARIA) / GAUA (SANTA MARIA),BUSHMAN BAY,-14.2265,-14.2265,167.44158,167.44158,SAE,,,s_GAUA 17 [20672],BASALT [20672],,,,,,,,,VOL,,,,,WR [20672] ,50.41,0.85,,16.59,,,,9.8,8.6,3.96,0.23,,2.09,3.62,0.4,,,,,,,,,,,,,,,,1.6,,,,,,,,,,,,,,,,,,,,,,,,,,,,20.1,,,4.0,,,34.7,12.0,,,,,,,,37.2,879.0,,94.0,,,,,,,,,,0.15,,,0.52,544.0,19.08,43.7,,24.3,5.72,1.73,,0.698,,,,,2.65,,2.85,0.136,,,,,,,,,,,2.97,1.27,,,,,,,,,,,,,,,,,,,,,,,,,1141524.0,
[20672],CONVERGENT MARGIN,NEW HEBRIDES ARC - VANUATU ARCHIPELAGO / BANKS ISLANDS / GAUA (SANTA MARIA) / GAUA (SANTA MARIA),BUSHMAN BAY,-14.22261,-14.22261,167.4515,167.4515,SAE,,,s_GAUA 24 [20672],BASALT [20672],,,,,,,,,VOL,,,,,WR [20672] ,51.16,0.85,,16.68,,,,9.83,8.27,3.95,0.22,,1.91,3.45,0.37,,,,,,,,,,,,,,,,2.22,,,,,,,,,,,,,,,,,,,,,,,,,,,,19.8,,300.0,6.948,,,31.18,13.18,153.7,115.5,19.5,1.451,,,,32.65,819.5,21.98,87.98,1.707,1.233,,,,,0.115,,1.213,0.12,,,0.518,489.0,17.67,35.18,4.418,21.96,4.955,1.512,4.557,0.665,3.824,0.765,2.176,0.324,2.229,0.351,2.474,0.133,0.356,,,,,,,,8.8725,,2.82,1.152,,,,,,,,,,,,,,,,,,,,,,,,,1141525.0,
[20672],CONVERGENT MARGIN,NEW HEBRIDES ARC - VANUATU ARCHIPELAGO / BANKS ISLANDS / GAUA (SANTA MARIA) / GAUA (SANTA MARIA),BUSHMAN BAY,-14.22261,-14.22261,167.4515,167.4515,SAE,,,s_GAUA 25B [20672],BASALT [20672],,,,,,,,,VOL,,,,,WR [20672] ,51.01,0.85,,16.61,,,,9.83,8.56,4.21,0.23,,2.15,3.83,0.41,,,,,,,,,,,,,,,,0.73,,,,,,,,,,,,,,,,,,,,,,,,,,,,19.6,,311.6,8.648,,,31.15,15.43,198.0,116.4,19.26,1.397,,,,34.66,817.9,22.9,86.29,1.72,1.344,,,,,,,0.933,0.11,,,0.487,502.6,18.6,35.53,4.575,22.63,5.099,1.542,4.796,0.682,3.971,0.789,2.246,0.334,2.285,0.359,2.39,0.118,0.276,,,,,,,,7.3465,,2.734,1.056,,,,,,,,,,,,,,,,,,,,,,,,,1141526.0,
[20672],CONVERGENT MARGIN,NEW HEBRIDES ARC - VANUATU ARCHIPELAGO / BANKS ISLANDS / GAUA (SANTA MARIA) / GAUA (SANTA MARIA),DEVIL ROCKS,-14.24997,-14.24997,167.42464,167.42464,SAE,,,s_GAUA 12A [20672],BASALT [20672],,,,,,,,,VOL,,,,,WR [20672] ,48.79,0.76,,12.81,,,,10.02,12.63,8.27,0.19,,1.66,2.56,0.27,,,,,,,,,,,,,,,,0.76,,,,,,,,,,,,,,,,,,,,,,,,,,,,36.8,,332.0,300.5,,,43.12,54.74,82.06,86.67,16.13,1.731,,,,22.1,750.3,15.42,59.66,1.16,0.602,,,,,,,0.821,0.058,,,0.188,395.6,13.85,27.89,3.856,17.03,3.976,1.214,3.462,0.495,2.806,0.547,1.476,0.218,1.448,0.22,1.738,0.077,,,,,,,,,5.798,,2.022,0.697,,,,,,,,,,,,,,,,,,,,,,,,,1141527.0,
[20672],CONVERGENT MARGIN,NEW HEBRIDES ARC - VANUATU ARCHIPELAGO / BANKS ISLANDS / GAUA (SANTA MARIA) / GAUA (SANTA MARIA),BURILAN,-14.41092,-14.41092,167.51336,167.51336,SAE,,,s_GAUA 9B [20672],BASALT [20672],,,,,,,,,VOL,,,,,WR [20672] ,50.78,0.82,,16.74,,,,9.5,8.64,4.05,0.22,,2.05,3.65,0.32,,,,,,,,,,,,,,,,1.23,,,,,,,,,,,,,,,,,,,,,,,,,,,,19.6,,,5.0,,,33.9,12.4,,,,,,,,36.8,903.0,,81.0,,,,,,,,,,0.12,,,0.47,513.0,17.77,39.5,,23.1,5.3,1.63,,0.63,,,,,2.33,,2.7,0.127,,,,,,,,,,,2.65,1.06,,,,,,,,,,,,,,,,,,,,,,,,,1141528.0,
[20672],CONVERGENT MARGIN,NEW HEBRIDES ARC - VANUATU ARCHIPELAGO / BANKS ISLANDS / GAUA (SANTA MARIA) / GAUA (SANTA MARIA),BURILAN,-14.41092,-14.41092,167.51336,167.51336,SAE,,,s_GAUA 11 [20672],BASALTIC-ANDESITE [20672],,,,,,,,,VOL,,,,,WR [20672] ,52.02,0.76,,17.09,,,,8.45,7.17,3.49,0.22,,2.61,3.82,0.35,,,,,,,,,,,,,,,,2.15,,,,,,,,,,,,,,,,,,,,,,,,,,,,15.5,,,5.0,,,28.7,13.0,,,,,,,,46.3,918.0,,107.0,,,,,,,,,,0.15,,,0.6,636.0,21.45,50.1,,26.5,5.64,1.63,,0.636,,,,,2.39,,3.32,0.171,,,,,,,,,,,4.07,1.39,,,,,,,,,,,,,,,,,,,,,,,,,1141529.0,
[20672],CONVERGENT MARGIN,NEW HEBRIDES ARC - VANUATU ARCHIPELAGO / BANKS ISLANDS / GAUA (SANTA MARIA) / GAUA (SANTA MARIA),ARO,-14.22603,-14.22603,167.443528,167.443528,SAE,,,s_GAUA 14 [20672],BASALTIC-ANDESITE [20672],,,,,,,,,VOL,,,,,WR [20672] ,57.16,0.58,,17.11,,,,5.6,3.98,1.68,0.2,,3.99,5.11,0.29,,,,,,,,,,,,,,,,3.34,,,,,,,,,,,,,,,,,,,,,,,,,,,,7.6,,,4.0,,,12.4,2.1,,,,,,,,74.6,658.0,,164.0,,,,,,,,,,0.21,,,1.03,941.0,27.21,60.1,,31.4,6.43,1.73,,0.752,,,,,3.24,,4.78,0.255,,,,,,,,,,,5.36,2.07,,,,,,,,,,,,,,,,,,,,,,,,,1141530.0,
[20672],CONVERGENT MARGIN,NEW HEBRIDES ARC - VANUATU ARCHIPELAGO / BANKS ISLANDS / GAUA (SANTA MARIA) / GAUA (SANTA MARIA),BUSHMAN BAY,-14.22494,-14.22494,167.43725,167.43725,SAE,,,s_GAUA 16 [20672],BASALTIC-ANDESITE [20672],,,,,,,,,VOL,,,,,WR [20672] ,52.29,0.73,,18.35,,,,8.46,8.5,3.11,0.2,,2.42,3.95,0.43,,,,,,,,,,,,,,,,,,,,,,,,,,,,,,,,,,,,,,,,,,,,15.6,,,5.0,,,27.2,14.0,,,,,,,,37.4,1024.0,,106.0,,,,,,,,,,0.098,,,0.18,598.0,20.53,45.4,,29.2,5.81,1.78,,0.673,,,,,2.5,,2.93,0.143,,,,,,,,,,,3.13,1.14,,,,,,,,,,,,,,,,,,,,,,,,,1141531.0,
[20672],CONVERGENT MARGIN,NEW HEBRIDES ARC - VANUATU ARCHIPELAGO / BANKS ISLANDS / GAUA (SANTA MARIA) / GAUA (SANTA MARIA),LOSOLAVA,-14.22,-14.22,167.58,167.58,SAE,,,s_GAUA 22 [20672],ANDESITE [20672],,,,,,,,,VOL,,,,,WR [20672] ,60.22,0.5,,16.98,,,,3.91,1.62,0.75,0.14,,5.2,5.56,0.16,,,,,,,,,,,,,,,,4.1,,,,,,,,,,,,,,,,,,,,,,,,,,,,5.9,,,3.0,,,6.0,5.0,,,,,,,,100.4,224.0,,240.0,,,,,,,,,,0.34,,,1.49,1006.0,28.99,63.6,,35.3,5.87,1.3,,0.722,,,,,3.78,,6.7,0.329,,,,,,,,,,,8.1,3.28,,,,,,,,,,,,,,,,,,,,,,,,,1141532.0,
[20672],CONVERGENT MARGIN,NEW HEBRIDES ARC - VANUATU ARCHIPELAGO / BANKS ISLANDS / GAUA (SANTA MARIA) / GAUA (SANTA MARIA),LOSOLAVA,-14.22,-14.22,167.58,167.58,SAE,,,s_GAUA 21 [20672],DACITE [20672],,,,,,,,,VOL,,,,,WR [20672] ,63.67,0.49,,16.63,,,,3.68,1.67,0.67,0.14,,5.62,5.62,0.16,,,,,,,,,,,,,,,,0.64,,,,,,,,,,,,,,,,,,,,,,,,,,,,5.3,,25.4,5.0,,,4.306,3.1,26.65,89.14,18.86,1.543,,,,100.8,223.4,28.26,211.1,4.128,3.633,,,,,0.377,,1.258,0.33,,,1.501,1024.0,29.32,54.17,6.993,27.08,5.624,1.241,4.515,0.7,4.356,0.892,2.748,0.457,3.258,0.522,5.484,0.276,0.569,,,,,,,,19.0199,,7.239,2.845,,,,,,,,,,,,,,,,,,,,,,,,,1141533.0,
[20672],CONVERGENT MARGIN,NEW HEBRIDES ARC - VANUATU ARCHIPELAGO / BANKS ISLANDS / GAUA (SANTA MARIA) / GAUA (SANTA MARIA),ONTAR AREA,-14.29089,-14.29089,167.43725,167.43725,SAE,,,s_GAUA 2 [20672],BASALTIC-ANDESITE [20672],,,,,,,,,VOL,,,,,WR [20672] ,52.11,0.8,,16.51,,,,9.16,8.25,4.06,0.22,,2.54,3.73,0.38,,,,,,,,,,,,,,,,0.08,,,,,,,,,,,,,,,,,,,,,,,,,,,,21.2,,280.3,29.86,,,28.89,17.69,81.84,109.5,19.41,1.571,,,,33.63,814.0,23.04,101.5,2.021,1.476,,,,,,,1.001,0.091,,,0.299,631.5,20.41,38.92,4.925,23.7,5.381,1.539,4.807,0.684,4.036,0.783,2.236,0.333,2.304,0.362,2.773,0.132,0.25,,,,,,,,8.8356,,3.413,0.971,,,,,,,,,,,,,,,,,,,,,,,,,1141534.0,
[20672],CONVERGENT MARGIN,NEW HEBRIDES ARC - VANUATU ARCHIPELAGO / BANKS ISLANDS / GAUA (SANTA MARIA) / GAUA (SANTA MARIA),ONTAR AREA,-14.29089,-14.29089,167.43725,167.43725,SAE,,,s_GAUA 3 [20672],BASALT [20672],,,,,,,,,VOL,,,,,WR [20672] ,51.81,0.82,,16.77,,,,9.3,7.35,3.41,0.23,,2.68,3.7,0.38,,,,,,,,,,,,,,,,1.05,,,,,,,,,,,,,,,,,,,,,,,,,,,,21.0,,,4.0,,,31.9,16.0,,,,,,,,42.0,780.0,,113.0,,,,,,,,,,0.09,,,0.22,713.0,29.56,54.5,,32.5,7.2,1.99,,0.851,,,,,2.39,,3.37,0.163,,,,,,,,,,,3.77,1.31,,,,,,,,,,,,,,,,,,,,,,,,,1141535.0,
[20672],CONVERGENT MARGIN,NEW HEBRIDES ARC - VANUATU ARCHIPELAGO / BANKS ISLANDS / GAUA (SANTA MARIA) / GAUA (SANTA MARIA),ONTAR AREA,-14.29089,-14.29089,167.43725,167.43725,SAE,,,s_GAUA 4 [20672],BASALT [20672],,,,,,,,,VOL,,,,,WR [20672] ,46.43,0.67,,11.18,,,,10.1,10.82,15.76,0.19,,0.81,1.77,0.15,,,,,,,,,,,,,,,,0.23,,,,,,,,,,,,,,,,,,,,,,,,,,,,35.9,,290.9,920.5,,,63.59,360.5,64.1,74.57,13.91,1.671,,,,10.14,539.3,12.83,40.32,0.734,0.696,,,,,,,0.613,0.039,,,0.0,238.2,7.701,16.12,2.349,10.86,2.656,0.87,2.581,0.385,2.305,0.453,1.242,0.187,1.24,0.191,1.205,0.06,0.0,,,,,,,,3.0984,,0.931,0.345,,,,,,,,,,,,,,,,,,,,,,,,,1141536.0,
[20672],CONVERGENT MARGIN,NEW HEBRIDES ARC - VANUATU ARCHIPELAGO / BANKS ISLANDS / GAUA (SANTA MARIA) / GAUA (SANTA MARIA),ONTAR AREA,-14.29947,-14.29947,167.42825,167.42825,SAE,,,s_GAUA 5 [20672],BASALT [20672],,,,,,,,,VOL,,,,,WR [20672] ,46.68,0.77,,12.49,,,,10.76,12.39,12.46,0.19,,0.65,1.84,0.15,,,,,,,,,,,,,,,,-0.04,,,,,,,,,,,,,,,,,,,,,,,,,,,,39.9,,,641.0,,,59.6,228.0,,,,,,,,9.9,543.0,,40.0,,,,,,,,,,0.027,,,0.022,172.0,7.01,16.6,,11.1,3.01,0.98,,0.404,,,,,1.43,,1.28,0.073,,,,,,,,,,,0.74,0.28,,,,,,,,,,,,,,,,,,,,,,,,,1141537.0,
[20670],CONVERGENT MARGIN,NEW HEBRIDES ARC - VANUATU ARCHIPELAGO / CENTRAL NEW HEBRIDES ARC / AMBRYM (=AMBRIM) / AMBRYM,"RIM OF MARUM CRATER, 2005 ERUPTION",-16.25,-16.25,168.13,168.13,SAE,,,s_2005 [20670],BASALT [20670],,,,,,,,,VOL,,,,,WR [20670] ,50.79,0.91,,16.81,,,,10.15,9.02,4.5,0.2,,1.97,2.93,0.33,,,,,,,,,,,,,,,,-0.46,,,,,,,,,,,,,,,,,,,,,,,,,,,,,,,,,,,,,,,,,,,,,,,,,,,,,,,,,,,,,,,,,,,,,,,,,,,,,,,,,,,,,,,,,,,,,,,,,,,,,,,,,,,,,,,,,1144871.0,
[20670],CONVERGENT MARGIN,NEW HEBRIDES ARC - VANUATU ARCHIPELAGO / CENTRAL NEW HEBRIDES ARC / AMBRYM (=AMBRIM) / AMBRYM,"RIM OF MARUM CRATER, 2007 ERUPTION",-16.25,-16.25,168.13,168.13,SAE,,,s_2007 [20670],BASALT [20670],,,,,,,,,VOL,,,,,WR [20670] ,51.45,0.96,,15.56,,,,10.49,8.44,4.27,0.2,,1.97,2.79,0.34,,,,,,,,,,,,,,,,,,,,,,,,,,,,,,,,,,,,,,,,,,,,,,,,,,,,,,,,,,,,,,,,,,,,,,,,,,,,,,,,,,,,,,,,,,,,,,,,,,,,,,,,,,,,,,,,,,,,,,,,,,,,,,,,,1144875.0,
[3260],CONVERGENT MARGIN,NEW HEBRIDES ARC - VANUATU ARCHIPELAGO / SOUTH FIJI BASIN,,-15.0,-16.0,177.0,178.5,SAQ,,,s_205 [3260],BASALT [3260],,,,,,,,,VOL,,,,,WR [3260] ,50.02,1.4,,16.2,,,,9.33,10.66,7.39,0.14,,0.68,2.95,0.19,,,,,,,,,,,,,,,,4.38,,,,,,,,,,,,,,,,,,,,,,,,,,,,36.0,,261.0,170.0,,,42.0,102.0,,,,,,,,8.3,163.0,31.0,92.0,4.3,,,,,,,,,,,,0.32,45.0,4.3,12.8,,9.1,3.0,1.13,,0.69,,,,,2.7,0.45,2.3,0.26,,,,,,,,,,,0.35,0.16,,,,,,,,,,,,,,,,,,,,,,,,,116827.0,
[3260],CONVERGENT MARGIN,NEW HEBRIDES ARC - VANUATU ARCHIPELAGO / SOUTH FIJI BASIN,,-15.0,-16.0,177.0,178.5,SAQ,,,s_205(G1) [3260],BASALT [3260],,,,,,,,,VOL,,,,,WR [3260] ,49.9,1.44,,15.5,,,,9.63,11.7,6.8,0.18,,0.19,2.4,0.17,,,,,,,,,,,,,,,,,,,,,,,,,,,,,,,,,,,,,,,,,,,,,,,,,,,,,,,,,,,,,,,,,,,,,,,,,,,,,,,,,,,,,,,,,,,,,,,,,,,,,,,,,,,,,,,,,,,,,,,,,,,,,,,,,116828.0,
[3260],CONVERGENT MARGIN,NEW HEBRIDES ARC - VANUATU ARCHIPELAGO / SOUTH FIJI BASIN,,-15.0,-16.0,177.0,178.5,SAQ,,,s_285A [3260],BASALT [3260],,,,,,,,,VOL,,,,,WR [3260] ,50.18,2.04,,13.92,,,,11.92,10.02,6.6,0.2,,0.05,3.16,0.22,,,,,,,,,,,,,,,,1.7,,,,,,,,,,,,,,,,,,,,,,,,,,,,40.0,,333.0,44.0,,,43.0,41.0,,,,,,,,2.2,127.0,51.0,126.0,5.4,,,,,,,,,,,,0.07,17.0,4.1,11.8,,11.3,,1.62,,1.04,,,,,,,2.4,0.37,,,,,,,,,,,0.27,,,,,,,,,,,,,,,,,,,,,,,,,,116829.0,
[5185],CONVERGENT MARGIN,NEW HEBRIDES ARC - VANUATU ARCHIPELAGO / NORTH FIJI BASIN / DREDGE 13,,-13.565,-13.565,175.902,175.902,SAQ,,-335.0,s_13-14 [5185],THOLEIITIC BASALT [5185],,,,,,,,,VOL,,,,,GL [5185] ,50.05,2.05,,13.24,,,,13.91,10.75,6.02,0.15,,0.18,2.76,0.2,,,,,,,,,,,,,,,,,,,,,,,,,,,,,,,,,,,,,,,,,,,,,,,,,,,,,,,,,,,,,,,,,,,,,,,,,,,,,,,,,,,,,,,,,,,,,,,,,,,,,,,,,,,,,,,,,,,,,,,,,,,,,,,,,120862.0,
[5185],CONVERGENT MARGIN,NEW HEBRIDES ARC - VANUATU ARCHIPELAGO / NORTH FIJI BASIN / DREDGE 13,,-13.565,-13.565,175.902,175.902,SAQ,,-335.0,s_13-1 [5185],THOLEIITIC BASALT [5185],,,,,,,,,VOL,,,,,GL [5185] ,50.09,2.01,,13.38,,,,14.0,10.81,6.05,0.19,,0.18,2.68,0.2,,,,,,,,,,,,,,,,,,,,,,,,,,,,,,,,,,,,,,,,,,,,,,,,,,,,,,,,,,,,,,,,,,,,,,,,,,,,,,,,,,,,,,,,,,,,,,,,,,,,,,,,,,,,,,,,,,,,,,,,,,,,,,,,,120863.0,
[5185],CONVERGENT MARGIN,NEW HEBRIDES ARC - VANUATU ARCHIPELAGO / NORTH FIJI BASIN / DREDGE 13,,-13.565,-13.565,175.902,175.902,SAQ,,-335.0,s_13-12 [5185],THOLEIITIC BASALT [5185],,,,,,,,,VOL,,,,,GL [5185] ,50.39,2.02,,13.51,,,,13.81,10.86,6.1,0.22,,0.16,2.69,0.22,,,,,,,,,,,,,,,,,,,,,,,,,,,,,,,,,,,,,,,,,,,,,,,,,,,,,,,,,,,,,,,,,,,,,,,,,,,,,,,,,,,,,,,,,,,,,,,,,,,,,,,,,,,,,,,,,,,,,,,,,,,,,,,,,120864.0,
[5185],CONVERGENT MARGIN,NEW HEBRIDES ARC - VANUATU ARCHIPELAGO / NORTH FIJI BASIN / DREDGE 13,,-13.565,-13.565,175.902,175.902,SAQ,,-335.0,s_13-17 [5185],THOLEIITIC BASALT [5185],,,,,,,,,VOL,,,,,GL [5185] ,49.55,2.02,,14.06,,,,13.89,10.64,6.11,0.17,,0.17,2.82,0.21,,,,,,,,,,,,,,,,,,,,,,,,,,,,,,,,,,,,,,,,,,,,,,,,,,,,,,,,,,,,,,,,,,,,,,,,,,,,,,,,,,,,,,,,,,,,,,,,,,,,,,,,,,,,,,,,,,,,,,,,,,,,,,,,,120865.0,
[5185],CONVERGENT MARGIN,NEW HEBRIDES ARC - VANUATU ARCHIPELAGO / NORTH FIJI BASIN / DREDGE 13,,-13.565,-13.565,175.902,175.902,SAQ,,-335.0,s_13-3 [5185],THOLEIITIC BASALT [5185],,,,,,,,,VOL,,,,,GL [5185] ,50.37,2.0,,13.45,,,,13.9,10.66,6.12,0.24,,0.18,2.72,0.21,,,,,,,,,,,,,,,,,,,,,,,,,,,,,,,,,,,,,,,,,,,,,,,,,,,,,,,,,,,,,,,,,,,,,,,,,,,,,,,,,,,,,,,,,,,,,,,,,,,,,,,,,,,,,,,,,,,,,,,,,,,,,,,,,120866.0,
[5185],CONVERGENT MARGIN,NEW HEBRIDES ARC - VANUATU ARCHIPELAGO / NORTH FIJI BASIN / DREDGE 13,,-13.565,-13.565,175.902,175.902,SAQ,,-335.0,s_13-6 [5185],THOLEIITIC BASALT [5185],,,,,,,,,VOL,,,,,GL [5185] ,50.64,1.96,,13.32,,,,13.5,10.74,6.13,0.15,,0.17,2.76,0.18,,,,,,,,,,,,,,,,,,,,,,,,,,,,,,,,,,,,,,,,,,,,,,,,,,,,,,,,,,,,,,,,,,,,,,,,,,,,,,,,,,,,,,,,,,,,,,,,,,,,,,,,,,,,,,,,,,,,,,,,,,,,,,,,,120867.0,
[5185],CONVERGENT MARGIN,NEW HEBRIDES ARC - VANUATU ARCHIPELAGO / NORTH FIJI BASIN / DREDGE 13,,-13.565,-13.565,175.902,175.902,SAQ,,-335.0,s_13-10 [5185],THOLEIITIC BASALT [5185],,,,,,,,,VOL,,,,,GL [5185] ,50.31,2.02,,13.89,,,,13.72,10.73,6.18,0.18,,0.16,2.68,0.2,,,,,,,,,,,,,,,,,,,,,,,,,,,,,,,,,,,,,,,,,,,,,,,,,,,,,,,,,,,,,,,,,,,,,,,,,,,,,,,,,,,,,,,,,,,,,,,,,,,,,,,,,,,,,,,,,,,,,,,,,,,,,,,,,120869.0,
[5185],CONVERGENT MARGIN,NEW HEBRIDES ARC - VANUATU ARCHIPELAGO / NORTH FIJI BASIN / DREDGE 16,NEAR FIJI TRIPLE JUNCTION,-16.612,-16.612,174.273,174.273,SAQ,-2690.0,-3475.0,s_16-7 [5185],THOLEIITIC BASALT [5185],,,,,,,,OLIVINE-PHYRIC [5185] ,VOL,,,,,GL [5185] ,48.46,1.25,,16.67,,,,9.52,12.16,8.93,0.13,,0.07,2.47,0.16,,,,,,,,,,,,,,,,,,,,,,,,,,,,,,,,,,,,,,,,,,,,,,,,,,,,,,,,,,,,,,,,,,,,,,,,,,,,,,,,,,,,,,,,,,,,,,,,,,,,,,,,,,,,,,,,,,,,,,,,,,,,,,,,,120870.0,
[5185],CONVERGENT MARGIN,NEW HEBRIDES ARC - VANUATU ARCHIPELAGO / NORTH FIJI BASIN / DREDGE 16,NEAR FIJI TRIPLE JUNCTION,-16.612,-16.612,174.273,174.273,SAQ,-2690.0,-3475.0,s_16-3 [5185],THOLEIITIC BASALT [5185],,,,,,,,OLIVINE-PHYRIC [5185] ,VOL,,,,,GL [5185] ,49.37,1.26,,16.59,,,,9.65,12.06,8.63,0.11,,0.08,2.52,0.17,,,,,,,,,,,,,,,,,,,,,,,,,,,,,,,,,,,,,,,,,,,,,,,,,,,,,,,,,,,,,,,,,,,,,,,,,,,,,,,,,,,,,,,,,,,,,,,,,,,,,,,,,,,,,,,,,,,,,,,,,,,,,,,,,120872.0,
[5185],CONVERGENT MARGIN,NEW HEBRIDES ARC - VANUATU ARCHIPELAGO / NORTH FIJI BASIN / DREDGE 16,NEAR FIJI TRIPLE JUNCTION,-16.612,-16.612,174.273,174.273,SAQ,-2690.0,-3475.0,s_16-13 [5185],THOLEIITIC BASALT [5185],,,,,,,,OLIVINE-PHYRIC [5185] ,VOL,,,,,GL [5185] ,49.36,1.26,,16.55,,,,9.85,12.26,8.62,0.15,,0.13,2.52,0.2,,,,,,,,,,,,,,,,,,,,,,,,,,,,,,,,,,,,,,,,,,,,,,,,,,,,,,,,,,,,,,,,,,,,,,,,,,,,,,,,,,,,,,,,,,,,,,,,,,,,,,,,,,,,,,,,,,,,,,,,,,,,,,,,,120873.0,
[5185],CONVERGENT MARGIN,NEW HEBRIDES ARC - VANUATU ARCHIPELAGO / NORTH FIJI BASIN / DREDGE 16,NEAR FIJI TRIPLE JUNCTION,-16.612,-16.612,174.273,174.273,SAQ,-2690.0,-3475.0,s_16-6 [5185],THOLEIITIC BASALT [5185],,,,,,,,OLIVINE-PHYRIC [5185] ,VOL,,,,,GL [5185] ,49.38,1.23,,16.59,,,,9.59,11.99,8.61,0.12,,0.07,2.49,0.16,,,,,,,,,,,,,,,,,,,,,,,,,,,,,,,,,,,,,,,,,,,,,,,,,,,,,,,,,,,,,,,,,,,,,,,,,,,,,,,,,,,,,,,,,,,,,,,,,,,,,,,,,,,,,,,,,,,,,,,,,,,,,,,,,120874.0,
[5185],CONVERGENT MARGIN,NEW HEBRIDES ARC - VANUATU ARCHIPELAGO / NORTH FIJI BASIN / DREDGE 16,NEAR FIJI TRIPLE JUNCTION,-16.612,-16.612,174.273,174.273,SAQ,-2690.0,-3475.0,s_16-11 [5185],THOLEIITIC BASALT [5185],,,,,,,,OLIVINE-PHYRIC [5185] ,VOL,,,,,GL [5185] ,49.21,1.24,,16.47,,,,9.59,11.99,8.6,0.11,,0.1,2.46,0.17,,,,,,,,,,,,,,,,,,,,,,,,,,,,,,,,,,,,,,,,,,,,,,,,,,,,,,,,,,,,,,,,,,,,,,,,,,,,,,,,,,,,,,,,,,,,,,,,,,,,,,,,,,,,,,,,,,,,,,,,,,,,,,,,,120875.0,
[5185],CONVERGENT MARGIN,NEW HEBRIDES ARC - VANUATU ARCHIPELAGO / NORTH FIJI BASIN / DREDGE 16,NEAR FIJI TRIPLE JUNCTION,-16.612,-16.612,174.273,174.273,SAQ,-2690.0,-3475.0,s_16-1 [5185],THOLEIITIC BASALT [5185],,,,,,,,OLIVINE-PHYRIC [5185] ,VOL,,,,,GL [5185] ,49.45,1.22,,16.67,,,,9.48,12.12,8.5,0.12,,0.07,2.47,0.17,,,,,,,,,,,,,,,,,,,,,,,,,,,,,,,,,,,,,,,,,,,,,,,,,,,,,,,,,,,,,,,,,,,,,,,,,,,,,,,,,,,,,,,,,,,,,,,,,,,,,,,,,,,,,,,,,,,,,,,,,,,,,,,,,120876.0,
[5185],CONVERGENT MARGIN,NEW HEBRIDES ARC - VANUATU ARCHIPELAGO / NORTH FIJI BASIN / DREDGE 16,NEAR FIJI TRIPLE JUNCTION,-16.612,-16.612,174.273,174.273,SAQ,-2690.0,-3475.0,s_16-8 [5185],THOLEIITIC BASALT [5185],,,,,,,,OLIVINE-PHYRIC [5185] ,VOL,,,,,GL [5185] ,49.31,1.28,,16.63,,,,9.61,12.07,8.47,0.16,,0.07,2.48,0.17,,,,,,,,,,,,,,,,,,,,,,,,,,,,,,,,,,,,,,,,,,,,,,,,,,,,,,,,,,,,,,,,,,,,,,,,,,,,,,,,,,,,,,,,,,,,,,,,,,,,,,,,,,,,,,,,,,,,,,,,,,,,,,,,,120877.0,
[5185],CONVERGENT MARGIN,NEW HEBRIDES ARC - VANUATU ARCHIPELAGO / NORTH FIJI BASIN / DREDGE 16,NEAR FIJI TRIPLE JUNCTION,-16.612,-16.612,174.273,174.273,SAQ,-2690.0,-3475.0,s_16-4 [5185],THOLEIITIC BASALT [5185],,,,,,,,OLIVINE-PHYRIC [5185] ,VOL,,,,,GL [5185] ,49.78,1.31,,16.34,,,,9.46,12.01,8.22,0.16,,0.12,2.5,0.19,,,,,,,,,,,,,,,,,,,,,,,,,,,,,,,,,,,,,,,,,,,,,,,,,,,,,,,,,,,,,,,,,,,,,,,,,,,,,,,,,,,,,,,,,,,,,,,,,,,,,,,,,,,,,,,,,,,,,,,,,,,,,,,,,120879.0,
[5185],CONVERGENT MARGIN,NEW HEBRIDES ARC - VANUATU ARCHIPELAGO / NORTH FIJI BASIN / DREDGE 16,NEAR FIJI TRIPLE JUNCTION,-16.612,-16.612,174.273,174.273,SAQ,-2690.0,-3475.0,s_16-2 [5185],THOLEIITIC BASALT [5185],,,,,,,,OLIVINE-PHYRIC [5185] ,VOL,,,,,GL [5185] ,49.73,1.34,,15.88,,,,10.04,12.0,8.21,0.1,,0.1,2.57,0.19,,,,,,,,,,,,,,,,,,,,,,,,,,,,,,,,,,,,,,,,,,,,,,,,,,,,,,,,,,,,,,,,,,,,,,,,,,,,,,,,,,,,,,,,,,,,,,,,,,,,,,,,,,,,,,,,,,,,,,,,,,,,,,,,,120880.0,
[5185],CONVERGENT MARGIN,NEW HEBRIDES ARC - VANUATU ARCHIPELAGO / NORTH FIJI BASIN / DREDGE 16,NEAR FIJI TRIPLE JUNCTION,-16.612,-16.612,174.273,174.273,SAQ,-2690.0,-3475.0,s_16-5 [5185],THOLEIITIC BASALT [5185],,,,,,,,OLIVINE-PHYRIC [5185] ,VOL,,,,,GL [5185] ,49.79,1.3,,15.88,,,,9.64,11.8,8.07,0.13,,0.09,2.56,0.17,,,,,,,,,,,,,,,,,,,,,,,,,,,,,,,,,,,,,,,,,,,,,,,,,,,,,,,,,,,,,,,,,,,,,,,,,,,,,,,,,,,,,,,,,,,,,,,,,,,,,,,,,,,,,,,,,,,,,,,,,,,,,,,,,120881.0,
[5185],CONVERGENT MARGIN,NEW HEBRIDES ARC - VANUATU ARCHIPELAGO / NORTH FIJI BASIN / DREDGE 16,NEAR FIJI TRIPLE JUNCTION,-16.612,-16.612,174.273,174.273,SAQ,-2690.0,-3475.0,s_16-17 [5185],THOLEIITIC BASALT [5185],,,,,,,,OLIVINE-PHYRIC [5185] ,VOL,,,,,GL [5185] ,50.28,1.09,,14.97,,,,10.22,12.95,7.9,0.15,,0.05,2.5,0.2,,,,,,,,,,,,,,,,,,,,,,,,,,,,,,,,,,,,,,,,,,,,,,,,,,,,,,,,,,,,,,,,,,,,,,,,,,,,,,,,,,,,,,,,,,,,,,,,,,,,,,,,,,,,,,,,,,,,,,,,,,,,,,,,,120882.0,
[5185],CONVERGENT MARGIN,NEW HEBRIDES ARC - VANUATU ARCHIPELAGO / NORTH FIJI BASIN / DREDGE 16,NEAR FIJI TRIPLE JUNCTION,-16.612,-16.612,174.273,174.273,SAQ,-2690.0,-3475.0,s_16-16 [5185],THOLEIITIC BASALT [5185],,,,,,,,OLIVINE-PHYRIC [5185] ,VOL,,,,,GL [5185] ,50.76,1.21,,14.71,,,,11.12,12.96,7.67,0.17,,0.04,2.57,0.18,,,,,,,,,,,,,,,,,,,,,,,,,,,,,,,,,,,,,,,,,,,,,,,,,,,,,,,,,,,,,,,,,,,,,,,,,,,,,,,,,,,,,,,,,,,,,,,,,,,,,,,,,,,,,,,,,,,,,,,,,,,,,,,,,120883.0,
[5185],CONVERGENT MARGIN,NEW HEBRIDES ARC - VANUATU ARCHIPELAGO / NORTH FIJI BASIN / DREDGE 17,,-15.0567,-15.0567,171.965,171.965,SAQ,-3160.0,-3160.0,s_17-1 [5185],THOLEIITIC BASALT [5185],,,,,,,,OLIVINE-PLAGIOCLASE-PHYRIC [5185] ,VOL,,,,,GL [5185] ,50.28,1.84,,14.48,,,,10.67,11.25,6.58,0.12,,0.27,2.87,0.24,,,,,,,,,,,,,,,,,,,,,,,,,,,,,,,,,,,,,,,,,,,,,,,,,,,,,,,,,,,,,,,,,,,,,,,,,,,,,,,,,,,,,,,,,,,,,,,,,,,,,,,,,,,,,,,,,,,,,,,,,,,,,,,,,120884.0,
[5185],CONVERGENT MARGIN,NEW HEBRIDES ARC - VANUATU ARCHIPELAGO / NORTH FIJI BASIN / DREDGE 19,PANDORA RIDGE,-13.543,-13.543,174.477,174.477,SAQ,,-2350.0,s_19-5 [5185],THOLEIITIC BASALT [5185],,,,,,,,OLIVINE-PLAGIOCLASEPHYRIC [5185] ,VOL,,,,,GL [5185] ,50.47,2.03,,15.83,,,,9.94,10.92,6.59,0.18,,0.65,2.98,0.29,,,,,,,,,,,,,,,,,,,,,,,,,,,,,,,,,,,,,,,,,,,,,,,,,,,,,,,,,,,,,,,,,,,,,,,,,,,,,,,,,,,,,,,,,,,,,,,,,,,,,,,,,,,,,,,,,,,,,,,,,,,,,,,,,120885.0,
[5185],CONVERGENT MARGIN,NEW HEBRIDES ARC - VANUATU ARCHIPELAGO / NORTH FIJI BASIN / DREDGE 19,PANDORA RIDGE,-13.543,-13.543,174.477,174.477,SAQ,,-2350.0,s_19-3 [5185],THOLEIITIC BASALT [5185],,,,,,,,OLIVINE-PLAGIOCLASEPHYRIC [5185] ,VOL,,,,,GL [5185] ,50.44,2.0,,15.75,,,,10.24,11.01,6.52,0.16,,0.7,3.05,0.29,,,,,,,,,,,,,,,,,,,,,,,,,,,,,,,,,,,,,,,,,,,,,,,,,,,,,,,,,,,,,,,,,,,,,,,,,,,,,,,,,,,,,,,,,,,,,,,,,,,,,,,,,,,,,,,,,,,,,,,,,,,,,,,,,120887.0,
[5185],CONVERGENT MARGIN,NEW HEBRIDES ARC - VANUATU ARCHIPELAGO / NORTH FIJI BASIN / DREDGE 19,PANDORA RIDGE,-13.543,-13.543,174.477,174.477,SAQ,,-2350.0,s_19-4 [5185],THOLEIITIC BASALT [5185],,,,,,,,OLIVINE-PLAGIOCLASEPHYRIC [5185] ,VOL,,,,,GL [5185] ,50.66,2.06,,15.82,,,,9.91,10.93,6.46,0.17,,0.68,3.07,0.29,,,,,,,,,,,,,,,,,,,,,,,,,,,,,,,,,,,,,,,,,,,,,,,,,,,,,,,,,,,,,,,,,,,,,,,,,,,,,,,,,,,,,,,,,,,,,,,,,,,,,,,,,,,,,,,,,,,,,,,,,,,,,,,,,120888.0,
[5185],CONVERGENT MARGIN,NEW HEBRIDES ARC - VANUATU ARCHIPELAGO / NORTH FIJI BASIN / DREDGE 19,PANDORA RIDGE,-13.543,-13.543,174.477,174.477,SAQ,,-2350.0,s_19-6 [5185],THOLEIITIC BASALT [5185],,,,,,,,OLIVINE-PLAGIOCLASEPHYRIC [5185] ,VOL,,,,,GL [5185] ,50.1,2.05,,15.68,,,,10.25,10.98,6.34,0.16,,0.69,3.0,0.3,,,,,,,,,,,,,,,,,,,,,,,,,,,,,,,,,,,,,,,,,,,,,,,,,,,,,,,,,,,,,,,,,,,,,,,,,,,,,,,,,,,,,,,,,,,,,,,,,,,,,,,,,,,,,,,,,,,,,,,,,,,,,,,,,120891.0,
[5185],CONVERGENT MARGIN,NEW HEBRIDES ARC - VANUATU ARCHIPELAGO / NORTH FIJI BASIN / DREDGE 20,PANDORA RIDGE,-13.518,-13.518,171.973,171.973,SAQ,,-4550.0,s_20-5 [5185],THOLEIITIC BASALT [5185],,,,,,,,"VESICULAR, OLIVINE-PHYRIC, GLASSY TO INCIPIENTLY CRYSTALLIZED MATRIX [5185] ",VOL,,,,,GL [5185] ,49.85,2.09,,16.56,,,,8.77,10.84,6.31,0.1,,0.81,3.0,0.28,,,,,,,,,,,,,,,,,,,,,,,,,,,,,,,,,,,,,,,,,,,,,,,,,,,,,,,,,,,,,,,,,,,,,,,,,,,,,,,,,,,,,,,,,,,,,,,,,,,,,,,,,,,,,,,,,,,,,,,,,,,,,,,,,120892.0,
[5185],CONVERGENT MARGIN,NEW HEBRIDES ARC - VANUATU ARCHIPELAGO / NORTH FIJI BASIN / DREDGE 20,PANDORA RIDGE,-13.518,-13.518,171.973,171.973,SAQ,,-4550.0,s_20-12 [5185],THOLEIITIC BASALT [5185],,,,,,,,"VESICULAR, OLIVINE-PHYRIC, GLASSY TO INCIPIENTLY CRYSTALLIZED MATRIX [5185] ",VOL,,,,,GL [5185] ,48.99,2.11,,16.42,,,,8.81,10.83,6.3,0.15,,0.79,2.89,0.32,,,,,,,,,,,,,,,,,,,,,,,,,,,,,,,,,,,,,,,,,,,,,,,,,,,,,,,,,,,,,,,,,,,,,,,,,,,,,,,,,,,,,,,,,,,,,,,,,,,,,,,,,,,,,,,,,,,,,,,,,,,,,,,,,120893.0,
[5185],CONVERGENT MARGIN,NEW HEBRIDES ARC - VANUATU ARCHIPELAGO / NORTH FIJI BASIN / DREDGE 20,PANDORA RIDGE,-13.518,-13.518,171.973,171.973,SAQ,,-4550.0,s_20-9 [5185],THOLEIITIC BASALT [5185],,,,,,,,"VESICULAR, OLIVINE-PHYRIC, GLASSY TO INCIPIENTLY CRYSTALLIZED MATRIX [5185] ",VOL,,,,,GL [5185] ,49.81,2.1,,16.66,,,,8.69,10.67,6.29,0.16,,0.8,2.98,0.36,,,,,,,,,,,,,,,,,,,,,,,,,,,,,,,,,,,,,,,,,,,,,,,,,,,,,,,,,,,,,,,,,,,,,,,,,,,,,,,,,,,,,,,,,,,,,,,,,,,,,,,,,,,,,,,,,,,,,,,,,,,,,,,,,120894.0,
[5185],CONVERGENT MARGIN,NEW HEBRIDES ARC - VANUATU ARCHIPELAGO / NORTH FIJI BASIN / DREDGE 20,PANDORA RIDGE,-13.518,-13.518,171.973,171.973,SAQ,,-4550.0,s_20-15 [5185],THOLEIITIC BASALT [5185],,,,,,,,"VESICULAR, OLIVINE-PHYRIC, GLASSY TO INCIPIENTLY CRYSTALLIZED MATRIX [5185] ",VOL,,,,,GL [5185] ,49.25,2.13,,16.67,,,,8.82,10.93,6.25,0.11,,0.85,3.09,0.34,,,,,,,,,,,,,,,,,,,,,,,,,,,,,,,,,,,,,,,,,,,,,,,,,,,,,,,,,,,,,,,,,,,,,,,,,,,,,,,,,,,,,,,,,,,,,,,,,,,,,,,,,,,,,,,,,,,,,,,,,,,,,,,,,120896.0,
[5185],CONVERGENT MARGIN,NEW HEBRIDES ARC - VANUATU ARCHIPELAGO / NORTH FIJI BASIN / DREDGE 20,PANDORA RIDGE,-13.518,-13.518,171.973,171.973,SAQ,,-4550.0,s_20-8 [5185],THOLEIITIC BASALT [5185],,,,,,,,"VESICULAR, OLIVINE-PHYRIC, GLASSY TO INCIPIENTLY CRYSTALLIZED MATRIX [5185] ",VOL,,,,,GL [5185] ,49.75,2.12,,16.47,,,,8.91,10.78,6.24,0.12,,0.82,2.98,0.28,,,,,,,,,,,,,,,,,,,,,,,,,,,,,,,,,,,,,,,,,,,,,,,,,,,,,,,,,,,,,,,,,,,,,,,,,,,,,,,,,,,,,,,,,,,,,,,,,,,,,,,,,,,,,,,,,,,,,,,,,,,,,,,,,120897.0,
[5185],CONVERGENT MARGIN,NEW HEBRIDES ARC - VANUATU ARCHIPELAGO / NORTH FIJI BASIN / DREDGE 20,PANDORA RIDGE,-13.518,-13.518,171.973,171.973,SAQ,,-4550.0,s_20-14 [5185],THOLEIITIC BASALT [5185],,,,,,,,"VESICULAR, OLIVINE-PHYRIC, GLASSY TO INCIPIENTLY CRYSTALLIZED MATRIX [5185] ",VOL,,,,,GL [5185] ,49.07,2.05,,16.44,,,,8.4,10.62,6.21,0.12,,0.84,2.98,0.3,,,,,,,,,,,,,,,,,,,,,,,,,,,,,,,,,,,,,,,,,,,,,,,,,,,,,,,,,,,,,,,,,,,,,,,,,,,,,,,,,,,,,,,,,,,,,,,,,,,,,,,,,,,,,,,,,,,,,,,,,,,,,,,,,120898.0,
[5185],CONVERGENT MARGIN,NEW HEBRIDES ARC - VANUATU ARCHIPELAGO / NORTH FIJI BASIN / DREDGE 20,PANDORA RIDGE,-13.518,-13.518,171.973,171.973,SAQ,,-4550.0,s_20-7 [5185],THOLEIITIC BASALT [5185],,,,,,,,"VESICULAR, OLIVINE-PHYRIC, GLASSY TO INCIPIENTLY CRYSTALLIZED MATRIX [5185] ",VOL,,,,,GL [5185] ,49.69,2.13,,16.56,,,,9.01,10.69,6.21,0.13,,0.8,2.89,0.25,,,,,,,,,,,,,,,,,,,,,,,,,,,,,,,,,,,,,,,,,,,,,,,,,,,,,,,,,,,,,,,,,,,,,,,,,,,,,,,,,,,,,,,,,,,,,,,,,,,,,,,,,,,,,,,,,,,,,,,,,,,,,,,,,120899.0,
[5185],CONVERGENT MARGIN,NEW HEBRIDES ARC - VANUATU ARCHIPELAGO / NORTH FIJI BASIN / DREDGE 20,PANDORA RIDGE,-13.518,-13.518,171.973,171.973,SAQ,,-4550.0,s_20-10 [5185],THOLEIITIC BASALT [5185],,,,,,,,"VESICULAR, OLIVINE-PHYRIC, GLASSY TO INCIPIENTLY CRYSTALLIZED MATRIX [5185] ",VOL,,,,,GL [5185] ,49.57,2.1,,16.61,,,,8.71,10.87,6.19,0.11,,0.78,2.94,0.36,,,,,,,,,,,,,,,,,,,,,,,,,,,,,,,,,,,,,,,,,,,,,,,,,,,,,,,,,,,,,,,,,,,,,,,,,,,,,,,,,,,,,,,,,,,,,,,,,,,,,,,,,,,,,,,,,,,,,,,,,,,,,,,,,120900.0,
[5185],CONVERGENT MARGIN,NEW HEBRIDES ARC - VANUATU ARCHIPELAGO / NORTH FIJI BASIN / DREDGE 20,PANDORA RIDGE,-13.518,-13.518,171.973,171.973,SAQ,,-4550.0,s_20-10 [5185],THOLEIITIC BASALT [5185],,,,,,,,"VESICULAR, OLIVINE-PHYRIC, GLASSY TO INCIPIENTLY CRYSTALLIZED MATRIX [5185] ",VOL,,,,,GL [5185] ,49.35,2.07,,16.64,,,,8.62,10.77,6.18,0.13,,0.81,2.94,0.34,,,,,,,,,,,,,,,,,,,,,,,,,,,,,,,,,,,,,,,,,,,,,,,,,,,,,,,,,,,,,,,,,,,,,,,,,,,,,,,,,,,,,,,,,,,,,,,,,,,,,,,,,,,,,,,,,,,,,,,,,,,,,,,,,120901.0,
[5185],CONVERGENT MARGIN,NEW HEBRIDES ARC - VANUATU ARCHIPELAGO / NORTH FIJI BASIN / DREDGE 20,PANDORA RIDGE,-13.518,-13.518,171.973,171.973,SAQ,,-4550.0,s_20-6 [5185],THOLEIITIC BASALT [5185],,,,,,,,"VESICULAR, OLIVINE-PHYRIC, GLASSY TO INCIPIENTLY CRYSTALLIZED MATRIX [5185] ",VOL,,,,,GL [5185] ,48.87,2.08,,16.37,,,,8.76,10.79,6.16,0.12,,0.88,2.97,0.36,,,,,,,,,,,,,,,,,,,,,,,,,,,,,,,,,,,,,,,,,,1960.0,,,,270.0,343.0,,,,176.0,67.0,83.0,19.0,,,,,9.8,256.0,28.0,177.0,30.0,,,,,,,,,,,,,224.0,18.0,30.0,,21.9,4.93,,,,,,,,,,,,,,,,,,,,2.0,,3.0,,0.512821,,,0.703791,,,,,,,,,,,,,,,,,,,,,120902.0,
[5185],CONVERGENT MARGIN,NEW HEBRIDES ARC - VANUATU ARCHIPELAGO / NORTH FIJI BASIN / DREDGE 20,PANDORA RIDGE,-13.518,-13.518,171.973,171.973,SAQ,,-4550.0,s_20-4 [5185],THOLEIITIC BASALT [5185],,,,,,,,"VESICULAR, OLIVINE-PHYRIC, GLASSY TO INCIPIENTLY CRYSTALLIZED MATRIX [5185] ",VOL,,,,,GL [5185] ,49.68,2.21,,16.52,,,,9.01,10.86,6.08,0.13,,0.84,3.06,0.29,,,,,,,,,,,,,,,,,,,,,,,,,,,,,,,,,,,,,,,,,,,,,,,,,,,,,,,,,,,,,,,,,,,,,,,,,,,,,,,,,,,,,,,,,,,,,,,,,,,,,,,,,,,,,,,,,,,,,,,,,,,,,,,,,120904.0,
[5185],CONVERGENT MARGIN,NEW HEBRIDES ARC - VANUATU ARCHIPELAGO / NORTH FIJI BASIN / DREDGE 20,PANDORA RIDGE,-13.518,-13.518,171.973,171.973,SAQ,,-4550.0,s_20-6 [5185],THOLEIITIC BASALT [5185],,,,,,,,"VESICULAR, OLIVINE-PHYRIC, GLASSY TO INCIPIENTLY CRYSTALLIZED MATRIX [5185] ",VOL,,,,,GL [5185] ,49.57,2.17,,16.32,,,,9.15,10.83,6.03,0.13,,0.81,2.93,0.26,,,,,,,,,,,,,,,,,,,,,,,,,,,,,,,,,,,,,,,,,,,,,,,,,,,,,,,,,,,,,,,,,,,,,,,,,,,,,,,,,,,,,,,,,,,,,,,,,,,,,,,,,,,,,,,,,,,,,,,,,,,,,,,,,120905.0,
[5185],CONVERGENT MARGIN,NEW HEBRIDES ARC - VANUATU ARCHIPELAGO / NORTH FIJI BASIN / DREDGE 20,PANDORA RIDGE,-13.518,-13.518,171.973,171.973,SAQ,,-4550.0,s_20-1 [5185],THOLEIITIC BASALT [5185],,,,,,,,"VESICULAR, OLIVINE-PHYRIC, GLASSY TO INCIPIENTLY CRYSTALLIZED MATRIX [5185] ",VOL,,,,,GL [5185] ,49.51,2.17,,16.43,,,,9.04,10.77,5.96,0.18,,0.81,3.14,0.28,,,,,,,,,,,,,,,,,,,,,,,,,,,,,,,,,,,,,,,,,,,,,,,,,,,,,,,,,,,,,,,,,,,,,,,,,,,,,,,,,,,,,,,,,,,,,,,,,,,,,,,,,,,,,,,,,,,,,,,,,,,,,,,,,120906.0,
[5185],CONVERGENT MARGIN,NEW HEBRIDES ARC - VANUATU ARCHIPELAGO / NORTH FIJI BASIN / DREDGE 20,PANDORA RIDGE,-13.518,-13.518,171.973,171.973,SAQ,,-4550.0,s_20-13 [5185],THOLEIITIC BASALT [5185],,,,,,,,"VESICULAR, OLIVINE-PHYRIC, GLASSY TO INCIPIENTLY CRYSTALLIZED MATRIX [5185] ",VOL,,,,,GL [5185] ,49.49,2.15,,16.3,,,,8.71,10.7,5.88,0.12,,0.83,3.08,0.34,,,,,,,,,,,,,,,,,,,,,,,,,,,,,,,,,,,,,,,,,,,,,,,,,,,,,,,,,,,,,,,,,,,,,,,,,,,,,,,,,,,,,,,,,,,,,,,,,,,,,,,,,,,,,,,,,,,,,,,,,,,,,,,,,120907.0,
[5185],CONVERGENT MARGIN,NEW HEBRIDES ARC - VANUATU ARCHIPELAGO / NORTH FIJI BASIN / DREDGE 13,,-13.565,-13.565,175.902,175.902,SAQ,,-335.0,s_13-1 [5185],THOLEIITIC BASALT [5185],,,,,,,,,VOL,,,,,WR [5185] ,50.75,2.02,,13.86,,,,10.99,11.05,5.95,0.22,,0.29,2.87,0.22,,0.64,0.47,,0.14,,,,,,,,,,0.23,,,,,,,,,,,,,,,,,,,,,,,,,,,,,,,512.0,143.0,,,,83.0,250.0,143.0,21.0,,,,,3.0,161.0,52.0,124.0,2.0,,,,,,,,,,,,,55.0,,8.0,,,,,,,,,,,,,,,,,,,,,,,1.4,,,,,,,,,,,,,,,,,,,,,,,,,,,,120928.0,
[5185],CONVERGENT MARGIN,NEW HEBRIDES ARC - VANUATU ARCHIPELAGO / NORTH FIJI BASIN / DREDGE 13,,-13.565,-13.565,175.902,175.902,SAQ,,-335.0,s_13-16 [5185],THOLEIITIC BASALT [5185],,,,,,,,,VOL,,,,,WR [5185] ,51.37,2.03,,13.84,,,,10.31,10.98,6.36,0.24,,0.26,2.91,0.22,,0.62,0.38,,0.0,,,,,,,,,,0.02,,,,,,,,,,,,,,,,,,,,,,,,,,,,,,,510.0,134.0,,,,89.0,178.0,131.0,21.0,,,,,4.0,167.0,51.0,124.0,1.0,,,,,,,,,,,,,69.0,,9.0,,,,,,,,,,,,,,,,,,,,,,,2.3,,,,,,,,,,,,,,,,,,,,,,,,,,,,120929.0,
[5185],CONVERGENT MARGIN,NEW HEBRIDES ARC - VANUATU ARCHIPELAGO / NORTH FIJI BASIN / DREDGE 13,,-13.565,-13.565,175.902,175.902,SAQ,,-335.0,s_13-17 [5185],THOLEIITIC BASALT [5185],,,,,,,,,VOL,,,,,WR [5185] ,51.11,2.05,,14.07,,,,10.07,11.29,5.68,0.22,,0.3,2.97,0.22,,0.71,0.4,,0.14,,,,,,,,,,0.21,,,,,,,,,,,,,,,,,,,,,,,,,,,,,,,499.0,144.0,,,,67.0,183.0,157.0,22.0,,,,,4.0,185.0,51.0,126.0,4.0,,,,,,,,,,,,,62.0,,11.0,,,,,,,,,,,,,,,,,,,,,,,,,,,,,,,,,,,,,,,,,,,,,,,,,,,120930.0,
[3876],CONVERGENT MARGIN,NEW HEBRIDES ARC - VANUATU ARCHIPELAGO / NEW HEBRIDES FORE-ARC / SITE 829,HOLE 829A,-15.3162,-15.3162,166.345,166.345,SAQ,-403.1,-581.3,"s_134-829A-43R-3,94-96 [3876]",BASALT [3876],,,,,,,,,VOL,403.1,403.1,,,WR [3876] ,50.86,0.86,,17.92,,1.39,8.33,,9.15,7.67,0.17,,1.12,2.38,0.15,,,,,,,,,,,,,,,,4.37,,,,,,,,,,,,,,,,,,,,,,,,,,,,,,244.0,78.0,,,,43.0,,,,,,,,11.0,248.0,31.0,,,,,,,,,,,,,,,22.0,,11.0,,,,,,,,,,,,,,,,,,,,,,,,,,,,,,,,,,,,,,,,,,,,,,,,,,,129953.0,
[3876],CONVERGENT MARGIN,NEW HEBRIDES ARC - VANUATU ARCHIPELAGO / NEW HEBRIDES FORE-ARC / SITE 829,HOLE 829A,-15.3162,-15.3162,166.345,166.345,SAQ,-403.1,-581.3,"s_134-829A-43R-3,95-97 [3876]",BASALT [3876],,,,,,,,,VOL,403.2,403.2,,,WR [3876] ,49.83,0.98,,19.01,,1.34,7.99,,8.54,8.08,0.13,,1.02,2.98,0.11,,,,,,,,,,,,,,,,12.37,,,,,,,,,,,,,,,,,,,,,,,,,,,,,,235.0,88.0,,,36.0,29.0,,,,,,,,9.0,232.0,22.0,34.0,3.0,,,,,,,,,,,,,38.0,3.0,8.0,,,,,,,,,,,,,,,,,,,,,,,,,,,,,,,,,,,,,,,,,,,,,,,,,,,129954.0,
[3876],CONVERGENT MARGIN,NEW HEBRIDES ARC - VANUATU ARCHIPELAGO / NEW HEBRIDES FORE-ARC / SITE 830,HOLE 830B,-15.95,-15.95,166.7797,166.7797,SAQ,-1029.5,-1029.5,"s_134-830B-14R-1,59-64 [3876]",BASALT [3876],,,,,,,,,VOL,175.5,175.5,,,WR [3876] ,49.85,0.7,,13.94,,1.58,9.49,,10.52,10.03,0.31,,1.3,2.16,0.11,,,,,,,,,,,,,,,,6.12,,,,,,,,,,,,,,,,,,,,,,,,,,,,,,321.0,266.0,,,45.0,51.0,,,,,,,,16.0,210.0,16.0,37.0,2.0,,,,,,,,,,,,,195.0,,13.0,,,,,,,,,,,,,,,,,,,,,,,,,,,,,,,,,,,,,,,,,,,,,,,,,,,129976.0,
[3876],CONVERGENT MARGIN,NEW HEBRIDES ARC - VANUATU ARCHIPELAGO / NEW HEBRIDES FORE-ARC / SITE 830,HOLE 830B,-15.95,-15.95,166.7797,166.7797,SAQ,-1029.5,-1029.5,"s_134-830B-22R-1,32-33 [3876]",BASALT [3876],,,,,,,,,VOL,252.7,252.7,,,WR [3876] ,49.98,1.34,,18.48,,1.4,8.42,,11.63,4.64,0.21,,0.6,3.03,0.26,,,,,,,,,,,,,,,,4.41,,,,,,,,,,,,,,,,,,,,,,,,,,,,,,281.0,25.0,,,,30.0,,,,,,,,7.0,361.0,27.0,141.0,6.0,,,,,,,,,,,,,184.0,,25.0,,,,,,,,,,,,,,,,,,,,,,,,,,,,,,,,,,,,,,,,,,,,,,,,,,,129977.0,
[3876],CONVERGENT MARGIN,NEW HEBRIDES ARC - VANUATU ARCHIPELAGO / NEW HEBRIDES FORE-ARC / SITE 830,HOLE 830B,-15.95,-15.95,166.7797,166.7797,SAQ,-1029.5,-1029.5,"s_134-830B-22R-1,34-37 [3876]",BASALT [3876],,,,,,,,,VOL,252.7,252.7,,,WR [3876] ,48.48,1.48,,18.94,,1.45,8.73,,11.62,5.13,0.2,,0.66,3.03,0.26,,,,,,,,,,,,,,,,,,,,,,,,,,,,,,,,,,,,,,,,,,,,,,307.0,52.0,,,31.0,28.0,,,,,,,,9.0,403.0,28.0,98.0,5.0,,,,,,,,,,,,,213.0,19.0,38.0,,,,,,,,,,,,,,,,,,,,,,,,,,,,,,,,,,,,,,,,,,,,,,,,,,,129978.0,
[3876],CONVERGENT MARGIN,NEW HEBRIDES ARC - VANUATU ARCHIPELAGO / NEW HEBRIDES FORE-ARC / SITE 830,HOLE 830B,-15.95,-15.95,166.7797,166.7797,SAQ,-1029.5,-1029.5,"s_134-830B-22R-1,40-44 [3876]",BASALT [3876],,,,,,,,,VOL,252.8,252.8,,,WR [3876] ,50.79,1.38,,17.29,,1.49,8.92,,10.55,4.78,0.22,,0.85,3.45,0.28,,,,,,,,,,,,,,,,5.07,,,,,,,,,,,,,,,,,,,,,,,,,,,,,,,51.0,,,31.0,24.0,,,,,,,,14.0,384.0,,92.0,5.0,,,,,,,,,,,,,351.0,,,,,,,,,,,,,,,,,,,,,,,,,,,,,,,,,,,,,,,,,,,,,,,,,,,,,129979.0,
[3876],CONVERGENT MARGIN,NEW HEBRIDES ARC - VANUATU ARCHIPELAGO / NEW HEBRIDES FORE-ARC / SITE 830,HOLE 830B,-15.95,-15.95,166.7797,166.7797,SAQ,-1029.5,-1029.5,"s_134-830B-2R-1,6-8 [3876]",BASALT [3876],,,,,,,,,VOL,244.5,244.5,,,WR [3876] ,51.27,1.49,,18.68,,1.36,8.15,,9.53,5.24,0.24,,0.42,3.35,0.27,,,,,,,,,,,,,,,,3.51,,,,,,,,,,,,,,,,,,,,,,,,,,,,,,238.0,8.0,,,,25.0,,,,,,,,5.0,244.0,38.0,169.0,4.0,,,,,,,,,,,,,274.0,,17.0,,,,,,,,,,,,,,,,,,,,,,,,,,,,,,,,,,,,,,,,,,,,,,,,,,,129980.0,
[3876],CONVERGENT MARGIN,NEW HEBRIDES ARC - VANUATU ARCHIPELAGO / NEW HEBRIDES FORE-ARC / SITE 830,HOLE 830B,-15.95,-15.95,166.7797,166.7797,SAQ,-1029.5,-1029.5,"s_134-830B-3R-1,3-4 [3876]",BASALT [3876],,,,,,,,,VOL,254.5,254.5,,,WR [3876] ,51.45,1.19,,16.28,,1.44,8.66,,10.98,6.76,0.31,,0.45,2.25,0.22,,,,,,,,,,,,,,,,7.07,,,,,,,,,,,,,,,,,,,,,,,,,,,,,,310.0,113.0,,,,50.0,,,,,,,,7.0,347.0,24.0,112.0,3.0,,,,,,,,,,,,,153.0,,17.0,,,,,,,,,,,,,,,,,,,,,,,,,,,,,,,,,,,,,,,,,,,,,,,,,,,129981.0,
[2019],CONVERGENT MARGIN,NEW HEBRIDES ARC - VANUATU ARCHIPELAGO / CENTRAL NEW HEBRIDES ARC / SITE 286,"HOLE 286, LOYALITY PLATEAU, 100KM W OF MALEKULA ISLAND",-16.532,-16.532,166.3697,166.3697,SAQ,-4484.0,-4484.0,"s_286-36-1,125 [2019]",BASALT [2019],,,,EOCENE [2019],,,,,VOL,,,,,WR [2019] ,49.8,1.5,,16.4,0.07,,,8.7,10.9,8.2,0.2,,0.1,3.4,0.17,,,,,,,,,,,,,,,,,,,,,,,,,,,,,,,,,,,,,,,,,,,,,,,,,,,,,,,,,,,,,,,,,,,,,,,,,,,,,,,,,,,,,,,,,,,,,,,,,,,,,,,,,,,,,,,,,,,,,,,,,,,,,,,,,137898.0,
[2019],CONVERGENT MARGIN,NEW HEBRIDES ARC - VANUATU ARCHIPELAGO / CENTRAL NEW HEBRIDES ARC / SITE 286,"HOLE 286, LOYALITY PLATEAU, 100KM W OF MALEKULA ISLAND",-16.532,-16.532,166.3697,166.3697,SAQ,-4484.0,-4484.0,"s_286-36-1,125 [2019]",BASALT [2019],,,,EOCENE [2019],,,,,VOL,,,,,WR [2019] ,50.2,1.3,,14.7,0.19,,,8.8,11.0,8.7,0.19,,0.12,3.3,0.08,,,,,,,,,,,,,,,,,,,,,,,,,,,,,,,,,,,,,,,,,,,,,,,,,,,,,,,,,,,,,,,,,,,,,,,,,,,,,,,,,,,,,,,,,,,,,,,,,,,,,,,,,,,,,,,,,,,,,,,,,,,,,,,,,137899.0,
[2019],CONVERGENT MARGIN,NEW HEBRIDES ARC - VANUATU ARCHIPELAGO / CENTRAL NEW HEBRIDES ARC / SITE 286,"HOLE 286, LOYALITY PLATEAU, 100KM W OF MALEKULA ISLAND",-16.532,-16.532,166.3697,166.3697,SAQ,-4484.0,-4484.0,"s_286-36-1,132 [2019]",BASALT [2019],,,,EOCENE [2019],,,,,VOL,,,,,WR [2019] ,49.2,1.5,,16.6,,3.4,6.2,,9.9,7.6,0.12,,0.87,2.4,0.09,,1.9,,,0.15,,,,,,,,,,,,,,,,,,,,,,,,,,,,,,,,,,,,,,,,,,,,,,,,,,,,,,,,,,,,,,,,,,,,,,,,,,,,,,,,,,,,,,,,,,,,,,,,,,,,,,,,,,,,,,,,,,,,,,,,,,,,137900.0,
[2019],CONVERGENT MARGIN,NEW HEBRIDES ARC - VANUATU ARCHIPELAGO / CORAL SEA BASIN / SITE 287,ADJACENT TO A BASEMENT HIGH,-13.9112,-13.9112,153.2655,153.2655,SAQ,-4654.0,-4654.0,"s_30-287-17,CC [2019]",BASALT [2019],,,,EOCENE [2019],,,,"PORPHYRITIC, FINE-GRAINED GROUNDMASS [2019] ",VOL,,,M,,WR [2019] ,49.4,0.59,,16.2,,1.7,6.4,,12.6,10.8,0.11,,0.2,1.5,0.03,,0.52,,,0.08,,,,,,,,,,,,,,,,,,,,,,,,,,,,,,,,,,,,,,,,,,,,,,,,,,,,,,,,,,,,,,,,,,,,,,,,,,,,,,,,,,,,,,,,,,,,,,,,,,,,,,,,,,,,,,,,,,,,,,,,,,,,137903.0,
[2019],CONVERGENT MARGIN,NEW HEBRIDES ARC - VANUATU ARCHIPELAGO / CORAL SEA BASIN / SITE 287,ADJACENT TO A BASEMENT HIGH,-13.9112,-13.9112,153.2655,153.2655,SAQ,-4654.0,-4654.0,"s_30-287-18-1,147 [2019]",BASALT [2019],,,,EOCENE [2019],,,,SPARSE PHENOCRYSTS [2019] ,VOL,,,E,,WR [2019] ,48.8,1.2,,18.7,,4.0,4.0,,9.1,7.2,0.03,,0.34,2.7,0.06,,3.8,,,0.08,,,,,,,,,,,,,,,,,,,,,,,,,,,,,,,,,,,,,,,,,,,,,,,,,,,,,,,,,,,,,,,,,,,,,,,,,,,,,,,,,,,,,,,,,,,,,,,,,,,,,,,,,,,,,,,,,,,,,,,,,,,,137904.0,
[3875],CONVERGENT MARGIN,NEW HEBRIDES ARC - VANUATU ARCHIPELAGO / D^ENTRECASTEAUX RIDGE / SITE 828,"HOLE 828A, NORTHERN FLANK OF RIDGE",-15.289,-15.289,166.284,166.284,SAQ,-3097.6,-3097.6,"s_134-828A-12X-1,22-24 [3875]",BASALT [3875],,,,,,,,,VOL,95.62,95.62,,,WR [3875] ,45.04,0.77,,14.91,,1.16,6.96,,16.59,10.67,0.15,,0.12,3.5,0.06,,,,,,,,,,,,,,,,9.6,,,,,,,,,,,,,,,,,,,,,,,,,,,,,,200.0,362.0,,,38.0,135.0,,,,,,,,1.0,89.0,20.9,24.0,2.0,,,,,,,,,,,,,17.0,1.29,3.17,,3.7,1.51,0.57,2.14,,3.01,,1.74,,2.01,0.29,,,,,,,,,,,,,,,,,,0.70615,,18.618,,15.568,,38.339,,,,,,,,,,,,,,,142422.0,
[3875],CONVERGENT MARGIN,NEW HEBRIDES ARC - VANUATU ARCHIPELAGO / D^ENTRECASTEAUX RIDGE / SITE 828,"HOLE 828A, NORTHERN FLANK OF RIDGE",-15.289,-15.289,166.284,166.284,SAQ,-3097.6,-3097.6,"s_134-828A-12X-1,24-26 [3875]",BASALT [3875],,,,,,,,,VOL,95.64,95.64,,,WR [3875] ,50.87,0.73,,16.51,,1.16,6.99,,10.22,9.06,0.15,,0.1,4.17,0.04,,,,,,,,,,,,,,,,6.77,,,,,,,,,,,,,,,,,,,,,,,,,,,,,,204.0,344.0,,,,131.0,,,,,,,,2.0,76.0,18.0,24.0,1.0,,,,,,,,,,,,,,,6.0,,,,,,,,,,,,,,,,,,,,,,,,,,,,,,,,,,,,,,,,,,,,,,,,,,,142423.0,
[3875],CONVERGENT MARGIN,NEW HEBRIDES ARC - VANUATU ARCHIPELAGO / D^ENTRECASTEAUX RIDGE / SITE 828,"HOLE 828A, NORTHERN FLANK OF RIDGE",-15.289,-15.289,166.284,166.284,SAQ,-3097.6,-3097.6,"s_134-828A-12X-1,31-35 [3875]",BASALT [3875],,,,,,,,,VOL,95.71,95.71,,,WR [3875] ,45.38,0.64,,16.25,,1.1,6.62,,19.82,6.44,0.13,,0.1,3.48,0.05,,,,,,,,,,,,,,,,,,,,,,,,,,,,,,,,,,,,,,,,,,,,,,188.0,290.0,,,28.0,98.0,,,,,,,,1.0,68.0,15.2,26.0,1.0,,,,,,,,,,,,,7.0,1.1,,,,1.11,0.46,1.87,,2.44,,1.6,,1.6,0.25,,,,,,,,,,,,,,,,,,,,,,,,,,,,,,,,,,,,,,,142425.0,
[3875],CONVERGENT MARGIN,NEW HEBRIDES ARC - VANUATU ARCHIPELAGO / D^ENTRECASTEAUX RIDGE / SITE 828,"HOLE 828A, NORTHERN FLANK OF RIDGE",-15.289,-15.289,166.284,166.284,SAQ,-3097.6,-3097.6,"s_134-828A-13X-1,0-5 [3875]",BASALT [3875],,,,,,,,,VOL,97.4,97.4,,,WR [3875] ,49.45,0.79,,15.33,,1.13,6.79,,11.85,10.0,0.15,,0.13,4.33,0.06,,,,,,,,,,,,,,,,6.01,,,,,,,,,,,,,,,,,,,,,,,,,,,,,,238.0,394.0,,,43.0,157.0,,,,,,,,2.0,65.0,20.0,21.0,1.0,,,,,,,,,,,,,23.0,1.0,4.0,,,,,,,,,,,,,,,,,,,,,,,,,,,,,,,,,,,,,,,,,,,,,,,,,,,142426.0,
[3875],CONVERGENT MARGIN,NEW HEBRIDES ARC - VANUATU ARCHIPELAGO / D^ENTRECASTEAUX RIDGE / SITE 828,"HOLE 828A, NORTHERN FLANK OF RIDGE",-15.289,-15.289,166.284,166.284,SAQ,-3097.6,-3097.6,"s_134-828A-15N-1,20-22 [3875]",BASALT [3875],,,,,,,,,VOL,108.0,108.0,,,WR [3875] ,48.06,0.83,,17.39,,1.11,6.66,,7.34,14.92,0.14,,0.4,3.1,0.05,,,,,,,,,,,,,,,,4.78,,,,,,,,,,,,,,,,,,,,,,,,,,,,,,210.0,506.0,,,44.0,169.0,,,,,,,,2.0,119.0,20.0,41.0,1.0,,,,,,,,,,,,,48.0,1.0,4.0,,,,,,,,,,,,,,,,,,,,,,,,,,,,,,,,,,,,,,,,,,,,,,,,,,,142428.0,
[3875],CONVERGENT MARGIN,NEW HEBRIDES ARC - VANUATU ARCHIPELAGO / D^ENTRECASTEAUX RIDGE / SITE 828,"HOLE 828A, NORTHERN FLANK OF RIDGE",-15.289,-15.289,166.284,166.284,SAQ,-3097.6,-3097.6,"s_134-828A-15N-1,23-25 [3875]",BASALT [3875],,,,,,,,,VOL,108.03,108.03,,,WR [3875] ,49.51,0.81,,18.16,,1.14,6.85,,7.05,12.28,0.13,,0.51,3.5,0.05,,,,,,,,,,,,,,,,6.19,,,,,,,,,,,,,,,,,,,,,,,,,,,,,,214.0,405.0,,,,143.0,,,,,,,,3.0,119.0,17.0,41.0,1.0,,,,,,,,,,,,,18.0,,4.0,,,,,,,,,,,,,,,,,,,,,,,,,,,,,,,,,,,,,,,,,,,,,,,,,,,142429.0,
[3875],CONVERGENT MARGIN,NEW HEBRIDES ARC - VANUATU ARCHIPELAGO / D^ENTRECASTEAUX RIDGE / SITE 828,"HOLE 828A, NORTHERN FLANK OF RIDGE",-15.289,-15.289,166.284,166.284,SAQ,-3097.6,-3097.6,"s_134-828A-15N-1,52-55 [3875]",BASALT [3875],,,,,,,,,VOL,108.32,108.32,,,WR [3875] ,49.34,0.78,,17.53,,1.22,7.34,,6.28,11.24,0.14,,1.05,5.03,0.05,,,,,,,,,,,,,,,,,,,,,,,,,,,,,,,,,,,,,,,,,,,,,,195.0,514.0,,,52.0,172.0,,,,,,,,14.0,121.0,18.0,43.0,1.0,,,,,,,,,,,,,42.0,,,,,,,,,,,,,,,,,,,,,,,,,,,,,,,,,,,,,,,,,,,,,,,,,,,,,142431.0,
[3875],CONVERGENT MARGIN,NEW HEBRIDES ARC - VANUATU ARCHIPELAGO / D^ENTRECASTEAUX RIDGE / SITE 828,"HOLE 828A, NORTHERN FLANK OF RIDGE",-15.289,-15.289,166.284,166.284,SAQ,-3097.6,-3097.6,"s_134-828A-15N-1,122-123 [3875]",BASALT [3875],,,,,,,,,VOL,109.02,109.02,,,WR [3875] ,53.45,1.92,,14.41,,1.68,10.07,,5.45,6.68,0.19,,0.24,5.74,0.17,,,,,,,,,,,,,,,,3.41,,,,,,,,,,,,,,,,,,,,,,,,,,,,,,319.0,118.0,,,,76.0,,,,,,,,2.0,94.0,40.0,124.0,3.0,,,,,,,,,,,,,8.0,,10.0,,,,,,,,,,,,,,,,,,,,,,,,,,,,,,,,,,,,,,,,,,,,,,,,,,,142433.0,
[3875],CONVERGENT MARGIN,NEW HEBRIDES ARC - VANUATU ARCHIPELAGO / D^ENTRECASTEAUX RIDGE / SITE 828,"HOLE 828A, NORTHERN FLANK OF RIDGE",-15.289,-15.289,166.284,166.284,SAQ,-3097.6,-3097.6,"s_134-828A-15N-2,3-4 [3875]",BASALT [3875],,,,,,,,,VOL,109.33,109.33,,,WR [3875] ,52.66,1.9,,14.61,,1.75,10.48,,5.59,6.73,0.2,,0.38,5.56,0.15,,,,,,,,,,,,,,,,3.7,,,,,,,,,,,,,,,,,,,,,,,,,,,,,,317.0,123.0,,,,94.0,,,,,,,,4.0,94.0,40.0,117.0,3.0,,,,,,,,,,,,,7.0,,18.0,,,,,,,,,,,,,,,,,,,,,,,,,,,,,,,,,,,,,,,,,,,,,,,,,,,142434.0,
[3875],CONVERGENT MARGIN,NEW HEBRIDES ARC - VANUATU ARCHIPELAGO / D^ENTRECASTEAUX RIDGE / SITE 828,"HOLE 828A, NORTHERN FLANK OF RIDGE",-15.289,-15.289,166.284,166.284,SAQ,-3097.6,-3097.6,"s_134-828A-15N-2,7-9 [3875]",BASALT [3875],,,,,,,,,VOL,109.37,109.37,,,WR [3875] ,50.51,2.0,,14.28,,1.85,11.1,,5.61,8.45,0.18,,0.4,5.44,0.16,,,,,,,,,,,,,,,,2.6,,,,,,,,,,,,,,,,,,,,,,,,,,,,,,366.0,222.0,,,46.0,112.0,,,,,,,,4.0,100.0,47.0,161.0,5.0,,,,,,,,,,,,,32.0,7.0,14.0,,,,,,,,,,,,,,,,,,,,,,,,,,,,,,,,,,,,,,,,,,,,,,,,,,,142435.0,
[3875],CONVERGENT MARGIN,NEW HEBRIDES ARC - VANUATU ARCHIPELAGO / D^ENTRECASTEAUX RIDGE / SITE 828,"HOLE 828B, NORTHERN FLANK OF RIDGE",-15.2877,-15.2877,166.2827,166.2827,SAQ,-3093.0,-3093.0,"s_134-828B-3R-CC,6-7 [3875]",BASALT [3875],,,,,,,,,VOL,109.76,109.76,,,WR [3875] ,50.72,1.05,,16.32,,1.3,7.82,,8.11,9.43,0.19,,0.31,4.66,0.08,,,,,,,,,,,,,,,,3.1,,,,,,,,,,,,,,,,,,,,,,,,,,,,,,256.0,102.0,,,38.0,63.0,,,,,,,,2.0,136.0,26.0,59.0,,,,,,,,,,,,,,21.0,3.0,11.0,,,,,,,,,,,,,,,,,,,,,,,,,,,,,,,,,,,,,,,,,,,,,,,,,,,142436.0,
[3875],CONVERGENT MARGIN,NEW HEBRIDES ARC - VANUATU ARCHIPELAGO / D^ENTRECASTEAUX RIDGE / SITE 828,"HOLE 828A, NORTHERN FLANK OF RIDGE",-15.289,-15.289,166.284,166.284,SAQ,-3097.6,-3097.6,"s_134-828A-15N-2,62-63 [3875]",BASALT [3875],,,,,,,,,VOL,109.92,109.92,,,WR [3875] ,48.72,0.82,,17.87,,1.04,6.23,,8.32,12.95,0.15,,0.87,2.99,0.04,,,,,,,,,,,,,,,,6.77,,,,,,,,,,,,,,,,,,,,,,,,,,,,,,186.0,450.0,,,,178.0,,,,,,,,6.0,113.0,14.0,40.0,2.0,,,,,,,,,,,,,28.0,,12.0,,,,,,,,,,,,,,,,,,,,,,,,,,,,,,,,,,,,,,,,,,,,,,,,,,,142437.0,
[3875],CONVERGENT MARGIN,NEW HEBRIDES ARC - VANUATU ARCHIPELAGO / D^ENTRECASTEAUX RIDGE / SITE 828,"HOLE 828A, NORTHERN FLANK OF RIDGE",-15.289,-15.289,166.284,166.284,SAQ,-3097.6,-3097.6,"s_134-828A-15N-2,63-67 [3875]",BASALT [3875],,,,,,,,,VOL,109.93,109.93,,,WR [3875] ,48.92,0.81,,17.75,,1.22,7.33,,6.36,11.83,0.15,,0.8,4.79,0.05,,,,,,,,,,,,,,,,,,,,,,,,,,,,,,,,,,,,,,,,,,,,,,,550.0,,,43.0,148.0,,,,,,,,11.0,95.0,15.8,38.0,,,,,,,,,,,,,,,,3.5,,3.1,1.62,0.65,2.46,,2.77,,1.73,,1.59,0.24,,,,,,,,,,,,,,,,,,,,,,,,,,,,,,,,,,,,,,,142438.0,
[3875],CONVERGENT MARGIN,NEW HEBRIDES ARC - VANUATU ARCHIPELAGO / D^ENTRECASTEAUX RIDGE / SITE 828,"HOLE 828A, NORTHERN FLANK OF RIDGE",-15.289,-15.289,166.284,166.284,SAQ,-3097.6,-3097.6,"s_134-828A-15N-2,70-73 [3875]",BASALT [3875],,,,,,,,,VOL,110.0,110.0,,,WR [3875] ,49.09,0.82,,17.56,,1.2,7.18,,7.68,11.08,0.17,,0.49,4.69,0.05,,,,,,,,,,,,,,,,,,,,,,,,,,,,,,,,,,,,,,,,,,,,,,197.0,481.0,,,47.0,158.0,,,,,,,,6.0,109.0,19.0,46.0,1.0,,,,,,,,,,,,,26.0,,,,,,,,,,,,,,,,,,,,,,,,,,,,,,,,,,,,,,,,,,,,,,,,,,,,,142439.0,
[4624],CONVERGENT MARGIN,NEW HEBRIDES ARC - VANUATU ARCHIPELAGO / NORTH FIJI BASIN / DREDGE 129,,-16.3085,-16.3085,177.5705,177.5705,SAQ,,,s_129/1 [4624],BASALT [4624],,,,,,,,,VOL,,,,,GL [4624] ,48.21,1.23,,17.19,,,,9.88,11.85,9.03,0.2,,0.02,2.64,0.06,,,,,,,,,,,,,,,,,,,,,,,,,,,,,,,,,,,,,,,,,,,,,,,,,,,,,,,,,,,,,,,,,,,,,,,,,,,,,,,,,,,,,,,,,,,,,,,,,,,,,,,,,,,,,,,,,,,,,,,,,,,,,,,,,143848.0,
[4624],CONVERGENT MARGIN,NEW HEBRIDES ARC - VANUATU ARCHIPELAGO / NORTH FIJI BASIN / DREDGE 131,,-16.3778,-16.3778,177.4047,177.4047,SAQ,,,s_131/1A [4624],BASALT [4624],,,,,,,,,VOL,,,,,GL [4624] ,49.69,0.98,,16.17,,,,8.53,12.89,8.8,0.13,,0.07,2.18,0.15,,,,,,,,,,,,,,,,,,,,,,,,,,,,,,,,,,,,,,,,,,,,,,,,,,,,,,,,,,,,,,,,,,,,,,,,,,,,,,,,,,,,,,,,,,,,,,,,,,,,,,,,,,,,,,,,,,,,,,,,,,,,,,,,,143849.0,
[4624],CONVERGENT MARGIN,NEW HEBRIDES ARC - VANUATU ARCHIPELAGO / NORTH FIJI BASIN / DREDGE 131,,-16.3778,-16.3778,177.4047,177.4047,SAQ,,,s_131/2 [4624],BASALT [4624],,,,,,,,,VOL,,,,,GL [4624] ,49.91,1.81,,14.21,,,,12.2,11.2,6.92,0.16,,0.09,2.6,0.19,,,,,,,,,,,,,,,,,,,,,,,,,,,,,,,,,,,,,,,,,,,,,,,,,,,,,,,,,,,,,,,,,,,,,,,,,,,,,,,,,,,,,,,,,,,,,,,,,,,,,,,,,,,,,,,,,,,,,,,,,,,,,,,,,143850.0,
[4624],CONVERGENT MARGIN,NEW HEBRIDES ARC - VANUATU ARCHIPELAGO / NORTH FIJI BASIN / DREDGE 132,,-16.313,-16.313,177.476,177.476,SAQ,,,s_132/1A [4624],BASALT [4624],,,,,,,,,VOL,,,,,GL [4624] ,50.59,1.75,,14.21,,,,12.62,11.28,6.79,0.2,,0.09,2.56,0.15,,,,,,,,,,,,,,,,,,,,,,,,,,,,,,,,,,,,,,,,,,,,43.0,,349.0,206.0,,,,85.0,,,,,,,,,84.0,31.0,98.0,,,,,,,,,,,,,,24.0,3.0,9.29,,10.23,3.35,1.28,5.46,,6.7,,4.38,,3.92,0.64,2.7,,,,,,,,,,,,,,,,,,,,,,,,,,,,,,,,,,,,,,143851.0,
[4624],CONVERGENT MARGIN,NEW HEBRIDES ARC - VANUATU ARCHIPELAGO / NORTH FIJI BASIN / DREDGE 133,,-16.3358,-16.3358,177.4805,177.4805,SAQ,,,s_133/1B [4624],BASALT [4624],,,,,,,,,VOL,,,,,GL [4624] ,50.17,1.95,,14.41,,,,11.76,10.9,6.71,0.17,,0.15,2.72,0.21,,,,,,,,,,,,,,,,,,,,,,,,,,,,,,,,,,,,,,,,,,,,,,,,,,,,,,,,,,,,,,,,,,,,,,,,,,,,,,,,,,,,,,,,,,,,,,,,,,,,,,,,,,,,,,,,,,,,,,,,,,,,,,,,,143852.0,
[4624],CONVERGENT MARGIN,NEW HEBRIDES ARC - VANUATU ARCHIPELAGO / NORTH FIJI BASIN / DREDGE 134,,-16.405,-16.405,177.4749,177.4749,SAQ,,,s_134/1 [4624],BASALT [4624],,,,,,,,,VOL,,,,,GL [4624] ,50.39,1.62,,14.97,,,,11.0,11.2,7.15,0.24,,0.13,2.85,0.12,,,,,,,,,,,,,,,,,,,,,,,,,,,,,,,,,,,,,,,,,,,,,,,,,,,,,,,,,,,,,,,,,,,,,,,,,,,,,,,,,,,,,,,,,,,,,,,,,,,,,,,,,,,,,,,,,,,,,,,,,,,,,,,,,143853.0,
[4624],CONVERGENT MARGIN,NEW HEBRIDES ARC - VANUATU ARCHIPELAGO / NORTH FIJI BASIN / DREDGE 135,,-16.4304,-16.4304,177.499,177.499,SAQ,,,s_135/1A [4624],BASALT [4624],,,,,,,,,VOL,,,,,GL [4624] ,50.88,1.05,,15.53,,,,9.45,12.73,7.73,0.19,,0.07,2.29,0.07,,,,,,,,,,,,,,,,,,,,,,,,,,,,,,,,,,,,,,,,,,,,,,,,,,,,,,,,,,,,,,,,,,,,,,,,,,,,,,,,,,,,,,,,,,,,,,,,,,,,,,,,,,,,,,,,,,,,,,,,,,,,,,,,,143854.0,
[4624],CONVERGENT MARGIN,NEW HEBRIDES ARC - VANUATU ARCHIPELAGO / NORTH FIJI BASIN / DREDGE 142,,-16.32,-16.32,177.42,177.42,SAQ,,,s_142/2 [4624],BASALT [4624],,,,,,,,,VOL,,,,,GL [4624] ,51.02,1.15,,14.63,,,,10.2,12.38,7.69,0.19,,0.06,2.48,0.08,,,,,,,,,,,,,,,,,,,,,,,,,,,,,,,,,,,,,,,,,,,,,,,,,,,,,,,,,,,,,,,,,,,,,,,,,,,,,,,,,,,,,,,,,,,,,,,,,,,,,,,,,,,,,,,,,,,,,,,,,,,,,,,,,143855.0,
[4624],CONVERGENT MARGIN,NEW HEBRIDES ARC - VANUATU ARCHIPELAGO / NORTH FIJI BASIN / DREDGE 144,,-16.893,-16.893,177.3806,177.3806,SAQ,,,s_144/1 [4624],BASALT [4624],,,,,,,,,VOL,,,,,GL [4624] ,51.12,1.61,,14.17,,,,11.46,11.23,6.48,0.18,,0.14,2.78,0.16,,,,,,,,,,,,,,,,,,,,,,,,,,,,,,,,,,,,,,,,,,,,,,,,,,,,,,,,,,,,,,,,,,,,,,,,,,,,,,,,,,,,,,,,,,,,,,,,,,,,,,,,,,,,,,,,,,,,,,,,,,,,,,,,,143856.0,
[4624],CONVERGENT MARGIN,NEW HEBRIDES ARC - VANUATU ARCHIPELAGO / NORTH FIJI BASIN / DREDGE 150,,-16.3968,-16.3968,177.4002,177.4002,SAQ,,,s_150/1 [4624],BASALT [4624],,,,,,,,,VOL,,,,,GL [4624] ,48.32,1.35,,17.38,,,,9.77,11.85,9.09,0.17,,0.03,2.71,0.08,,,,,,,,,,,,,,,,,,,,,,,,,,,,,,,,,,,,,,,,,,,,,,,,,,,,,,,,,,,,,,,,,,,,,,,,,,,,,,,,,,,,,,,,,,,,,,,,,,,,,,,,,,,,,,,,,,,,,,,,,,,,,,,,,143857.0,
[4624],CONVERGENT MARGIN,NEW HEBRIDES ARC - VANUATU ARCHIPELAGO / NORTH FIJI BASIN / DREDGE 157,,-16.3661,-16.3661,177.2725,177.2725,SAQ,,,s_157/2 [4624],BASALT [4624],,,,,,,,,VOL,,,,,GL [4624] ,49.87,1.37,,16.01,,,,9.06,12.14,8.11,0.18,,0.14,2.57,0.16,,,,,,,,,,,,,,,,,,,,,,,,,,,,,,,,,,,,,,,,,,,,,,,,,,,,,,,,,,,,,,,,,,,,,,,,,,,,,,,,,,,,,,,,,,,,,,,,,,,,,,,,,,,,,,,,,,,,,,,,,,,,,,,,,143858.0,
[4624],CONVERGENT MARGIN,NEW HEBRIDES ARC - VANUATU ARCHIPELAGO / NORTH FIJI BASIN / DREDGE 162,,-16.4007,-16.4007,177.4109,177.4109,SAQ,,,s_162/2 [4624],BASALT [4624],,,,,,,,,VOL,,,,,GL [4624] ,49.68,1.14,,16.0,,,,9.01,12.98,7.83,0.16,,0.05,2.55,0.07,,,,,,,,,,,,,,,,,,,,,,,,,,,,,,,,,,,,,,,,,,,,,,,,,,,,,,,,,,,,,,,,,,,,,,,,,,,,,,,,,,,,,,,,,,,,,,,,,,,,,,,,,,,,,,,,,,,,,,,,,,,,,,,,,143860.0,
[4624],CONVERGENT MARGIN,NEW HEBRIDES ARC - VANUATU ARCHIPELAGO / NORTH FIJI BASIN / DREDGE 162,,-16.4007,-16.4007,177.4109,177.4109,SAQ,,,s_162/3 [4624],BASALT [4624],,,,,,,,,VOL,,,,,GL [4624] ,51.16,1.65,,14.51,,,,11.2,11.28,6.64,0.19,,0.16,2.79,0.19,,,,,,,,,,,,,,,,,,,,,,,,,,,,,,,,,,,,,,,,,,,,,,,,,,,,,,,,,,,,,,,,,,,,,,,,,,,,,,,,,,,,,,,,,,,,,,,,,,,,,,,,,,,,,,,,,,,,,,,,,,,,,,,,,143861.0,
[4624],CONVERGENT MARGIN,NEW HEBRIDES ARC - VANUATU ARCHIPELAGO / NORTH FIJI BASIN / DREDGE 131,,-16.3778,-16.3778,177.4047,177.4047,SAQ,,,s_131/1B [4624],BASALT [4624],,,,,,,,,VOL,,,,,GL [4624] ,51.59,1.76,,14.92,,,,10.25,10.35,5.92,0.15,,0.33,3.11,0.23,,,,,,,,,,,,,,,,,,,,,,,,,,,,,,,,,,,,,,,,,,,,,,,,,,,,,,,,,,,,,,,,,,,,,,,,,,,,,,,,,,,,,,,,,,,,,,,,,,,,,,,,,,,,,,,,,,,,,,,,,,,,,,,,,143863.0,
[4624],CONVERGENT MARGIN,NEW HEBRIDES ARC - VANUATU ARCHIPELAGO / NORTH FIJI BASIN / DREDGE 135,,-16.4304,-16.4304,177.499,177.499,SAQ,,,s_135/1B [4624],BASALT [4624],,,,,,,,,VOL,,,,,GL [4624] ,55.61,1.88,,14.86,,,,10.3,7.58,3.53,0.14,,0.45,3.75,0.21,,,,,,,,,,,,,,,,,,,,,,,,,,,,,,,,,,,,,,,,,,,,,,,,,,,,,,,,,,,,,,,,,,,,,,,,,,,,,,,,,,,,,,,,,,,,,,,,,,,,,,,,,,,,,,,,,,,,,,,,,,,,,,,,,143864.0,
[4624],CONVERGENT MARGIN,NEW HEBRIDES ARC - VANUATU ARCHIPELAGO / NORTH FIJI BASIN / DREDGE 137,,-16.3753,-16.3753,177.4603,177.4603,SAQ,,,s_137/1 [4624],BASALT [4624],,,,,,,,,VOL,,,,,GL [4624] ,53.61,2.06,,13.8,,,,12.77,8.33,4.12,0.17,,0.34,3.8,0.29,,,,,,,,,,,,,,,,,,,,,,,,,,,,,,,,,,,,,,,,,,,,,,,,,,,,,,,,,,,,,,,,,,,,,,,,,,,,,,,,,,,,,,,,,,,,,,,,,,,,,,,,,,,,,,,,,,,,,,,,,,,,,,,,,143865.0,
[4624],CONVERGENT MARGIN,NEW HEBRIDES ARC - VANUATU ARCHIPELAGO / NORTH FIJI BASIN / DREDGE 152,,-16.491,-16.491,177.4266,177.4266,SAQ,,,s_152/1 [4624],BASALT [4624],,,,,,,,,VOL,,,,,GL [4624] ,53.64,1.67,,15.25,,,,10.33,8.85,4.37,0.22,,0.64,3.44,0.33,,,,,,,,,,,,,,,,,,,,,,,,,,,,,,,,,,,,,,,,,,,,,,,,,,,,,,,,,,,,,,,,,,,,,,,,,,,,,,,,,,,,,,,,,,,,,,,,,,,,,,,,,,,,,,,,,,,,,,,,,,,,,,,,,143868.0,
[4624],CONVERGENT MARGIN,NEW HEBRIDES ARC - VANUATU ARCHIPELAGO / NORTH FIJI BASIN / DREDGE 158,,-16.4127,-16.4127,177.2784,177.2784,SAQ,,,s_158/1 [4624],BASALT [4624],,,,,,,,,VOL,,,,,GL [4624] ,57.81,1.42,,15.29,,,,9.1,6.89,3.03,0.15,,0.47,3.7,0.22,,,,,,,,,,,,,,,,,,,,,,,,,,,,,,,,,,,,,,,,,,,,22.0,,169.0,14.0,,,,23.0,,,,,,,,,150.0,32.0,198.0,6.5,,,,,,,,,,,,,74.0,9.7,21.9,,13.61,4.1,1.32,5.5,,5.94,,3.92,,3.72,0.59,3.8,,,,,,,,,,,,,,,,,,,,,,,,,,,,,,,,,,,,,,143869.0,
[4624],CONVERGENT MARGIN,NEW HEBRIDES ARC - VANUATU ARCHIPELAGO / NORTH FIJI BASIN / DREDGE 164,,-16.4348,-16.4348,177.3824,177.3824,SAQ,,,s_164/2 [4624],BASALT [4624],,,,,,,,,VOL,,,,,GL [4624] ,54.97,1.57,,16.0,,,,9.19,7.99,3.51,0.2,,0.63,3.84,0.3,,,,,,,,,,,,,,,,,,,,,,,,,,,,,,,,,,,,,,,,,,,,,,,,,,,,,,,,,,,,,,,,,,,,,,,,,,,,,,,,,,,,,,,,,,,,,,,,,,,,,,,,,,,,,,,,,,,,,,,,,,,,,,,,,143871.0,
[4624],CONVERGENT MARGIN,NEW HEBRIDES ARC - VANUATU ARCHIPELAGO / NORTH FIJI BASIN / DREDGE 279,,-16.375,-16.375,177.4887,177.4887,SAQ,,,s_279/1 [4624],BASALT [4624],,,,,,,,,VOL,,,,,GL [4624] ,54.59,1.45,,15.21,,,,9.47,8.43,4.51,0.17,,0.24,3.34,0.21,,,,,,,,,,,,,,,,,,,,,,,,,,,,,,,,,,,,,,,,,,,,,,,,,,,,,,,,,,,,,,,,,,,,,,,,,,,,,,,,,,,,,,,,,,,,,,,,,,,,,,,,,,,,,,,,,,,,,,,,,,,,,,,,,143872.0,
[4624],CONVERGENT MARGIN,NEW HEBRIDES ARC - VANUATU ARCHIPELAGO / NORTH FIJI BASIN / DREDGE 133,,-16.3358,-16.3358,177.4805,177.4805,SAQ,,,s_133/1A [4624],BASALT [4624],,,,,,,,,VOL,,,,,GL [4624] ,50.75,1.95,,16.07,,,,9.07,10.97,5.9,0.16,,0.6,3.45,0.24,1.38,,,,,,,,,,,,,,,,,,,,,,,,,,,,,,,,,,,,,,,,,3649.0,,38.0,,259.0,247.0,,,,72.0,,,,,,,,12.2,179.0,31.0,131.0,11.7,,,,,,,,,,,,0.16,104.0,8.89,18.43,,14.13,4.16,1.35,5.81,,6.28,,3.64,,3.33,0.51,3.2,,,,,,,,,,,,,,0.512976,,,0.70321,,,,,,,,,,,,,,,,,,,,,143873.0,
[6302],CONVERGENT MARGIN,NEW HEBRIDES ARC - VANUATU ARCHIPELAGO / CENTRAL NEW HEBRIDES ARC / AMBRYM (=AMBRIM) / AMBRYM,,-16.25,-16.25,168.13,168.13,SAE,,,s_AMB72 [6302],BASALT [6302],,,,,,,,,VOL,,,,,WR [6302] ,48.5,0.8,,14.75,,,,9.63,12.5,10.16,0.19,,0.64,2.06,0.19,,,,,,,,,,,,,,,,-0.29,,,,,,,,,,,,,,,,,,,,,,,,,,,,43.0,,279.0,381.0,,,49.0,101.0,,,,,,,,11.0,304.0,16.0,44.0,1.0,,,,,,,,,,,,,418.0,4.2,,,7.5,,0.85,,,2.9,,1.6,,1.57,,,,,,,,,,,,,,,,,,,,,,,,,,,,,,,,,,,,,,,,150258.0,
[6302],CONVERGENT MARGIN,NEW HEBRIDES ARC - VANUATU ARCHIPELAGO / CENTRAL NEW HEBRIDES ARC / AMBRYM (=AMBRIM) / AMBRYM,,-16.25,-16.25,168.13,168.13,SAE,,,s_AMB32 [6302],BASALT [6302],,,,,,,,PORPHYRITIC [6302] ,VOL,,,,,WR [6302] ,49.3,0.68,,18.68,,,,9.39,11.96,4.65,0.18,,1.2,2.37,0.23,,,,,,,,,,,,,,,,0.02,,,,,,,,,,,,,,,,,,,,,,,,,,,,32.0,,284.0,65.0,,,36.0,27.0,,,,,,,,19.0,578.0,16.0,51.0,1.35,,,,,,,,,,,,,287.0,7.7,,,11.0,,0.95,,,2.7,,1.5,,1.42,,,,,,,,,,,,,,,,,,,,,,,,,,,,,,,,,,,,,,,,150259.0,
[6302],CONVERGENT MARGIN,NEW HEBRIDES ARC - VANUATU ARCHIPELAGO / CENTRAL NEW HEBRIDES ARC / AMBRYM (=AMBRIM) / AMBRYM,,-16.25,-16.25,168.13,168.13,SAE,,,s_AMB36 [6302],BASALT [6302],,,,,,,,PORPHYRITIC [6302] ,VOL,,,,,WR [6302] ,52.3,0.98,,16.45,,,,9.55,8.67,4.36,0.18,,2.52,3.22,0.42,,,,,,,,,,,,,,,,-0.08,,,,,,,,,,,,,,,,,,,,,,,,,,,,24.0,,360.0,21.0,,,32.0,34.0,,,,,,,,48.0,638.0,21.0,93.0,3.4,,,,,,,,,,,,,480.0,12.8,,,17.5,,1.25,,,3.5,,2.1,,1.87,,,,,,,,,,,,,,,,,,,,,,,,,,,,,,,,,,,,,,,,150260.0,
[6302],CONVERGENT MARGIN,NEW HEBRIDES ARC - VANUATU ARCHIPELAGO / CENTRAL NEW HEBRIDES ARC / AMBRYM (=AMBRIM) / AMBRYM,,-16.25,-16.25,168.13,168.13,SAE,,,s_AMB60 [6302],DACITE [6302],,,,,,,,,VOL,,,,,WR [6302] ,63.5,0.54,,14.75,,,,6.83,4.35,1.36,0.21,,2.65,4.37,0.19,,,,,,,,,,,,,,,,0.54,,,,,,,,,,,,,,,,,,,,,,,,,,,,17.0,,70.0,31.0,,,12.0,17.0,,,,,,,,51.0,288.0,41.0,142.0,3.75,,,,,,,,,,,,,725.0,15.8,,,19.0,,1.3,,,6.1,,4.1,,4.07,,,,,,,,,,,,,,,,,,,,,,,,,,,,,,,,,,,,,,,,150261.0,
[6302],CONVERGENT MARGIN,NEW HEBRIDES ARC - VANUATU ARCHIPELAGO / CENTRAL NEW HEBRIDES ARC / AMBRYM (=AMBRIM) / AMBRYM,,-16.25,-16.25,168.13,168.13,SAE,,,s_BAMB65 [6302],BASALT [6302],,,,,,,,,VOL,,,,,WR [6302] ,49.4,0.78,,17.6,,,,10.86,10.55,4.53,0.2,,0.98,2.4,0.22,,,,,,,,,,,,,,,,0.7,,,,,,,,,,,,,,,,,,,,,,,,,,,,31.0,,335.0,56.0,,,35.0,38.0,,,,,,,,19.0,482.0,18.5,51.0,1.6,,,,,,,,,,,,,151.0,7.8,,,11.0,,1.05,,,3.1,,1.6,,1.7,,,,,,,,,,,,,,,,,,,,,,,,,,,,,,,,,,,,,,,,150265.0,
[6302],CONVERGENT MARGIN,NEW HEBRIDES ARC - VANUATU ARCHIPELAGO / CENTRAL NEW HEBRIDES ARC / AMBRYM (=AMBRIM) / AMBRYM,,-16.25,-16.25,168.13,168.13,SAE,,,s_AMB20 [6302],BASALT [6302],,,,,,,,,VOL,,,,,WR [6302] ,49.8,0.85,,15.94,,,,11.23,11.1,5.7,0.21,,1.62,2.52,0.3,,,,,,,,,,,,,,,,-0.59,,,,,,,,,,,,,,,,,,,,,,,,,,,,32.0,,340.0,51.0,,,45.0,35.0,,,,,,,,28.0,588.0,17.0,60.0,2.35,,,,,,,,,,,,,342.0,9.2,,,12.8,,0.95,,,3.1,,1.7,,1.6,,,,,,,,,,,,,,,,,,,,,,,,,,,,,,,,,,,,,,,,150266.0,
[21889],CONVERGENT MARGIN,NEW HEBRIDES ARC - VANUATU ARCHIPELAGO / VATE TROUGH / NIFONEA RIDGE / NIFONEA,CALDERA,-18.1292992,-18.1292992,169.510864,169.510864,SAQ,-1877.0,-1877.0,s_27ROV01 [21889],BASALT [21889],,,,,,,,,VOL,,,,,WR [21889] ,50.0,2.035,,15.45,,,,11.301488,8.937,4.56,0.194,,0.9406,4.147,0.436,,,,,,,,,,,,,,,,0.55,,,,,,,,,,,,,,,,,,,,,,,,,,,,,,317.1,18.4,,,,16.5,,86.8,21.6,,,,,23.8,253.9,46.9,189.1,13.1,,,,,,,,,,,,,153.1,,,,,,,,,,,,,,,,,,,,,,,,,,,,,,,,,,,,,,,,,,,,,,,,,,,,,1565432.0,
[21889],CONVERGENT MARGIN,NEW HEBRIDES ARC - VANUATU ARCHIPELAGO / VATE TROUGH / NIFONEA RIDGE / NIFONEA,CALDERA,-18.1291008,-18.1291008,169.516876,169.516876,SAQ,-1867.0,-1867.0,s_27ROV07 [21889],BASALT [21889],,,,,,,,,VOL,,,,,WR [21889] ,50.01,1.698,,17.21,,,,8.0460116,10.96,5.434,0.1449,,0.7061,4.005,0.3287,,,,,,,,,,,,,,,,0.37,,,,,,,,,,,,,,4.83599766400623,,,,,,,,,,,,,,34.3296833064949,,251.135597526891,190.555654496883,,,31.2298940761083,51.8904458598726,74.3658558972006,68.5509067840884,20.1417133804533,,,,,12.1748090277778,237.5859604876,34.5182786536003,143.249839159339,17.8512138104657,1.639,,,,,,,,,,,0.217837078651685,147.410174880763,13.3223524656427,28.7696313364055,3.76534446764092,16.8958698064357,4.58484885126965,1.52133998574483,5.24067841504946,0.890788084737185,5.80277227722772,1.1742912371134,3.382532664643,0.483114355231143,3.1265745947734,0.468146775389177,3.32322724490688,1.04439571859088,,,,,,,,,1.52343519701287,,1.55233407079646,0.551151673185571,,,,,,,,,,,,,,,,,,,,,,,,,1565436.0,
[21889],CONVERGENT MARGIN,NEW HEBRIDES ARC - VANUATU ARCHIPELAGO / VATE TROUGH / NIFONEA RIDGE / NIFONEA,CALDERA,-18.1292992,-18.1292992,169.517334,169.517334,SAQ,-1863.0,-1863.0,s_27ROV09 [21889],BASALT [21889],,,,,,,,,VOL,,,,,WR [21889] ,49.42,1.705,,16.87,,,,8.7307594,10.79,6.111,0.1532,,0.7323,3.641,0.3253,,,,,,,,,,,,,,,,0.35,,,,,,,,,,,,,,5.37328013095969,,,,,,,,,,,,,,32.5091941145717,,253.888070274865,180.133627481878,,,37.5405619102841,68.7903534303534,80.2646664034741,71.6664826346536,19.3809599914762,,,,,13.1707746314065,228.144836544707,34.0817787913341,151.888888888889,18.2394732904384,1.753,,,,,,,,,,,0.212654723127036,143.592553983619,13.2253957673721,29.0043084537938,3.76791447480061,16.9523991223886,4.6274078107982,1.54957442303621,,0.907078574811852,5.94402695565067,1.20146377165162,3.46938039662207,0.491135196805476,3.22557517899761,0.485424544517016,3.58644815631894,1.07470463866317,,,,,,,,,1.57064690795098,,1.57774467347999,0.625487177231338,,,,,,,,,,,,,,,,,,,,,,,,,1565438.0,
[21889],CONVERGENT MARGIN,NEW HEBRIDES ARC - VANUATU ARCHIPELAGO / VATE TROUGH / NIFONEA RIDGE / NIFONEA,CALDERA,-18.1289005,-18.1289005,169.5184631,169.5184631,SAQ,-1873.0,-1873.0,s_60ROV09 [21889],BASALT [21889],,,,,,,,,VOL,,,,,WR [21889] ,51.28,2.067,,15.46,,,,10.743612,7.803,3.681,0.1959,,1.168,4.644,0.5433,,,,,,,,,,,,,,,,1.03,,,,,,,,,,,,,,,,,,,,,,,,,,,,,,274.2,17.3,,,,7.7,,107.6,22.9,,,,,25.4,237.2,57.5,235.7,15.9,,,,,,,,,,,,,138.0,,,,,,,,,,,,,,,,,,,,,,,,,,,,,,,,,,,,,,,,,,,,,,,,,,,,,1565445.0,
[21889],CONVERGENT MARGIN,NEW HEBRIDES ARC - VANUATU ARCHIPELAGO / VATE TROUGH / NIFONEA RIDGE / NIFONEA,CALDERA,-18.1275997,-18.1275997,169.5180054,169.5180054,SAQ,,,s_60ROV13 [21889],BASALT [21889],,,,,,,,,VOL,,,,,WR [21889] ,49.02,1.63,,16.74,,,,9.04299,10.68,6.863,0.1631,,0.7228,3.604,0.3197,,,,,,,,,,,,,,,,0.02,,,,,,,,,,,,,,,,,,,,,,,,,,,,,,236.9,182.3,,,,66.6,,65.1,17.1,,,,,12.9,235.3,33.4,145.3,16.7,,,,,,,,,,,,,162.4,,,,,,,,,,,,,,,,,,,,,,,,,,,,,,,,,,,,,,,,,,,,,,,,,,,,,1565448.0,
[21889],CONVERGENT MARGIN,NEW HEBRIDES ARC - VANUATU ARCHIPELAGO / VATE TROUGH / NIFONEA RIDGE / NIFONEA,CALDERA,-18.128867,-18.128867,169.517067,169.517067,SAQ,-1875.0,-1875.0,s_62TVG03 [21889],BASALT [21889],,,,,,,,,VOL,,,,,WR [21889] ,50.63,2.126,,15.42,,,,11.184514,8.193,4.01,0.2008,,1.122,4.582,0.5252,,,,,,,,,,,,,,,,0.57,,,,,,,,,,,,,,,,,,,,,,,,,,,,,,299.1,15.6,,,,16.8,,100.7,20.4,,,,,23.3,251.3,60.7,232.3,15.4,,,,,,,,,,,,,169.8,,,,,,,,,,,,,,,,,,,,,,,,,,,,,,,,,,,,,,,,,,,,,,,,,,,,,1565454.0,
[21889],CONVERGENT MARGIN,NEW HEBRIDES ARC - VANUATU ARCHIPELAGO / VATE TROUGH / NIFONEA RIDGE / NIFONEA,CALDERA,-18.128867,-18.128867,169.517067,169.517067,SAQ,-1875.0,-1875.0,s_62TVG04 [21889],BASALT [21889],,,,,,,,,VOL,,,,,WR [21889] ,50.59,2.134,,15.36,,,,11.193512,8.091,3.816,0.2003,,1.12,4.502,0.5462,,,,,,,,,,,,,,,,1.0,,,,,,,,,,,,,,8.00942295887047,,,,,,,,,,,,,,22.1758159683322,,278.186455086427,4.81335014182162,,,28.8914659216699,10.0159002079002,32.1430714567706,95.8268215959427,21.5425070587609,,,,,23.27279194945,228.902792812297,53.5451767388826,219.444444444444,15.3629208439324,1.819,,,,,,,,,,,0.301693811074919,146.842591213701,14.4126645559073,35.1266325440126,4.94028678092652,23.4412286559191,6.8530371868679,2.11313148422613,,1.37354876059155,8.98191421546307,1.83742376189314,5.35331625391403,0.769788933257273,5.09454892601432,0.769068408387762,5.3641348881185,0.929745013628143,,,,,,,,,2.3675976061556,,1.7240256365841,0.668561122597105,,,,,,,,,,,,,,,,,,,,,,,,,1565456.0,
[21889],CONVERGENT MARGIN,NEW HEBRIDES ARC - VANUATU ARCHIPELAGO / VATE TROUGH / NIFONEA RIDGE / NIFONEA,CALDERA,-18.1278172,-18.1278172,169.516861,169.516861,SAQ,-1871.0,-1871.0,s_66ROV08 [21889],BASALT [21889],,,,,,,,,VOL,,,,,WR [21889] ,51.13,2.087,,15.3,,,,10.779604,7.731,3.854,0.2023,,1.107,4.867,0.5767,,,,,,,,,,,,,,,,0.98,,,,,,,,,,,,,,,,,,,,,,,,,,,,,,255.4,20.1,,,,9.8,,93.9,21.4,,,,,26.1,238.1,60.1,237.6,15.8,,,,,,,,,,,,,167.9,,,,,,,,,,,,,,,,,,,,,,,,,,,,,,,,,,,,,,,,,,,,,,,,,,,,,1565460.0,
[21889],CONVERGENT MARGIN,NEW HEBRIDES ARC - VANUATU ARCHIPELAGO / VATE TROUGH / NIFONEA RIDGE / NIFONEA,CALDERA,-18.1277828,-18.1277828,169.5155182,169.5155182,SAQ,-1871.0,-1871.0,s_66ROV10 [21889],BASALT [21889],,,,,,,,,VOL,,,,,WR [21889] ,49.8,2.096,,15.44,,,,11.634414,8.699,4.341,0.1983,,0.964,4.266,0.459,,,,,,,,,,,,,,,,0.61,,,,,,,,,,,,,,,,,,,,,,,,,,,,,,321.8,20.0,,,,17.0,,89.9,21.1,,,,,25.3,254.6,51.5,193.2,14.2,,,,,,,,,,,,,142.7,,,,,,,,,,,,,,,,,,,,,,,,,,,,,,,,,,,,,,,,,,,,,,,,,,,,,1565462.0,
[21889],CONVERGENT MARGIN,NEW HEBRIDES ARC - VANUATU ARCHIPELAGO / VATE TROUGH / NIFONEA RIDGE / NIFONEA,CALDERA,-18.1286163,-18.1286163,169.512085,169.512085,SAQ,-1866.0,-1866.0,s_77ROV3 [21889],BASALT [21889],,,,,,,,,VOL,,,,,WR [21889] ,50.02,2.019,,15.63,,,,10.70762,9.384,4.316,0.1821,,1.03,4.176,0.4266,,,,,,,,,,,,,,,,0.73,,,,,,,,,,,,,,4.76844777090791,,,,,,,,,,,,,,28.991452991453,,332.815177590626,7.67124791687089,,,34.9828711550251,19.7204860614725,55.8381983542659,95.7763854642467,21.5321180555556,,,,,18.3113684537042,251.124841050191,46.2111801242236,194.963096715946,13.1772573793704,2.13380947379477,,,,,,,,,,,0.287033313494298,140.92758504547,13.1077671214373,30.6938827098079,4.42735732009926,20.8964950711939,5.93651941272431,1.96933523690551,7.15422035323802,1.21513228827665,7.91303575852672,1.66427817789807,4.87722227032643,0.698880706921944,4.61337114189116,0.677838661061315,4.72644863171946,0.811663410361787,,,,,,,,,2.01836734693878,,1.59527614452988,0.701794435450472,,,,,,,,,,,,,,,,,,,,,,,,,1565467.0,
[21889],CONVERGENT MARGIN,NEW HEBRIDES ARC - VANUATU ARCHIPELAGO / VATE TROUGH / NIFONEA RIDGE / NIFONEA,CALDERA RIM,-18.149533,-18.149533,169.446447,169.446447,SAQ,-1976.0,-1976.0,s_78TVG01 [21889],BASALT [21889],,,,,,,,,VOL,,,,,WR [21889] ,48.28,1.164,,19.72,,,,7.4179512,12.63,6.591,0.1296,,0.3469,2.582,0.1474,,,,,,,,,,,,,,,,-0.08,,,,,,,,,,,,,,5.34148557397176,,,,,,,,,,,,,,31.7730674434237,,229.4179654293,220.115348250867,,,37.8890938801328,107.861954261954,73.4405053296486,71.8544520767799,16.8591550796441,,,,,3.86414603323192,199.595150465469,27.3677993158495,92.0555555555556,5.24811013018106,0.7251,,,,,,,,,,,0.0621302931596091,46.4386001489203,5.07411431428095,13.1331120985432,2.02168335313083,10.1979967566536,3.31514392407033,1.18355282659327,,0.721065207094364,4.74772060832347,0.967845816052696,2.78219944966316,0.391739874500856,2.56003818615752,0.383327603987625,2.35846202332178,0.328260437628958,,,,,,,,,0.855086919350242,,0.440048501645592,0.143227906567545,,,,,,,,,,,,,,,,,,,,,,,,,1565489.0,
[21889],CONVERGENT MARGIN,NEW HEBRIDES ARC - VANUATU ARCHIPELAGO / VATE TROUGH / NIFONEA RIDGE / NIFONEA,NORTH-RIFT,-18.093567,-18.093567,169.47538,169.47538,SAQ,-2445.0,-2445.0,s_73TVG01 [21889],BASALT [21889],,,,,,,,,VOL,,,,,WR [21889] ,48.53,1.266,,16.0,,,,9.861808,11.94,7.592,0.1724,,0.3416,2.885,0.1238,,,,,,,,,,,,,,,,-0.13,,,,,,,,,,,,,,4.0799897687743,,,,,,,,,,,,,,36.2358353872582,,251.827429866818,218.906397730854,,,43.1721047915239,90.104948024948,93.1884721673905,71.4409193041022,16.3757711363273,,,,,3.92800936110461,189.573284260662,28.27251995439,73.4555555555556,2.34705371838994,0.9491,,,,,,,,,,,0.0736946254071661,36.1418912881608,3.54720879853358,10.0396422745936,1.66716612930596,8.80108365925785,3.07282246771433,1.13209400804573,,0.717808536392821,4.83715508605774,0.999365698950964,2.89750450706898,0.413827723901882,2.71776133651551,0.40940873152286,2.01985502678853,0.147953231270856,,,,,,,,,0.893359931604446,,0.26427022345401,0.235639818765671,,,,,,,,,,,,,,,,,,,,,,,,,1565512.0,
[21889],CONVERGENT MARGIN,NEW HEBRIDES ARC - VANUATU ARCHIPELAGO / VATE TROUGH / NIFONEA RIDGE / NIFONEA,NORTH-RIFT,-18.093567,-18.093567,169.47538,169.47538,SAQ,-2445.0,-2445.0,s_73TVG02 [21889],BASALT [21889],,,,,,,,,VOL,,,,,WR [21889] ,48.55,1.273,,16.13,,,,9.744834,11.85,7.688,0.1713,,0.3279,2.866,0.1302,,,,,,,,,,,,,,,,-0.18,,,,,,,,,,,,,,,,,,,,,,,,,,,,,,282.7,231.5,,,,93.8,,67.9,16.3,,,,,5.1,189.0,33.1,78.5,1.8,,,,,,,,,,,,,46.5,,,,,,,,,,,,,,,,,,,,,,,,,,,,,,,,,,,,,,,,,,,,,,,,,,,,,1565514.0,
[3946],CONVERGENT MARGIN,NEW HEBRIDES ARC - VANUATU ARCHIPELAGO / SOUTHERN NEW HEBRIDES ARC / TANNA (=TANUA) / GREEN HILL,,-19.33,-19.66,169.25,169.5,SAE,,,s_1 [3946],BASALT [3946],,,,,,,,,VOL,,,,,WR [3946] ,48.99,0.8,,17.45,,5.29,5.79,,10.69,5.08,0.2,,0.75,2.47,0.19,,1.03,0.78,,,,,,,,,,,,,,,,,,,,,,,,,,,,,,,,,,,,,,,,,,,,,,,,,,,,,,,,,,,,,,,,,,,,,,,,,,,,,,,,,,,,,,,,,,,,,,,,,,,,,,,,,,,,,,,,,,,,,,,,,,,,,,160687.0,
[3946],CONVERGENT MARGIN,NEW HEBRIDES ARC - VANUATU ARCHIPELAGO / SOUTHERN NEW HEBRIDES ARC / TANNA (=TANUA) / TUKOSMERU,,-19.33,-19.66,169.25,169.5,SAE,,,s_2 [3946],BASALT [3946],,,,,,,,,VOL,,,,,WR [3946] ,47.16,0.82,,16.84,,3.62,7.85,,12.06,7.27,0.21,,0.76,1.76,0.22,,0.59,0.53,,,,,,,,,,,,,,,,,,,,,,,,,,,,,,,,,,,,,,,,,,,,,,,,,,,,,,,,,,,,,,,,,,,,,,,,,,,,,,,,,,,,,,,,,,,,,,,,,,,,,,,,,,,,,,,,,,,,,,,,,,,,,,160688.0,
[3946],CONVERGENT MARGIN,NEW HEBRIDES ARC - VANUATU ARCHIPELAGO / SOUTHERN NEW HEBRIDES ARC / TANNA (=TANUA),,-19.33,-19.66,169.25,169.5,SAE,,,s_3 [3946],BASALT [3946],,,,,,,,,VOL,,,,,WR [3946] ,51.15,0.84,,17.8,,3.79,6.09,,10.47,4.81,0.17,,0.96,2.58,0.15,,0.5,0.39,,,,,,,,,,,,,,,,,,,,,,,,,,,,,,,,,,,,,,,,,,,,,,,,,,,,,,,,,,,,,,,,,,,,,,,,,,,,,,,,,,,,,,,,,,,,,,,,,,,,,,,,,,,,,,,,,,,,,,,,,,,,,,160689.0,
[3946],CONVERGENT MARGIN,NEW HEBRIDES ARC - VANUATU ARCHIPELAGO / SOUTHERN NEW HEBRIDES ARC / TANNA (=TANUA),,-19.33,-19.66,169.25,169.5,SAE,,,s_4 [3946],ANDESITE [3946],,,,,,,,,VOL,,,,,WR [3946] ,55.11,0.87,,17.52,,2.91,5.27,,7.61,3.06,0.15,,2.43,3.67,0.35,,0.45,0.42,,,,,,,,,,,,,,,,,,,,,,,,,,,,,,,,,,,,,,,,,,,,,,,,,,,,,,,,,,,,,,,,,,,,,,,,,,,,,,,,,,,,,,,,,,,,,,,,,,,,,,,,,,,,,,,,,,,,,,,,,,,,,,160690.0,
[3946],CONVERGENT MARGIN,NEW HEBRIDES ARC - VANUATU ARCHIPELAGO / SOUTHERN NEW HEBRIDES ARC / TANNA (=TANUA),,-19.33,-19.66,169.25,169.5,SAE,,,s_5 [3946],ANDESITE [3946],,,,,,,,,VOL,,,,,WR [3946] ,57.93,0.89,,16.97,,1.83,5.57,,5.96,2.48,0.15,,3.06,4.2,0.36,,0.36,0.23,,,,,,,,,,,,,,,,,,,,,,,,,,,,,,,,,,,,,,,,,,,,,,,,,,,,,,,,,,,,,,,,,,,,,,,,,,,,,,,,,,,,,,,,,,,,,,,,,,,,,,,,,,,,,,,,,,,,,,,,,,,,,,160691.0,
[3946],CONVERGENT MARGIN,NEW HEBRIDES ARC - VANUATU ARCHIPELAGO / SOUTHERN NEW HEBRIDES ARC / TANNA (=TANUA) / TUKOSMERU,,-19.33,-19.66,169.25,169.5,SAE,,,s_TA153 [3946],BASALT [3946],,,,,,,,,VOL,,,,,WR [3946] ,45.1,0.91,,19.14,,3.86,8.39,,11.58,6.55,0.22,,0.14,1.7,0.11,,0.69,0.99,,,,,,,,,,,,,,,,,,,,,,,,,,,,,,,,,,,,,,,,,,,,,,,,,,,,,,,,,,,,,,,,,,,,,,,,,,,,,,,,,,,,,,,,,,,,,,,,,,,,,,,,,,,,,,,,,,,,,,,,,,,,,,160693.0,
[3946],CONVERGENT MARGIN,NEW HEBRIDES ARC - VANUATU ARCHIPELAGO / SOUTHERN NEW HEBRIDES ARC / TANNA (=TANUA) / TUKOSMERU,,-19.33,-19.66,169.25,169.5,SAE,,,s_TA111 [3946],BASALT [3946],,,,,,,,,VOL,,,,,WR [3946] ,46.02,0.86,,16.22,,3.55,8.25,,11.87,7.16,0.2,,1.26,1.57,0.28,,1.55,0.31,,,,,,,,,,,,,,,,,,,,,,,,,,,,,,,,,,,,,,,,,,,,,,,,,,,,,,,,,,,,,,,,,,,,,,,,,,,,,,,,,,,,,,,,,,,,,,,,,,,,,,,,,,,,,,,,,,,,,,,,,,,,,,160694.0,
[3946],CONVERGENT MARGIN,NEW HEBRIDES ARC - VANUATU ARCHIPELAGO / SOUTHERN NEW HEBRIDES ARC / TANNA (=TANUA) / TUKOSMERU,,-19.33,-19.66,169.25,169.5,SAE,,,s_TA8 [3946],BASALT [3946],,,,,,,,,VOL,,,,,WR [3946] ,48.66,0.75,,15.17,,4.75,6.09,,11.46,7.44,0.22,,1.65,2.05,0.41,,0.1,0.37,,,,,,,,,,,,,,,,,,,,,,,,,,,,,,,,,,,,,,,,,,,,,,,,,,,,,,,,,,,,,,,,,,,,,,,,,,,,,,,,,,,,,,,,,,,,,,,,,,,,,,,,,,,,,,,,,,,,,,,,,,,,,,160696.0,
[3946],CONVERGENT MARGIN,NEW HEBRIDES ARC - VANUATU ARCHIPELAGO / SOUTHERN NEW HEBRIDES ARC / TANNA (=TANUA) / TUKOSMERU,,-19.33,-19.66,169.25,169.5,SAE,,,s_TA129 [3946],BASALT [3946],,,,,,,,,VOL,,,,,WR [3946] ,48.8,0.38,,7.97,,3.83,4.57,,15.05,17.6,0.16,,0.35,0.86,0.1,,0.18,0.72,,,,,,,,,,,,,,,,,,,,,,,,,,,,,,,,,,,,,,,,,,,,,,,,,,,,,,,,,,,,,,,,,,,,,,,,,,,,,,,,,,,,,,,,,,,,,,,,,,,,,,,,,,,,,,,,,,,,,,,,,,,,,,160697.0,
[3946],CONVERGENT MARGIN,NEW HEBRIDES ARC - VANUATU ARCHIPELAGO / SOUTHERN NEW HEBRIDES ARC / TANNA (=TANUA) / GREEN HILL,,-19.33,-19.66,169.25,169.5,SAE,,,s_TA137 [3946],BASALT [3946],,,,,,,,,VOL,,,,,WR [3946] ,49.38,0.81,,19.07,,3.3,7.3,,10.27,5.0,0.21,,1.02,2.73,0.21,,0.16,0.43,,,,,,,,,,,,,,,,,,,,,,,,,,,,,,,,,,,,,,,,,,,,,,,,,,,,,,,,,,,,,,,,,,,,,,,,,,,,,,,,,,,,,,,,,,,,,,,,,,,,,,,,,,,,,,,,,,,,,,,,,,,,,,160698.0,
[3946],CONVERGENT MARGIN,NEW HEBRIDES ARC - VANUATU ARCHIPELAGO / SOUTHERN NEW HEBRIDES ARC / TANNA (=TANUA) / GREEN HILL,,-19.33,-19.66,169.25,169.5,SAE,,,s_TA60 [3946],BASALT [3946],,,,,,,,,VOL,,,,,WR [3946] ,49.68,0.73,,15.87,,6.93,3.74,,11.42,6.47,0.18,,0.6,2.24,0.18,,1.22,0.96,,,,,,,,,,,,,,,,,,,,,,,,,,,,,,,,,,,,,,,,,,,,,,,,,,,,,,,,,,,,,,,,,,,,,,,,,,,,,,,,,,,,,,,,,,,,,,,,,,,,,,,,,,,,,,,,,,,,,,,,,,,,,,160699.0,
[3946],CONVERGENT MARGIN,NEW HEBRIDES ARC - VANUATU ARCHIPELAGO / SOUTHERN NEW HEBRIDES ARC / TANNA (=TANUA) / GREEN HILL,,-19.33,-19.66,169.25,169.5,SAE,,,s_TA76 [3946],BASALT [3946],,,,,,,,,VOL,,,,,WR [3946] ,51.29,0.7,,16.4,,4.81,5.29,,10.4,6.8,0.19,,1.0,2.59,0.18,,0.19,0.43,,,,,,,,,,,,,,,,,,,,,,,,,,,,,,,,,,,,,,,,,,,,,,,,,,,,,,,,,,,,,,,,,,,,,,,,,,,,,,,,,,,,,,,,,,,,,,,,,,,,,,,,,,,,,,,,,,,,,,,,,,,,,,160700.0,
[3946],CONVERGENT MARGIN,NEW HEBRIDES ARC - VANUATU ARCHIPELAGO / SOUTHERN NEW HEBRIDES ARC / TANNA (=TANUA) / SIWI,,-19.33,-19.66,169.25,169.5,SAE,,,s_TA156 [3946],ANDESITE [3946],,,,,,,,,VOL,,,,,WR [3946] ,55.41,0.74,,17.75,,2.44,5.6,,7.66,2.86,0.15,,2.53,3.7,0.38,,0.34,0.05,,,,,,,,,,,,,,,,,,,,,,,,,,,,,,,,,,,,,,,,,,,,,,,,,,,,,,,,,,,,,,,,,,,,,,,,,,,,,,,,,,,,,,,,,,,,,,,,,,,,,,,,,,,,,,,,,,,,,,,,,,,,,,160701.0,
[3946],CONVERGENT MARGIN,NEW HEBRIDES ARC - VANUATU ARCHIPELAGO / SOUTHERN NEW HEBRIDES ARC / TANNA (=TANUA) / SIWI,,-19.33,-19.66,169.25,169.5,SAE,,,s_720A [3946],ANDESITE [3946],,,,,,,,,VOL,,,,,WR [3946] ,56.8,0.77,,17.73,,1.29,6.45,,6.9,2.77,0.15,,2.86,3.93,0.35,,,,,,,,,,,,,,,,,,,,,,,,,,,,,,,,,,,,,,,,,,,,,,,,,,,,,,,,,,,,,,,,,,,,,,,,,,,,,,,,,,,,,,,,,,,,,,,,,,,,,,,,,,,,,,,,,,,,,,,,,,,,,,,,,160702.0,
[3946],CONVERGENT MARGIN,NEW HEBRIDES ARC - VANUATU ARCHIPELAGO / SOUTHERN NEW HEBRIDES ARC / TANNA (=TANUA) / SIWI,,-19.33,-19.66,169.25,169.5,SAE,,,s_22 [3946],ANDESITE [3946],,,,,,,,,VOL,,,,,WR [3946] ,59.88,1.2,,15.36,,1.25,6.73,,4.82,2.27,0.13,,3.57,4.21,0.12,,0.41,0.07,,,,,,,,,,,,,,,,,,,,,,,,,,,,,,,,,,,,,,,,,,,,,,,,,,,,,,,,,,,,,,,,,,,,,,,,,,,,,,,,,,,,,,,,,,,,,,,,,,,,,,,,,,,,,,,,,,,,,,,,,,,,,,160703.0,
[3946],CONVERGENT MARGIN,NEW HEBRIDES ARC - VANUATU ARCHIPELAGO / SOUTHERN NEW HEBRIDES ARC / TANNA (=TANUA),,-19.33,-19.66,169.25,169.5,SAE,,,s_23 [3946],ANDESITE [3946],,,,,,,,,VOL,,,,,WR [3946] ,62.82,1.22,,13.88,,3.11,4.28,,3.08,1.37,0.1,,4.49,4.48,0.45,,0.64,0.14,,,,,,,,,,,,,,,,,,,,,,,,,,,,,,,,,,,,,,,,,,,,,,,,,,,,,,,,,,,,,,,,,,,,,,,,,,,,,,,,,,,,,,,,,,,,,,,,,,,,,,,,,,,,,,,,,,,,,,,,,,,,,,160704.0,
[6972],CONVERGENT MARGIN,NEW HEBRIDES ARC - VANUATU ARCHIPELAGO / CENTRAL NEW HEBRIDES ARC / EFATE / MOUNT FATMALAPA / MAINLAND SUITE,,-17.58,-17.58,168.37,168.37,SAE,,,s_AR172 [6972],BASALT [6972],,,,,,,,,VOL,,,,,WR [6972] ,46.18,0.88,,18.98,,,,11.16,12.19,5.76,0.22,,0.79,2.2,0.39,,,,,,,,,,,,,,,,1.49,,,,,,,,,,,,,,,,,,,,,,,,,,,,27.0,,490.0,18.0,,,,19.0,637.0,82.0,,,,,,12.5,1164.0,15.4,25.0,1.2,,,,,,,,,,,,,521.0,,,,,,,,,,,,,,,,,,,,,,,,,4.9,,,,,,,,,,,,,,,,,,,,,,,,,,,,170555.0,
[6972],CONVERGENT MARGIN,NEW HEBRIDES ARC - VANUATU ARCHIPELAGO / CENTRAL NEW HEBRIDES ARC / EFATE / MOUNT FATMALAPA / MAINLAND SUITE,,-17.58,-17.58,168.37,168.37,SAE,,,s_AR174 [6972],BASALT [6972],,,,,,,,,VOL,,,,,WR [6972] ,46.9,0.84,,20.11,,,,10.46,12.15,4.73,0.21,,0.65,2.36,0.39,,,,,,,,,,,,,,,,0.35,,,,,,,,,,,,,,,,,,,,,,,,,,,,26.0,,467.0,4.0,,,,10.0,493.0,79.0,,,,,,7.9,1266.0,33.3,24.0,0.0,,,,,,,,,,,,,540.0,,,,,,,,,,,,,,,,,,,,,,,,,3.7,,,,,,,,,,,,,,,,,,,,,,,,,,,,170556.0,
[6972],CONVERGENT MARGIN,NEW HEBRIDES ARC - VANUATU ARCHIPELAGO / CENTRAL NEW HEBRIDES ARC / EFATE / MOUNT FATMALAPA / MAINLAND SUITE,,-17.58,-17.58,168.37,168.37,SAE,,,s_AR175 [6972],BASALT [6972],,,,,,,,,VOL,,,,,WR [6972] ,45.35,0.81,,16.13,,,,11.63,13.35,8.97,0.19,,0.47,1.55,0.24,,,,,,,,,,,,,,,,1.84,,,,,,,,,,,,,,,,,,,,,,,,,,,,40.0,,522.0,159.0,,,,49.0,143.0,69.0,,,,,,8.2,861.0,11.1,16.0,1.0,,,,,,,,,,,,,353.0,,,,,,,,,,,,,,,,,,,,,,,,,2.4,,,,,,,,,,,,,,,,,,,,,,,,,,,,170557.0,
[6972],CONVERGENT MARGIN,NEW HEBRIDES ARC - VANUATU ARCHIPELAGO / CENTRAL NEW HEBRIDES ARC / EFATE / MOUNT FATMALAPA / MAINLAND SUITE,,-17.58,-17.58,168.37,168.37,SAE,,,s_AR179 [6972],BASALT [6972],,,,,,,,,VOL,,,,,WR [6972] ,45.44,0.82,,17.24,,,,11.45,12.99,8.08,0.19,,0.48,1.75,0.27,,,,,,,,,,,,,,,,1.51,,,,,,,,,,,,,,,,,,,,,,,,,,,,33.8,,523.0,107.0,,,,40.0,360.0,77.0,,,,,,6.07,893.0,11.67,21.41,0.43,0.5,,,,,,,0.1,,,,0.17,249.0,5.98,12.78,1.9,9.78,2.52,0.87,2.42,0.36,2.09,0.43,1.14,0.16,0.97,0.14,0.65,,,,,,,,,,2.64,,0.61,0.2,,,,,,,,,,,,,,,,,,,,,,,,,170558.0,
[6972],CONVERGENT MARGIN,NEW HEBRIDES ARC - VANUATU ARCHIPELAGO / CENTRAL NEW HEBRIDES ARC / EFATE / MOUNT FATMALAPA / MAINLAND SUITE,,-17.58,-17.58,168.37,168.37,SAE,,,s_AR181 [6972],BASALT [6972],,,,,,,,,VOL,,,,,WR [6972] ,45.58,0.85,,18.23,,,,11.59,12.39,6.67,0.21,,0.68,2.06,0.33,,,,,,,,,,,,,,,,1.16,,,,,,,,,,,,,,,,,,,,,,,,,,,,28.1,,551.0,29.0,,,,23.0,283.0,85.0,,,,,,8.34,1117.0,12.87,24.23,0.52,0.51,,,,,,,0.11,,,,0.18,289.0,6.58,14.98,2.17,10.7,2.7,0.94,2.7,0.4,2.28,0.46,1.26,0.17,1.04,0.15,0.72,,,,,,,,,,3.27,,0.74,0.2,,,,,,,,,,,,,,,,,,,,,,,,,170559.0,
[6972],CONVERGENT MARGIN,NEW HEBRIDES ARC - VANUATU ARCHIPELAGO / CENTRAL NEW HEBRIDES ARC / EFATE / MOUNT FATMALAPA / MAINLAND SUITE,,-17.58,-17.58,168.37,168.37,SAE,,,s_AR182 [6972],BASALT [6972],,,,,,,,,VOL,,,,,WR [6972] ,46.98,0.98,,18.04,,,,11.28,11.91,5.45,0.23,,0.91,2.49,0.45,,,,,,,,,,,,,,,,2.4,,,,,,,,,,,,,,,,,,,,,,,,,,,,26.6,,578.0,4.0,,,,7.0,517.0,96.0,,,,,,12.67,1119.0,16.0,31.6,0.77,0.52,,,,,,,0.11,,,,0.21,429.0,10.64,22.15,3.19,15.15,3.67,1.27,3.49,0.51,2.92,0.59,1.56,0.22,1.34,0.2,0.97,,,,,,,,,,4.66,,1.28,0.34,,,,,,,,,,,,,,,,,,,,,,,,,170560.0,
[6972],CONVERGENT MARGIN,NEW HEBRIDES ARC - VANUATU ARCHIPELAGO / CENTRAL NEW HEBRIDES ARC / EFATE / QUOIN HILL / MAINLAND SUITE,,-17.57,-17.57,168.42,168.42,SAE,,,s_AR153 [6972],BASALT [6972],,,,,,,,,VOL,,,,,WR [6972] ,47.82,0.89,,17.96,,,,10.73,11.49,5.75,0.21,,0.69,2.74,0.47,,,,,,,,,,,,,,,,0.39,,,,,,,,,,,,,,,,,,,,,,,,,,,,27.8,,463.0,56.0,,,,37.0,286.0,91.0,,,,,,7.63,1113.0,19.79,28.38,0.67,0.52,,,,,,,0.29,,,,0.08,385.0,10.76,20.78,3.16,15.93,3.77,1.33,3.82,0.55,3.16,0.66,1.78,0.25,1.49,0.22,0.85,,,,,,,,,,3.96,,0.83,0.19,,,,,,,,,,,,,,,,,,,,,,,,,170561.0,
[6972],CONVERGENT MARGIN,NEW HEBRIDES ARC - VANUATU ARCHIPELAGO / CENTRAL NEW HEBRIDES ARC / EFATE / QUOIN HILL / MAINLAND SUITE,,-17.57,-17.57,168.42,168.42,SAE,,,s_AR157 [6972],BASALT [6972],,,,,,,,,VOL,,,,,WR [6972] ,47.79,0.92,,19.15,,,,10.28,11.48,4.88,0.2,,0.81,2.73,0.59,,,,,,,,,,,,,,,,0.23,,,,,,,,,,,,,,,,,,,,,,,,,,,,31.0,,464.0,22.0,,,,20.0,371.0,85.0,,,,,,12.2,1218.0,19.3,30.0,1.0,,,,,,,,,,,,,455.0,,,,,,,,,,,,,,,,,,,,,,,,,4.5,,,,,,,,,,,,,,,,,,,,,,,,,,,,170562.0,
[6972],CONVERGENT MARGIN,NEW HEBRIDES ARC - VANUATU ARCHIPELAGO / CENTRAL NEW HEBRIDES ARC / EFATE / QUOIN HILL / MAINLAND SUITE,,-17.57,-17.57,168.42,168.42,SAE,,,s_AR158 [6972],BASALT [6972],,,,,,,,,VOL,,,,,WR [6972] ,46.17,0.88,,18.5,,,,10.95,12.31,6.32,0.21,,0.7,2.28,0.43,,,,,,,,,,,,,,,,0.09,,,,,,,,,,,,,,,,,,,,,,,,,,,,27.4,,506.0,73.0,,,,44.0,436.0,83.0,,,,,,10.71,1174.0,15.51,29.48,0.61,0.53,,,,,,,0.22,,,,0.06,294.0,9.49,18.67,2.75,13.67,3.36,1.19,3.35,0.48,2.78,0.56,1.5,0.2,1.24,0.18,0.8,,,,,,,,,,3.51,,1.0,0.26,0.512931,,,0.704041,,18.498,,15.526,,38.505,,,,,,,,,,,,,,,170563.0,
[6972],CONVERGENT MARGIN,NEW HEBRIDES ARC - VANUATU ARCHIPELAGO / CENTRAL NEW HEBRIDES ARC / EFATE / QUOIN HILL / MAINLAND SUITE,,-17.57,-17.57,168.42,168.42,SAE,,,s_AR161 [6972],BASALT [6972],,,,,,,,,VOL,,,,,WR [6972] ,47.63,0.88,,17.6,,,,10.81,11.79,6.04,0.24,,0.67,2.66,0.45,,,,,,,,,,,,,,,,0.09,,,,,,,,,,,,,,,,,,,,,,,,,,,,33.0,,461.0,65.0,,,,38.0,306.0,93.0,,,,,,8.4,1117.0,20.9,25.0,1.1,,,,,,,,,,,,,431.0,,,,,,,,,,,,,,,,,,,,,,,,,,,,,,,,,,,,,,,,,,,,,,,,,,,,,170564.0,
[6972],CONVERGENT MARGIN,NEW HEBRIDES ARC - VANUATU ARCHIPELAGO / CENTRAL NEW HEBRIDES ARC / EFATE / QUOIN HILL / MAINLAND SUITE,,-17.57,-17.57,168.42,168.42,SAE,,,s_AR164 [6972],BASALT [6972],,,,,,,,,VOL,,,,,WR [6972] ,47.21,0.89,,18.54,,,,10.72,11.44,5.99,0.2,,0.65,2.69,0.46,,,,,,,,,,,,,,,,0.7,,,,,,,,,,,,,,,,,,,,,,,,,,,,29.0,,445.0,80.0,,,,44.0,255.0,86.0,,,,,,5.4,1131.0,17.2,25.0,0.0,,,,,,,,,,,,,457.0,,,,,,,,,,,,,,,,,,,,,,,,,,,,,,,,,,,,,,,,,,,,,,,,,,,,,170565.0,
[6972],CONVERGENT MARGIN,NEW HEBRIDES ARC - VANUATU ARCHIPELAGO / CENTRAL NEW HEBRIDES ARC / PELE / PELE / OFFSHORE SUITE,,-17.5,-17.5,168.4,168.4,SAE,,,s_AR003 [6972],BASALT [6972],,,,,,,,,VOL,,,,,WR [6972] ,47.23,0.7,,19.97,,,,9.08,12.79,5.96,0.16,,0.51,2.33,0.25,,,,,,,,,,,,,,,,-0.18,,,,,,,,,,,,,,,,,,,,,,,,,,,,25.0,,367.0,96.0,,,,57.0,272.0,64.0,,,,,,6.9,1001.0,11.6,20.0,0.0,,,,,,,,,,,,,222.0,,,,,,,,,,,,,,,,,,,,,,,,,2.7,,,,,,,,,,,,,,,,,,,,,,,,,,,,170566.0,
[6972],CONVERGENT MARGIN,NEW HEBRIDES ARC - VANUATU ARCHIPELAGO / CENTRAL NEW HEBRIDES ARC / PELE / PELE / OFFSHORE SUITE,,-17.5,-17.5,168.4,168.4,SAE,,,s_AR114 [6972],BASALT [6972],,,,,,,,,VOL,,,,,WR [6972] ,46.62,0.75,,17.94,,,,10.16,12.46,7.41,0.19,,0.62,2.43,0.26,,,,,,,,,,,,,,,,0.04,,,,,,,,,,,,,,,,,,,,,,,,,,,,27.7,,423.0,215.0,,,,77.0,257.0,73.0,,,,,,7.85,900.0,12.13,23.5,0.49,0.32,,,,,,,0.83,,,,0.11,218.0,5.68,11.91,1.8,9.06,2.41,0.88,2.41,0.38,2.22,0.46,1.25,0.18,1.11,0.16,0.69,,,,,,,,,,2.7,,0.54,0.19,,,,,,,,,,,,,,,,,,,,,,,,,170567.0,
[6972],CONVERGENT MARGIN,NEW HEBRIDES ARC - VANUATU ARCHIPELAGO / CENTRAL NEW HEBRIDES ARC / NGUNA / NGUNA / OFFSHORE SUITE,,-17.46,-17.46,168.3,168.3,SAE,,,s_AR006 [6972],BASALT [6972],,,,,,,,,VOL,,,,,WR [6972] ,47.15,1.01,,16.7,,,,12.6,11.58,5.71,0.24,,0.54,2.66,0.38,,,,,,,,,,,,,,,,-0.04,,,,,,,,,,,,,,,,,,,,,,,,,,,,34.8,,608.0,6.0,,,,18.0,434.0,104.0,,,,,,6.65,901.0,16.76,26.28,0.51,0.48,,,,,,,0.77,,,,0.26,234.0,6.17,13.39,2.09,10.91,3.05,1.15,3.15,0.5,2.93,0.61,1.67,0.23,1.42,0.21,0.83,,,,,,,,,,3.23,,0.58,0.2,,,,,,,,,,,,,,,,,,,,,,,,,170568.0,
[6972],CONVERGENT MARGIN,NEW HEBRIDES ARC - VANUATU ARCHIPELAGO / CENTRAL NEW HEBRIDES ARC / NGUNA / NGUNA / OFFSHORE SUITE,,-17.46,-17.46,168.3,168.3,SAE,,,s_AR105 [6972],BASALT [6972],,,,,,,,,VOL,,,,,WR [6972] ,46.93,0.87,,19.65,,,,10.77,11.71,5.16,0.18,,0.64,2.6,0.27,,,,,,,,,,,,,,,,-0.03,,,,,,,,,,,,,,,,,,,,,,,,,,,,26.0,,463.0,39.0,,,,26.0,403.0,81.0,,,,,,5.8,1026.0,13.8,28.0,0.0,,,,,,,,,,,,,231.0,,,,,,,,,,,,,,,,,,,,,,,,,4.2,,,,,,,,,,,,,,,,,,,,,,,,,,,,170569.0,
[6972],CONVERGENT MARGIN,NEW HEBRIDES ARC - VANUATU ARCHIPELAGO / CENTRAL NEW HEBRIDES ARC / NGUNA / NGUNA / OFFSHORE SUITE,,-17.46,-17.46,168.3,168.3,SAE,,,s_AR106 [6972],BASALT [6972],,,,,,,,,VOL,,,,,WR [6972] ,48.42,1.0,,18.37,,,,11.06,10.96,4.45,0.21,,0.88,3.02,0.38,,,,,,,,,,,,,,,,0.0,,,,,,,,,,,,,,,,,,,,,,,,,,,,25.8,,493.0,12.0,,,,15.0,583.0,95.0,,,,,,10.53,956.0,17.49,39.79,0.71,0.86,,,,,,,0.8,,,,0.37,265.8,7.96,17.4,2.5,12.6,3.2,1.15,3.28,0.51,3.01,0.63,1.73,0.25,1.54,0.23,1.09,,,,,,,,,,4.83,,0.87,0.34,,,,,,,,,,,,,,,,,,,,,,,,,170570.0,
[6972],CONVERGENT MARGIN,NEW HEBRIDES ARC - VANUATU ARCHIPELAGO / CENTRAL NEW HEBRIDES ARC / NGUNA / NGUNA / OFFSHORE SUITE,,-17.46,-17.46,168.3,168.3,SAE,,,s_AR109 [6972],BASALT [6972],,,,,,,,,VOL,,,,,WR [6972] ,49.2,0.87,,18.08,,,,10.99,10.56,5.05,0.22,,0.47,2.97,0.35,,,,,,,,,,,,,,,,-0.29,,,,,,,,,,,,,,,,,,,,,,,,,,,,29.0,,420.0,5.0,,,,12.0,290.0,94.0,,,,,,5.2,871.0,17.4,24.0,0.0,,,,,,,,,,,,,230.0,,,,,,,,,,,,,,,,,,,,,,,,,4.4,,,,,,,,,,,,,,,,,,,,,,,,,,,,170571.0,
[6972],CONVERGENT MARGIN,NEW HEBRIDES ARC - VANUATU ARCHIPELAGO / CENTRAL NEW HEBRIDES ARC / NGUNA / NGUNA / OFFSHORE SUITE,,-17.46,-17.46,168.3,168.3,SAE,,,s_AR110 [6972],BASALT [6972],,,,,,,,,VOL,,,,,WR [6972] ,50.54,0.96,,16.99,,,,11.25,9.58,4.85,0.24,,0.59,3.33,0.42,,,,,,,,,,,,,,,,-0.22,,,,,,,,,,,,,,,,,,,,,,,,,,,,30.0,,440.0,2.0,,,,6.0,380.0,103.0,,,,,,8.8,861.0,19.8,33.0,0.0,,,,,,,,,,,,,269.0,,,,,,,,,,,,,,,,,,,,,,,,,4.7,,,,,,,,,,,,,,,,,,,,,,,,,,,,170572.0,
[6972],CONVERGENT MARGIN,NEW HEBRIDES ARC - VANUATU ARCHIPELAGO / CENTRAL NEW HEBRIDES ARC / EMAU (MAO) / EMAU (MAO) / OFFSHORE SUITE,,-17.5,-17.5,168.48,168.48,SAE,,,s_AR184 [6972],BASALT [6972],,,,,,,,,VOL,,,,,WR [6972] ,47.07,0.82,,16.93,,,,11.55,12.31,6.63,0.22,,0.68,2.27,0.21,,,,,,,,,,,,,,,,0.27,,,,,,,,,,,,,,,,,,,,,,,,,,,,37.0,,435.0,62.0,,,,27.0,219.0,91.0,,,,,,8.6,749.0,15.3,36.0,0.0,,,,,,,,,,,,,274.0,,,,,,,,,,,,,,,,,,,,,,,,,3.0,,,,,,,,,,,,,,,,,,,,,,,,,,,,170573.0,
[6972],CONVERGENT MARGIN,NEW HEBRIDES ARC - VANUATU ARCHIPELAGO / CENTRAL NEW HEBRIDES ARC / EMAU (MAO) / EMAU (MAO) / OFFSHORE SUITE,,-17.5,-17.5,168.48,168.48,SAE,,,s_AR185 [6972],BASALT [6972],,,,,,,,,VOL,,,,,WR [6972] ,48.66,0.96,,18.64,,,,10.88,11.06,4.65,0.21,,0.56,2.81,0.33,,,,,,,,,,,,,,,,-0.11,,,,,,,,,,,,,,,,,,,,,,,,,,,,30.0,,465.0,12.0,,,,13.0,428.0,92.0,,,,,,7.6,872.0,19.4,29.0,0.0,,,,,,,,,,,,,246.0,,,,,,,,,,,,,,,,,,,,,,,,,5.0,,,,,,,,,,,,,,,,,,,,,,,,,,,,170574.0,
[6972],CONVERGENT MARGIN,NEW HEBRIDES ARC - VANUATU ARCHIPELAGO / CENTRAL NEW HEBRIDES ARC / EMAU (MAO) / EMAU (MAO) / OFFSHORE SUITE,,-17.5,-17.5,168.48,168.48,SAE,,,s_AR192 [6972],BASALT [6972],,,,,,,,,VOL,,,,,WR [6972] ,47.01,0.8,,16.97,,,,11.48,12.1,7.0,0.21,,0.63,2.29,0.21,,,,,,,,,,,,,,,,-0.34,,,,,,,,,,,,,,,,,,,,,,,,,,,,36.3,,424.0,69.0,,,,30.0,212.0,90.0,,,,,,7.03,727.0,14.96,36.65,0.75,0.63,,,,,,,0.31,,,,0.15,247.0,7.0,14.63,2.18,10.7,2.76,0.99,2.83,0.44,2.65,0.55,1.52,0.22,1.37,0.2,1.01,,,,,,,,,,2.9,,0.92,0.24,0.512946,,,0.704244,,18.482,,15.541,,38.451,,,,,,,,,,,,,,,170575.0,
[6972],CONVERGENT MARGIN,NEW HEBRIDES ARC - VANUATU ARCHIPELAGO / CENTRAL NEW HEBRIDES ARC / EMAU (MAO) / EMAU (MAO) / OFFSHORE SUITE,,-17.5,-17.5,168.48,168.48,SAE,,,s_AR188 [6972],BASALT [6972],,,,,,,,,VOL,,,,,WR [6972] ,48.39,1.03,,16.83,,,,11.95,10.32,5.18,0.24,,1.37,2.85,0.49,,,,,,,,,,,,,,,,-0.43,,,,,,,,,,,,,,,,,,,,,,,,,,,,33.0,,460.0,4.0,,,,12.0,258.0,98.0,,,,,,29.7,867.0,21.7,50.0,1.4,,,,,,,,,,,,,312.0,,,,,,,,,,,,,,,,,,,,,,,,,3.8,,,,,,,,,,,,,,,,,,,,,,,,,,,,170576.0,
[6972],CONVERGENT MARGIN,NEW HEBRIDES ARC - VANUATU ARCHIPELAGO / CENTRAL NEW HEBRIDES ARC / EMAU (MAO) / EMAU (MAO) / OFFSHORE SUITE,,-17.5,-17.5,168.48,168.48,SAE,,,s_AR198 [6972],BASALT [6972],,,,,,,,,VOL,,,,,WR [6972] ,47.28,0.85,,17.25,,,,11.52,11.54,6.35,0.22,,1.07,2.28,0.36,,,,,,,,,,,,,,,,-0.36,,,,,,,,,,,,,,,,,,,,,,,,,,,,37.0,,439.0,25.0,,,,31.0,200.0,88.0,,,,,,27.5,821.0,18.1,41.0,0.0,,,,,,,,,,,,,240.0,,,,,,,,,,,,,,,,,,,,,,,,,4.6,,,,,,,,,,,,,,,,,,,,,,,,,,,,170577.0,
[6972],CONVERGENT MARGIN,NEW HEBRIDES ARC - VANUATU ARCHIPELAGO / CENTRAL NEW HEBRIDES ARC / EMAU (MAO) / EMAU (MAO) / OFFSHORE SUITE,,-17.5,-17.5,168.48,168.48,SAE,,,s_AR199 [6972],BASALT [6972],,,,,,,,,VOL,,,,,WR [6972] ,47.95,0.94,,17.99,,,,11.29,10.81,5.05,0.22,,1.28,2.76,0.44,,,,,,,,,,,,,,,,-0.42,,,,,,,,,,,,,,,,,,,,,,,,,,,,29.5,,411.0,6.0,,,,23.0,250.0,88.0,,,,,,25.9,848.0,18.75,46.21,0.95,0.83,,,,,,,0.56,,,,0.11,241.0,9.0,18.79,2.78,13.51,3.54,1.24,3.61,0.56,3.3,0.67,1.85,0.26,1.68,0.24,1.2,,,,,,,,,,3.71,,0.95,0.36,,,,,,,,,,,,,,,,,,,,,,,,,170578.0,
[6972],CONVERGENT MARGIN,NEW HEBRIDES ARC - VANUATU ARCHIPELAGO / CENTRAL NEW HEBRIDES ARC / EMAU (MAO) / EMAU (MAO) / OFFSHORE SUITE,,-17.5,-17.5,168.48,168.48,SAE,,,s_AR201 [6972],BASALT [6972],,,,,,,,,VOL,,,,,WR [6972] ,47.42,0.78,,16.98,,,,11.02,11.55,7.13,0.2,,1.06,2.28,0.32,,,,,,,,,,,,,,,,0.03,,,,,,,,,,,,,,,,,,,,,,,,,,,,37.0,,400.0,65.0,,,,46.0,253.0,83.0,,,,,,26.6,790.0,17.0,38.0,0.0,,,,,,,,,,,,,223.0,,,,,,,,,,,,,,,,,,,,,,,,,3.7,,,,,,,,,,,,,,,,,,,,,,,,,,,,170579.0,
[7056],CONVERGENT MARGIN,NEW HEBRIDES ARC - VANUATU ARCHIPELAGO / BANKS ISLANDS / GAUA (SANTA MARIA) / GAUA (SANTA MARIA) / SANTA MARIA PYROCLASTIC SERIES,"CALDERA, MOUNT GARET",-14.25,-14.25,167.5,167.5,SAE,,,s_SM64A [7056],OBSIDIAN [7056],,,,,,,,,VOL,,,,,WR [7056] ,63.6,0.49,,16.8,,,,3.61,1.6,0.64,0.15,,5.35,5.62,0.16,,,,,,,,,,,,,,,,0.53,,,,,,,,,,,,,,,,,,,,,,,,,,,,4.8,,27.0,3.0,,,5.0,1.0,,,,,,,,108.0,210.0,31.0,225.0,4.95,,,,,,,,,,,,,1050.0,39.5,,,33.0,,1.3,,,4.7,,3.3,,3.45,,,,,,,,,,,,,,,,,,,,,,,,,,,,,,,,,,,,,,,,180470.0,
[7056],CONVERGENT MARGIN,NEW HEBRIDES ARC - VANUATU ARCHIPELAGO / BANKS ISLANDS / GAUA (SANTA MARIA) / GAUA (SANTA MARIA) / SANTA MARIA PYROCLASTIC SERIES,"CALDERA, MOUNT GARET",-14.25,-14.25,167.5,167.5,SAE,,,s_SM64B [7056],OBSIDIAN [7056],,,,,,,,,VOL,,,,,WR [7056] ,63.6,0.49,,16.85,,,,3.66,1.62,0.64,0.15,,5.74,5.62,0.15,,,,,,,,,,,,,,,,0.52,,,,,,,,,,,,,,,,,,,,,,,,,,,,5.0,,28.0,3.0,,,4.0,2.0,,,,,,,,110.0,211.0,32.0,224.0,4.85,,,,,,,,,,,,,1060.0,62.0,,,48.0,,1.3,,,5.1,,3.5,,3.53,,,,,,,,,,,,,,,,,,,,,,,,,,,,,,,,,,,,,,,,180471.0,
[7576],CONVERGENT MARGIN,NEW HEBRIDES ARC - VANUATU ARCHIPELAGO / CENTRAL NEW HEBRIDES ARC / AMBRYM (=AMBRIM) / AMBRYM,TUVIO AND VETLAM BASALTS,-16.1,-16.4,167.92,168.29,SAE,,,s_EG.66 [7576],BASALT [7576],,,,,,,,,VOL,,,,,WR [7576] ,49.12,0.69,,13.53,,,,9.44,11.4,12.79,0.17,,0.75,1.96,0.15,,,,,,,,,,,,,,,,-0.16,,,,,,,,,,,,,,,,,,,,,,,664.5,,,6236.0,,44.0,4138.0,289.0,801.0,,,,223.0,,,,,,,,13.0,334.0,15.0,39.0,1.0,,,,,,,,,,,,,210.0,5.7,,,8.2,,,,,,,,,,,,,,,,,,,,,,,,,,,,,,,,,,,,,,,,,,,,,,,,,198362.0,
[7576],CONVERGENT MARGIN,NEW HEBRIDES ARC - VANUATU ARCHIPELAGO / CENTRAL NEW HEBRIDES ARC / AMBRYM (=AMBRIM) / AMBRYM,TUVIO AND VETLAM BASALTS,-16.1,-16.4,167.92,168.29,SAE,,,s_EG.M78 [7576],BASALT [7576],,,,,,,,,VOL,,,,,WR [7576] ,49.16,0.62,,14.06,,,,9.03,11.91,12.24,0.17,,0.63,1.99,0.18,,,,,,,,,,,,,,,,0.0,,,,,,,,,,,,,,,,,,,,,,,785.6,,,5231.0,,40.11,3717.0,250.0,801.0,,,,173.0,,,,,,,,10.0,366.0,13.0,42.0,0.9,,,,,,,,,,,,,231.0,,,,,,,,,,,,,,,,,,,,,,,,,,,,,,,,,,,,,,,,,,,,,,,,,,,,,198363.0,
[7576],CONVERGENT MARGIN,NEW HEBRIDES ARC - VANUATU ARCHIPELAGO / CENTRAL NEW HEBRIDES ARC / AMBRYM (=AMBRIM) / AMBRYM,TUVIO AND VETLAM BASALTS,-16.1,-16.4,167.92,168.29,SAE,,,s_EG.63 [7576],BASALT [7576],,,,,,,,,VOL,,,,,WR [7576] ,49.29,0.73,,14.3,,,,9.54,10.79,12.04,0.17,,0.84,2.17,0.12,,,,,,,,,,,,,,,,-0.09,,,,,,,,,,,,,,,,,,,,,,,531.9,,,6999.0,,38.0,4384.0,308.0,547.0,,,,211.0,,,,,,,,12.0,360.0,15.0,42.0,1.0,,,,,,,,,,,,,221.0,4.7,,,8.0,,,,,,,,,,,,,,,,,,,,,,,,,,,,,,,,,,,,,,,,,,,,,,,,,198364.0,
[7576],CONVERGENT MARGIN,NEW HEBRIDES ARC - VANUATU ARCHIPELAGO / CENTRAL NEW HEBRIDES ARC / AMBRYM (=AMBRIM) / AMBRYM,TUVIO AND VETLAM BASALTS,-16.1,-16.4,167.92,168.29,SAE,,,s_68 [7576],BASALT [7576],,,,,,,,,VOL,,,,,WR [7576] ,49.24,0.67,,13.97,,,,8.85,13.16,11.68,0.17,,0.38,1.74,0.13,,,,,,,,,,,,,,,,-0.03,,,,,,,,,,,,,,,,,,,,,,,570.1,,,3170.0,,48.0,4036.0,245.0,620.0,,,50.0,130.0,,,,,,,,4.1,280.0,15.0,36.0,1.3,,,,,,,,,,,,,142.0,5.0,,,7.0,,0.8,,,2.6,,1.6,,1.4,,,,,,,,,,,,,,,,,,,,,,,,,,,,,,,,,,,,,,,,198365.0,
[7576],CONVERGENT MARGIN,NEW HEBRIDES ARC - VANUATU ARCHIPELAGO / CENTRAL NEW HEBRIDES ARC / AMBRYM (=AMBRIM) / AMBRYM,TUVIO AND VETLAM BASALTS,-16.1,-16.4,167.92,168.29,SAE,,,s_72 [7576],BASALT [7576],,,,,,,,,VOL,,,,,WR [7576] ,48.78,0.8,,14.84,,,,9.69,12.57,10.22,0.19,,0.64,2.07,0.19,,,,,,,,,,,,,,,,-0.29,,,,,,,,,,,,,,,,,,,,,,,834.0,,,5344.0,,42.5,4824.0,279.0,381.0,,,48.5,101.0,,,,,,,,11.0,304.0,16.0,44.0,1.0,,,,,,,,,,,,,418.0,4.2,,,7.5,,0.9,,,2.9,,1.6,,1.6,,,,,,,,,,,,,,,,,,,,,,,,,,,,,,,,,,,,,,,,198366.0,
[7576],CONVERGENT MARGIN,NEW HEBRIDES ARC - VANUATU ARCHIPELAGO / CENTRAL NEW HEBRIDES ARC / AMBRYM (=AMBRIM) / AMBRYM,TUVIO AND VETLAM BASALTS,-16.1,-16.4,167.92,168.29,SAE,,,s_EG.74 [7576],BASALT [7576],,,,,,,,,VOL,,,,,WR [7576] ,48.5,0.78,,15.25,,,,10.06,11.74,9.85,0.18,,0.67,2.83,0.14,,,,,,,,,,,,,,,,0.14,,,,,,,,,,,,,,,,,,,,,,,616.2,,,5527.0,,44.0,4656.0,280.0,324.0,,,,97.0,,,,,,,,11.0,332.0,16.0,40.0,1.0,,,,,,,,,,,,,187.0,4.1,,,8.6,,0.9,,,3.2,,2.0,,1.6,,,,,,,,,,,,,,,,,,,,,,,,,,,,,,,,,,,,,,,,198367.0,
[7576],CONVERGENT MARGIN,NEW HEBRIDES ARC - VANUATU ARCHIPELAGO / CENTRAL NEW HEBRIDES ARC / AMBRYM (=AMBRIM) / AMBRYM,TUVIO AND VETLAM BASALTS,-16.1,-16.4,167.92,168.29,SAE,,,s_60D [7576],BASALT [7576],,,,,,,,,VOL,,,,,WR [7576] ,50.95,0.61,,16.84,,,,9.29,12.54,6.3,0.19,,0.87,2.22,0.2,,,,,,,,,,,,,,,,0.02,,,,,,,,,,,,,,,,,,,,,,,878.8,,,7189.0,,39.0,3682.0,310.0,198.0,,,40.0,56.0,,,,,,,,17.0,410.0,16.5,45.0,1.3,,,,,,,,,,,,,244.0,5.8,,,9.0,,0.8,,,3.1,,1.6,,1.6,,,,,,,,,,,,,,,,,,,,,,,,,,,,,,,,,,,,,,,,198368.0,
[7576],CONVERGENT MARGIN,NEW HEBRIDES ARC - VANUATU ARCHIPELAGO / CENTRAL NEW HEBRIDES ARC / AMBRYM (=AMBRIM) / AMBRYM,TUVIO AND VETLAM BASALTS,-16.1,-16.4,167.92,168.29,SAE,,,s_61E [7576],BASALT [7576],,,,,,,,,VOL,,,,,WR [7576] ,47.17,0.23,,22.98,,,,6.32,15.37,6.2,0.12,,0.12,1.38,0.1,,,,,,,,,,,,,,,,0.1,,,,,,,,,,,,,,,,,,,,,,,437.9,,,1000.0,,28.0,1384.0,144.0,83.0,,,36.0,43.0,,,,,,,,2.0,430.0,5.5,8.5,0.7,,,,,,,,,,,,,87.0,3.2,,,3.0,,0.4,,,1.1,,0.7,,0.7,,,,,,,,,,,,,,,,,,,,,,,,,,,,,,,,,,,,,,,,198369.0,
[7576],CONVERGENT MARGIN,NEW HEBRIDES ARC - VANUATU ARCHIPELAGO / CENTRAL NEW HEBRIDES ARC / AMBRYM (=AMBRIM) / AMBRYM,ANTE-CALDERA BASALTS,-16.1,-16.4,167.92,168.29,SAE,,,s_43A [7576],BASALT [7576],,,,,,,,,VOL,,,,,WR [7576] ,49.9,0.86,,16.72,,,,12.0,11.15,5.07,0.23,,1.29,2.52,0.26,,,,,,,,,,,,,,,,-0.12,,,,,,,,,,,,,,,,,,,,,,,1139.3,,,10670.0,,35.0,5177.0,370.0,16.0,,,44.0,26.0,,,,,,,,24.0,540.0,19.0,59.0,2.1,,,,,,,,,,,,,300.0,8.8,,,12.5,,1.1,,,3.3,,2.0,,1.8,,,,,,,,,,,,,,,,,,,,,,,,,,,,,,,,,,,,,,,,198370.0,
[7576],CONVERGENT MARGIN,NEW HEBRIDES ARC - VANUATU ARCHIPELAGO / CENTRAL NEW HEBRIDES ARC / AMBRYM (=AMBRIM) / AMBRYM,ANTE-CALDERA BASALTS,-16.1,-16.4,167.92,168.29,SAE,,,s_33 [7576],BASALT [7576],,,,,,,,,VOL,,,,,WR [7576] ,50.51,0.79,,17.86,,,,10.09,11.29,4.95,0.19,,1.52,2.53,0.28,,,,,,,,,,,,,,,,-0.11,,,,,,,,,,,,,,,,,,,,,,,1234.3,,,12579.0,,31.0,4723.0,312.0,15.0,,,39.0,28.0,,,,,,,,26.0,624.0,17.0,64.0,2.0,,,,,,,,,,,,,323.0,9.0,,,13.0,,1.0,,,3.0,,1.6,,1.6,,,,,,,,,,,,,,,,,,,,,,,,,,,,,,,,,,,,,,,,198371.0,
[7576],CONVERGENT MARGIN,NEW HEBRIDES ARC - VANUATU ARCHIPELAGO / CENTRAL NEW HEBRIDES ARC / AMBRYM (=AMBRIM) / AMBRYM,ANTE-CALDERA BASALTS,-16.1,-16.4,167.92,168.29,SAE,,,s_50E [7576],BASALT [7576],,,,,,,,,VOL,,,,,WR [7576] ,50.79,0.95,,15.55,,,,12.7,10.14,4.89,0.24,,1.47,2.98,0.28,,,,,,,,,,,,,,,,0.32,,,,,,,,,,,,,,,,,,,,,,,1238.8,,,12204.0,,35.0,5713.0,420.0,5.5,,,45.0,17.0,,,,,,,,22.5,528.0,22.0,68.0,2.5,,,,,,,,,,,,,358.0,9.4,,,14.5,,1.3,,,3.5,,2.1,,2.0,,,,,,,,,,,,,,,,,,,,,,,,,,,,,,,,,,,,,,,,198372.0,
[7576],CONVERGENT MARGIN,NEW HEBRIDES ARC - VANUATU ARCHIPELAGO / CENTRAL NEW HEBRIDES ARC / AMBRYM (=AMBRIM) / AMBRYM,ANTE-CALDERA BASALTS,-16.1,-16.4,167.92,168.29,SAE,,,s_32 [7576],BASALT [7576],,,,,,,,,VOL,,,,,WR [7576] ,49.98,0.69,,18.94,,,,9.52,12.13,4.71,0.18,,1.22,2.4,0.23,,,,,,,,,,,,,,,,0.02,,,,,,,,,,,,,,,,,,,,,,,1017.6,,,10100.0,,32.0,4133.0,284.0,65.0,,,36.0,27.0,,,,,,,,19.0,578.0,16.0,51.0,1.4,,,,,,,,,,,,,287.0,7.7,,,11.0,,1.0,,,2.7,,1.5,,1.4,,,,,,,,,,,,,,,,,,,,,,,,,,,,,,,,,,,,,,,,198373.0,
[7576],CONVERGENT MARGIN,NEW HEBRIDES ARC - VANUATU ARCHIPELAGO / CENTRAL NEW HEBRIDES ARC / AMBRYM (=AMBRIM) / AMBRYM,ANTE-CALDERA BASALTS,-16.1,-16.4,167.92,168.29,SAE,,,s_31 [7576],BASALT [7576],,,,,,,,,VOL,,,,,WR [7576] ,50.07,0.75,,18.34,,,,10.31,11.78,4.58,0.2,,1.28,2.43,0.25,,,,,,,,,,,,,,,,-0.11,,,,,,,,,,,,,,,,,,,,,,,1103.5,,,10664.0,,31.6,4487.0,323.0,18.3,,,38.0,23.0,,,,,,,,20.5,565.0,17.0,55.0,2.3,,,,,,,,,,,,,300.0,8.1,,,11.5,,1.0,,,2.9,,1.6,,1.5,,,,,,,,,,,,,,,,,,,,,,,,,,,,,,,,,,,,,,,,198374.0,
[7576],CONVERGENT MARGIN,NEW HEBRIDES ARC - VANUATU ARCHIPELAGO / CENTRAL NEW HEBRIDES ARC / AMBRYM (=AMBRIM) / AMBRYM,ANTE-CALDERA BASALTS,-16.1,-16.4,167.92,168.29,SAE,,,s_53 [7576],BASALT [7576],,,,,,,,,VOL,,,,,WR [7576] ,51.29,0.88,,16.93,,,,9.87,10.63,5.24,0.2,,1.84,2.77,0.34,,,,,,,,,,,,,,,,-0.11,,,,,,,,,,,,,,,,,,,,,,,1486.5,,,15304.0,,30.5,5285.0,340.0,59.0,,,38.0,41.0,,,,,,,,32.0,620.0,20.0,76.0,2.8,,,,,,,,,,,,,380.0,10.5,,,14.0,,1.1,,,3.3,,2.2,,1.8,,,,,,,,,,,,,,,,,,,,,,,,,,,,,,,,,,,,,,,,198375.0,
[7576],CONVERGENT MARGIN,NEW HEBRIDES ARC - VANUATU ARCHIPELAGO / CENTRAL NEW HEBRIDES ARC / AMBRYM (=AMBRIM) / AMBRYM,ANTE-CALDERA BASALTS,-16.1,-16.4,167.92,168.29,SAE,,,s_50F [7576],BASALT [7576],,,,,,,,,VOL,,,,,WR [7576] ,51.23,0.89,,17.32,,,,10.53,10.53,4.51,0.2,,1.61,2.86,0.32,,,,,,,,,,,,,,,,0.29,,,,,,,,,,,,,,,,,,,,,,,1409.7,,,13325.0,,29.0,5326.0,370.0,20.0,,,36.0,28.0,,,,,,,,29.0,600.0,20.0,70.0,2.7,,,,,,,,,,,,,370.0,9.8,,,14.0,,1.1,,,3.5,,1.9,,1.8,,,,,,,,,,,,,,,,,,,,,,,,,,,,,,,,,,,,,,,,198376.0,
[7576],CONVERGENT MARGIN,NEW HEBRIDES ARC - VANUATU ARCHIPELAGO / CENTRAL NEW HEBRIDES ARC / AMBRYM (=AMBRIM) / AMBRYM,ANTE-CALDERA BASALTS,-16.1,-16.4,167.92,168.29,SAE,,,s_42 [7576],BASALT [7576],,,,,,,,,VOL,,,,,WR [7576] ,52.39,0.97,,16.73,,,,10.1,9.35,4.46,0.19,,2.32,3.08,0.41,,,,,,,,,,,,,,,,-0.19,,,,,,,,,,,,,,,,,,,,,,,1775.8,,,19256.0,,25.0,5794.0,365.0,16.0,,,35.0,29.5,,,,,,,,45.0,630.0,20.0,85.0,3.9,,,,,,,,,,,,,450.0,12.0,,,17.0,,1.3,,,3.6,,2.2,,1.8,,,,,,,,,,,,,,,,,,,,,,,,,,,,,,,,,,,,,,,,198377.0,
[7576],CONVERGENT MARGIN,NEW HEBRIDES ARC - VANUATU ARCHIPELAGO / CENTRAL NEW HEBRIDES ARC / AMBRYM (=AMBRIM) / AMBRYM,ANTE-CALDERA BASALTS,-16.1,-16.4,167.92,168.29,SAE,,,s_36 [7576],BASALT [7576],,,,,,,,,VOL,,,,,WR [7576] ,53.02,0.99,,16.68,,,,9.68,8.79,4.42,0.18,,2.55,3.26,0.43,,,,,,,,,,,,,,,,-0.18,,,,,,,,,,,,,,,,,,,,,,,1858.0,,,212087.0,,24.0,5956.0,360.0,21.0,,,32.0,34.0,,,,,,,,48.0,638.0,21.0,93.0,3.4,,,,,,,,,,,,,480.0,12.8,,,17.5,,1.3,,,3.5,,2.1,,1.9,,,,,,,,,,,,,,,,,,,,,,,,,,,,,,,,,,,,,,,,198378.0,
[7576],CONVERGENT MARGIN,NEW HEBRIDES ARC - VANUATU ARCHIPELAGO / CENTRAL NEW HEBRIDES ARC / AMBRYM (=AMBRIM) / AMBRYM,ANTE-CALDERA BASALTS,-16.1,-16.4,167.92,168.29,SAE,,,s_48 [7576],BASALT [7576],,,,,,,,,VOL,,,,,WR [7576] ,52.64,0.92,,18.02,,,,8.51,9.46,4.28,0.16,,2.41,3.2,0.41,,,,,,,,,,,,,,,,0.04,,,,,,,,,,,,,,,,,,,,,,,1800.9,,,19971.0,,20.0,5491.0,320.0,70.0,,,29.0,48.0,,,,,,,,47.0,710.0,19.0,87.0,3.7,,,,,,,,,,,,,475.0,13.0,,,16.5,,1.1,,,3.3,,1.8,,1.8,,,,,,,,,,,,,,,,,,,,,,,,,,,,,,,,,,,,,,,,198379.0,
[7576],CONVERGENT MARGIN,NEW HEBRIDES ARC - VANUATU ARCHIPELAGO / CENTRAL NEW HEBRIDES ARC / AMBRYM (=AMBRIM) / AMBRYM,ANTE-CALDERA BASALTS,-16.1,-16.4,167.92,168.29,SAE,,,s_35 [7576],BASALT [7576],,,,,,,,,VOL,,,,,WR [7576] ,52.72,0.85,,18.88,,,,7.93,9.26,4.01,0.15,,2.57,3.21,0.42,,,,,,,,,,,,,,,,-0.06,,,,,,,,,,,,,,,,,,,,,,,1840.6,,,21342.0,,18.0,5117.0,297.0,69.0,,,26.0,49.0,,,,,,,,42.0,745.0,18.0,82.0,3.0,,,,,,,,,,,,,457.0,11.7,,,15.0,,1.2,,,3.1,,1.9,,1.6,,,,,,,,,,,,,,,,,,,,,,,,,,,,,,,,,,,,,,,,198380.0,
[7576],CONVERGENT MARGIN,NEW HEBRIDES ARC - VANUATU ARCHIPELAGO / CENTRAL NEW HEBRIDES ARC / AMBRYM (=AMBRIM) / AMBRYM,ANTE-CALDERA BASALTS,-16.1,-16.4,167.92,168.29,SAE,,,s_55 [7576],ANDESITE [7576],,,,,,,,,VOL,,,,,WR [7576] ,55.19,0.88,,16.09,,,,10.35,8.44,3.73,0.23,,1.32,3.46,0.3,,,,,,,,,,,,,,,,-0.26,,,,,,,,,,,,,,,,,,,,,,,1320.8,,,10972.0,,29.5,5262.0,248.0,14.0,,,29.6,11.7,,,,,,,,15.5,400.0,27.5,79.0,2.3,,,,,,,,,,,,,412.0,10.4,,,15.0,,1.4,,,4.5,,2.9,,2.6,,,,,,,,,,,,,,,,,,,,,,,,,,,,,,,,,,,,,,,,198381.0,
[7576],CONVERGENT MARGIN,NEW HEBRIDES ARC - VANUATU ARCHIPELAGO / CENTRAL NEW HEBRIDES ARC / AMBRYM (=AMBRIM) / AMBRYM,ANTE-CALDERA BASALTS,-16.1,-16.4,167.92,168.29,SAE,,,s_59 [7576],ANDESITE [7576],,,,,,,,,VOL,,,,,WR [7576] ,55.46,0.9,,16.15,,,,10.06,8.34,3.57,0.23,,1.56,3.41,0.3,,,,,,,,,,,,,,,,-0.1,,,,,,,,,,,,,,,,,,,,,,,1313.1,,,12989.0,,30.0,5411.0,245.0,15.0,,,30.5,13.0,,,,,,,,24.0,398.0,31.0,139.0,5.1,,,,,,,,,,,,,420.0,23.5,,,27.5,,1.3,,,5.0,,3.5,,2.9,,,,,,,,,,,,,,,,,,,,,,,,,,,,,,,,,,,,,,,,198382.0,
[7576],CONVERGENT MARGIN,NEW HEBRIDES ARC - VANUATU ARCHIPELAGO / CENTRAL NEW HEBRIDES ARC / AMBRYM (=AMBRIM) / AMBRYM,ANTE-CALDERA BASALTS,-16.1,-16.4,167.92,168.29,SAE,,,s_57C [7576],ANDESITE [7576],,,,,,,,,VOL,,,,,WR [7576] ,58.35,0.72,,15.44,,,,9.51,7.04,3.02,0.23,,1.83,3.64,0.21,,,,,,,,,,,,,,,,0.04,,,,,,,,,,,,,,,,,,,,,,,922.0,,,15201.0,,26.5,4342.0,260.0,2.0,,,26.0,9.0,,,,,,,,32.0,360.0,33.5,105.0,3.2,,,,,,,,,,,,,525.0,12.3,,,17.0,,1.2,,,5.3,,3.3,,3.4,,,,,,,,,,,,,,,,,,,,,,,,,,,,,,,,,,,,,,,,198383.0,
[7576],CONVERGENT MARGIN,NEW HEBRIDES ARC - VANUATU ARCHIPELAGO / CENTRAL NEW HEBRIDES ARC / AMBRYM (=AMBRIM) / AMBRYM,AMBRYM PYROCLASTIC SERIES 1,-16.1,-16.4,167.92,168.29,SAE,,,s_60A [7576],ANDESITE [7576],,,,,,,,,VOL,,,,,WR [7576] ,60.81,0.62,,15.48,,,,8.09,6.26,2.49,0.21,,2.07,3.78,0.19,,,,,,,,,,,,,,,,0.26,,,,,,,,,,,,,,,,,,,,,,,841.7,,,17193.0,,21.7,3712.0,167.0,14.0,,,20.0,14.0,,,,,,,,38.0,335.0,34.0,114.0,3.2,,,,,,,,,,,,,588.0,13.1,,,18.0,,1.2,,,5.3,,3.5,,3.5,,,,,,,,,,,,,,,,,,,,,,,,,,,,,,,,,,,,,,,,198384.0,
[7576],CONVERGENT MARGIN,NEW HEBRIDES ARC - VANUATU ARCHIPELAGO / CENTRAL NEW HEBRIDES ARC / AMBRYM (=AMBRIM) / AMBRYM,AMBRYM PYROCLASTIC SERIES 1,-16.1,-16.4,167.92,168.29,SAE,,,s_60B1 [7576],DACITE [7576],,,,,,,,,VOL,,,,,WR [7576] ,66.56,0.43,,14.99,,,,5.34,3.16,1.11,0.16,,2.61,5.48,0.16,,,,,,,,,,,,,,,,4.34,,,,,,,,,,,,,,,,,,,,,,,697.1,,,21661.0,,12.0,2554.0,29.5,1.6,,,6.0,4.5,,,,,,,,29.0,255.0,32.0,120.0,3.8,,,,,,,,,,,,,635.0,16.0,,,22.0,,1.4,,,5.7,,3.6,,3.2,,,,,,,,,,,,,,,,,,,,,,,,,,,,,,,,,,,,,,,,198385.0,
[7576],CONVERGENT MARGIN,NEW HEBRIDES ARC - VANUATU ARCHIPELAGO / CENTRAL NEW HEBRIDES ARC / AMBRYM (=AMBRIM) / AMBRYM,AMBRYM PYROCLASTIC SERIES 1,-16.1,-16.4,167.92,168.29,SAE,,,s_60C-1 [7576],DACITE [7576],,,,,,,,,VOL,,,,,WR [7576] ,64.3,0.55,,14.94,,,,6.92,4.41,1.38,0.21,,2.68,4.43,0.19,,,,,,,,,,,,,,,,0.54,,,,,,,,,,,,,,,,,,,,,,,839.6,,,22279.0,,17.0,3278.0,70.0,31.0,,,12.0,17.0,,,,,,,,51.0,288.0,41.0,142.0,3.8,,,,,,,,,,,,,725.0,15.8,,,19.0,,1.3,,,6.1,,4.1,,4.1,,,,,,,,,,,,,,,,,,,,,,,,,,,,,,,,,,,,,,,,198386.0,
[7576],CONVERGENT MARGIN,NEW HEBRIDES ARC - VANUATU ARCHIPELAGO / CENTRAL NEW HEBRIDES ARC / AMBRYM (=AMBRIM) / AMBRYM,AMBRYM PYROCLASTIC SERIES 1,-16.1,-16.4,167.92,168.29,SAE,,,s_70 [7576],DACITE [7576],,,,,,,,,VOL,,,,,WR [7576] ,65.77,0.5,,15.84,,,,5.04,2.92,0.91,0.17,,3.99,4.66,0.2,,,,,,,,,,,,,,,,0.08,,,,,,,,,,,,,,,,,,,,,,,877.8,,,33147.0,,10.5,3015.0,24.0,2.0,,,8.0,3.0,,,,,,,,76.0,310.0,31.0,182.0,5.5,,,,,,,,,,,,,800.0,19.0,,,23.0,,1.2,,,5.0,,3.2,,3.3,,,,,,,,,,,,,,,,,,,,,,,,,,,,,,,,,,,,,,,,198387.0,
[7576],CONVERGENT MARGIN,NEW HEBRIDES ARC - VANUATU ARCHIPELAGO / CENTRAL NEW HEBRIDES ARC / AMBRYM (=AMBRIM) / AMBRYM,AMBRYM PYROCLASTIC SERIES 1,-16.1,-16.4,167.92,168.29,SAE,,,s_60C-2 [7576],DACITE [7576],,,,,,,,,VOL,,,,,WR [7576] ,68.52,0.33,,15.19,,,,4.3,2.88,0.22,0.1,,3.38,5.08,,,,,,,,,,,,,,,,,,,,,,,,,,,,,,,,,,,,,,,,,,,,,,,,,,,,,,,,,,,,,,,,,,,,,,,,,,,,,,,,,,,,,,,,,,,,,,,,,,,,,,,,,,,,,,,,,,,,,,,,,,,,,,,,,,198388.0,
[7576],CONVERGENT MARGIN,NEW HEBRIDES ARC - VANUATU ARCHIPELAGO / CENTRAL NEW HEBRIDES ARC / AMBRYM (=AMBRIM) / AMBRYM,AMBRYM PYROCLASTIC SERIES 2,-16.1,-16.4,167.92,168.29,SAE,,,s_29A2 [7576],BASALT [7576],,,,,,,,,VOL,,,,,WR [7576] ,50.39,0.73,,16.2,,,,11.59,11.37,5.98,0.23,,0.98,2.31,0.21,,,,,,,,,,,,,,,,2.47,,,,,,,,,,,,,,,,,,,,,,,903.1,,,8161.0,,37.0,4404.0,325.0,204.0,,,43.0,106.0,,,,,,,,18.0,445.0,17.2,43.0,2.0,,,,,,,,,,,,,250.0,7.0,,,9.5,,0.9,,,2.9,,1.7,,1.6,,,,,,,,,,,,,,,,,,,,,,,,,,,,,,,,,,,,,,,,198389.0,
[7576],CONVERGENT MARGIN,NEW HEBRIDES ARC - VANUATU ARCHIPELAGO / CENTRAL NEW HEBRIDES ARC / AMBRYM (=AMBRIM) / AMBRYM,AMBRYM PYROCLASTIC SERIES 2,-16.1,-16.4,167.92,168.29,SAE,,,s_29A1 [7576],BASALT [7576],,,,,,,,,VOL,,,,,WR [7576] ,51.28,0.79,,15.68,,,,11.43,11.19,5.88,0.23,,1.01,2.52,,,,,,,,,,,,,,,,,,,,,,,,,,,,,,,,,,,,,,,,,,,,,,,,,,,,,,,,,,,,,,,,,,,,,,,,,,,,,,,,,,,,,,,,,,,,,,,,,,,,,,,,,,,,,,,,,,,,,,,,,,,,,,,,,,198390.0,
[7576],CONVERGENT MARGIN,NEW HEBRIDES ARC - VANUATU ARCHIPELAGO / CENTRAL NEW HEBRIDES ARC / AMBRYM (=AMBRIM) / AMBRYM,AMBRYM PYROCLASTIC SERIES 2,-16.1,-16.4,167.92,168.29,SAE,,,s_50-1 [7576],BASALT [7576],,,,,,,,,VOL,,,,,WR [7576] ,51.35,0.94,,15.28,,,,12.41,10.28,5.14,0.27,,1.66,2.67,,,,,,,,,,,,,,,,,,,,,,,,,,,,,,,,,,,,,,,,,,,,,,,,,,,,,,,,,,,,,,,,,,,,,,,,,,,,,,,,,,,,,,,,,,,,,,,,,,,,,,,,,,,,,,,,,,,,,,,,,,,,,,,,,,198391.0,
[7576],CONVERGENT MARGIN,NEW HEBRIDES ARC - VANUATU ARCHIPELAGO / CENTRAL NEW HEBRIDES ARC / AMBRYM (=AMBRIM) / AMBRYM,AMBRYM PYROCLASTIC SERIES 2,-16.1,-16.4,167.92,168.29,SAE,,,s_39-1 [7576],BASALT [7576],,,,,,,,,VOL,,,,,WR [7576] ,52.0,0.97,,16.05,,,,11.21,9.79,5.03,0.22,,2.05,2.68,,,,,,,,,,,,,,,,,,,,,,,,,,,,,,,,,,,,,,,,,,,,,,,,,,,,,,,,,,,,,,,,,,,,,,,,,,,,,,,,,,,,,,,,,,,,,,,,,,,,,,,,,,,,,,,,,,,,,,,,,,,,,,,,,,198392.0,
[7576],CONVERGENT MARGIN,NEW HEBRIDES ARC - VANUATU ARCHIPELAGO / CENTRAL NEW HEBRIDES ARC / AMBRYM (=AMBRIM) / AMBRYM,AMBRYM PYROCLASTIC SERIES 2,-16.1,-16.4,167.92,168.29,SAE,,,s_39B [7576],BASALT [7576],,,,,,,,,VOL,,,,,WR [7576] ,51.26,0.93,,16.42,,,,11.54,9.65,4.96,0.22,,1.81,2.87,0.33,,,,,,,,,,,,,,,,2.29,,,,,,,,,,,,,,,,,,,,,,,1443.3,,,15015.0,,29.0,5576.0,330.0,155.0,,,41.0,100.0,,,,,,,,31.0,572.0,20.5,69.0,2.7,,,,,,,,,,,,,358.0,10.3,,,15.0,,1.3,,,3.4,,1.7,,1.8,,,,,,,,,,,,,,,,,,,,,,,,,,,,,,,,,,,,,,,,198393.0,
[7576],CONVERGENT MARGIN,NEW HEBRIDES ARC - VANUATU ARCHIPELAGO / CENTRAL NEW HEBRIDES ARC / AMBRYM (=AMBRIM) / AMBRYM,AMBRYM PYROCLASTIC SERIES 2,-16.1,-16.4,167.92,168.29,SAE,,,s_39-2 [7576],ANDESITE [7576],,,,,,,,,VOL,,,,,WR [7576] ,54.35,1.09,,15.39,,,,11.14,8.7,4.65,0.28,,1.0,3.4,,,,,,,,,,,,,,,,,,,,,,,,,,,,,,,,,,,,,,,,,,,,,,,,,,,,,,,,,,,,,,,,,,,,,,,,,,,,,,,,,,,,,,,,,,,,,,,,,,,,,,,,,,,,,,,,,,,,,,,,,,,,,,,,,,198394.0,
[7576],CONVERGENT MARGIN,NEW HEBRIDES ARC - VANUATU ARCHIPELAGO / CENTRAL NEW HEBRIDES ARC / AMBRYM (=AMBRIM) / AMBRYM,AMBRYM PYROCLASTIC SERIES 2,-16.1,-16.4,167.92,168.29,SAE,,,s_50-2 [7576],ANDESITE [7576],,,,,,,,,VOL,,,,,WR [7576] ,54.5,1.25,,14.11,,,,11.9,9.32,4.65,0.26,,1.07,2.95,,,,,,,,,,,,,,,,,,,,,,,,,,,,,,,,,,,,,,,,,,,,,,,,,,,,,,,,,,,,,,,,,,,,,,,,,,,,,,,,,,,,,,,,,,,,,,,,,,,,,,,,,,,,,,,,,,,,,,,,,,,,,,,,,,198395.0,
[7576],CONVERGENT MARGIN,NEW HEBRIDES ARC - VANUATU ARCHIPELAGO / CENTRAL NEW HEBRIDES ARC / AMBRYM (=AMBRIM) / AMBRYM,AMBRYM PYROCLASTIC SERIES 2,-16.1,-16.4,167.92,168.29,SAE,,,s_60I2 [7576],ANDESITE [7576],,,,,,,,,VOL,,,,,WR [7576] ,54.57,0.8,,16.56,,,,10.54,8.65,3.93,0.22,,1.29,3.18,0.25,,,,,,,,,,,,,,,,-0.03,,,,,,,,,,,,,,,,,,,,,,,1100.5,,,10719.0,,29.0,4777.0,299.0,5.0,,,32.0,13.0,,,,,,,,24.0,418.0,23.5,68.0,2.0,,,,,,,,,,,,,390.0,8.3,,,12.0,,1.2,,,3.9,,2.9,,2.5,,,,,,,,,,,,,,,,,,,,,,,,,,,,,,,,,,,,,,,,198396.0,
[7576],CONVERGENT MARGIN,NEW HEBRIDES ARC - VANUATU ARCHIPELAGO / CENTRAL NEW HEBRIDES ARC / AMBRYM (=AMBRIM) / AMBRYM,AMBRYM PYROCLASTIC SERIES 2,-16.1,-16.4,167.92,168.29,SAE,,,s_60H [7576],ANDESITE [7576],,,,,,,,,VOL,,,,,WR [7576] ,54.89,0.87,,16.17,,,,10.4,8.63,3.91,0.22,,1.31,3.24,0.36,,,,,,,,,,,,,,,,0.7,,,,,,,,,,,,,,,,,,,,,,,1558.3,,,10842.0,,29.0,5199.0,244.0,14.0,,,38.0,11.5,,,,,,,,22.6,416.0,24.5,71.0,2.4,,,,,,,,,,,,,394.0,9.0,,,13.0,,0.9,,,4.2,,3.0,,2.6,,,,,,,,,,,,,,,,,,,,,,,,,,,,,,,,,,,,,,,,198397.0,
[7576],CONVERGENT MARGIN,NEW HEBRIDES ARC - VANUATU ARCHIPELAGO / CENTRAL NEW HEBRIDES ARC / AMBRYM (=AMBRIM) / AMBRYM,AMBRYM PYROCLASTIC SERIES 2,-16.1,-16.4,167.92,168.29,SAE,,,s_39-3 [7576],ANDESITE [7576],,,,,,,,,VOL,,,,,WR [7576] ,54.98,0.93,,16.8,,,,9.92,8.15,3.65,0.21,,2.51,2.84,,,,,,,,,,,,,,,,,,,,,,,,,,,,,,,,,,,,,,,,,,,,,,,,,,,,,,,,,,,,,,,,,,,,,,,,,,,,,,,,,,,,,,,,,,,,,,,,,,,,,,,,,,,,,,,,,,,,,,,,,,,,,,,,,,198398.0,
[7576],CONVERGENT MARGIN,NEW HEBRIDES ARC - VANUATU ARCHIPELAGO / CENTRAL NEW HEBRIDES ARC / AMBRYM (=AMBRIM) / AMBRYM,AMBRYM PYROCLASTIC SERIES 2,-16.1,-16.4,167.92,168.29,SAE,,,s_39A [7576],ANDESITE [7576],,,,,,,,,VOL,,,,,WR [7576] ,56.07,0.78,,16.13,,,,9.02,7.54,3.67,0.19,,2.96,3.35,0.29,,,,,,,,,,,,,,,,1.53,,,,,,,,,,,,,,,,,,,,,,,1245.6,,,24543.0,,22.5,4706.0,245.0,59.0,,,29.0,20.0,,,,,,,,54.0,488.0,24.0,112.0,4.5,,,,,,,,,,,,,522.0,13.5,,,17.5,,1.1,,,4.0,,2.0,,2.3,,,,,,,,,,,,,,,,,,,,,,,,,,,,,,,,,,,,,,,,198399.0,
[7576],CONVERGENT MARGIN,NEW HEBRIDES ARC - VANUATU ARCHIPELAGO / CENTRAL NEW HEBRIDES ARC / AMBRYM (=AMBRIM) / AMBRYM,AMBRYM PYROCLASTIC SERIES 2,-16.1,-16.4,167.92,168.29,SAE,,,s_39-4 [7576],DACITE [7576],,,,,,,,,VOL,,,,,WR [7576] ,68.39,0.41,,15.67,,,,3.78,1.75,0.53,0.13,,5.48,3.87,,,,,,,,,,,,,,,,,,,,,,,,,,,,,,,,,,,,,,,,,,,,,,,,,,,,,,,,,,,,,,,,,,,,,,,,,,,,,,,,,,,,,,,,,,,,,,,,,,,,,,,,,,,,,,,,,,,,,,,,,,,,,,,,,,198400.0,
[7576],CONVERGENT MARGIN,NEW HEBRIDES ARC - VANUATU ARCHIPELAGO / CENTRAL NEW HEBRIDES ARC / AMBRYM (=AMBRIM) / AMBRYM,AMBRYM PYROCLASTIC SERIES 3,-16.1,-16.4,167.92,168.29,SAE,,,s_65-1 [7576],BASALT [7576],,,,,,,,,VOL,,,,,WR [7576] ,51.64,0.96,,15.61,,,,11.68,10.8,5.06,0.22,,0.9,3.14,,,,,,,,,,,,,,,,,,,,,,,,,,,,,,,,,,,,,,,,,,,,,,,,,,,,,,,,,,,,,,,,,,,,,,,,,,,,,,,,,,,,,,,,,,,,,,,,,,,,,,,,,,,,,,,,,,,,,,,,,,,,,,,,,,198401.0,
[7576],CONVERGENT MARGIN,NEW HEBRIDES ARC - VANUATU ARCHIPELAGO / CENTRAL NEW HEBRIDES ARC / AMBRYM (=AMBRIM) / AMBRYM,AMBRYM PYROCLASTIC SERIES 3,-16.1,-16.4,167.92,168.29,SAE,,,s_65-2 [7576],BASALT [7576],,,,,,,,,VOL,,,,,WR [7576] ,52.06,1.06,,14.59,,,,12.86,9.96,5.02,0.28,,1.34,2.84,,,,,,,,,,,,,,,,,,,,,,,,,,,,,,,,,,,,,,,,,,,,,,,,,,,,,,,,,,,,,,,,,,,,,,,,,,,,,,,,,,,,,,,,,,,,,,,,,,,,,,,,,,,,,,,,,,,,,,,,,,,,,,,,,,198402.0,
[7576],CONVERGENT MARGIN,NEW HEBRIDES ARC - VANUATU ARCHIPELAGO / CENTRAL NEW HEBRIDES ARC / AMBRYM (=AMBRIM) / AMBRYM,AMBRYM PYROCLASTIC SERIES 3,-16.1,-16.4,167.92,168.29,SAE,,,s_65-3 [7576],BASALT [7576],,,,,,,,,VOL,,,,,WR [7576] ,50.65,0.8,,18.05,,,,11.14,10.82,4.65,0.21,,1.0,2.46,0.23,,,,,,,,,,,,,,,,0.7,,,,,,,,,,,,,,,,,,,,,,,984.5,,,8343.0,,31.0,4795.0,335.0,56.0,,,35.0,38.0,,,,,,,,19.0,482.0,18.5,51.0,1.6,,,,,,,,,,,,,151.0,7.8,,,11.0,,1.1,,,3.1,,1.6,,1.7,,,,,,,,,,,,,,,,,,,,,,,,,,,,,,,,,,,,,,,,198403.0,
[7576],CONVERGENT MARGIN,NEW HEBRIDES ARC - VANUATU ARCHIPELAGO / CENTRAL NEW HEBRIDES ARC / AMBRYM (=AMBRIM) / AMBRYM,AMBRYM PYROCLASTIC SERIES 3,-16.1,-16.4,167.92,168.29,SAE,,,s_65-4 [7576],BASALT [7576],,,,,,,,,VOL,,,,,WR [7576] ,51.13,1.1,,14.24,,,,12.96,9.94,4.47,0.22,,1.61,3.33,,,,,,,,,,,,,,,,,,,,,,,,,,,,,,,,,,,,,,,,,,,,,,,,,,,,,,,,,,,,,,,,,,,,,,,,,,,,,,,,,,,,,,,,,,,,,,,,,,,,,,,,,,,,,,,,,,,,,,,,,,,,,,,,,,198404.0,
[7576],CONVERGENT MARGIN,NEW HEBRIDES ARC - VANUATU ARCHIPELAGO / CENTRAL NEW HEBRIDES ARC / AMBRYM (=AMBRIM) / AMBRYM,AMBRYM PYROCLASTIC SERIES 3,-16.1,-16.4,167.92,168.29,SAE,,,s_65-5 [7576],BASALT [7576],,,,,,,,,VOL,,,,,WR [7576] ,52.38,1.47,,14.43,,,,14.68,8.5,3.2,0.21,,2.14,3.0,,,,,,,,,,,,,,,,,,,,,,,,,,,,,,,,,,,,,,,,,,,,,,,,,,,,,,,,,,,,,,,,,,,,,,,,,,,,,,,,,,,,,,,,,,,,,,,,,,,,,,,,,,,,,,,,,,,,,,,,,,,,,,,,,,198405.0,
[7576],CONVERGENT MARGIN,NEW HEBRIDES ARC - VANUATU ARCHIPELAGO / CENTRAL NEW HEBRIDES ARC / AMBRYM (=AMBRIM) / AMBRYM,AMBRYM PYROCLASTIC SERIES 4,-16.1,-16.4,167.92,168.29,SAE,,,s_4B [7576],BASALT [7576],,,,,,,,,VOL,,,,,WR [7576] ,50.94,0.77,,14.81,,,,10.23,11.11,8.32,0.19,,1.12,2.27,0.23,,,,,,,,,,,,,,,,0.49,,,,,,,,,,,,,,,,,,,,,,,1018.5,,,9267.0,,34.0,4623.0,344.0,437.0,,,45.0,133.0,,,,,,,,18.0,460.0,17.0,56.0,2.0,,,,,,,,,,,,,268.0,7.2,,,11.0,,1.0,,,3.0,,2.0,,1.6,,,,,,,,,,,,,,,,,,,,,,,,,,,,,,,,,,,,,,,,198406.0,
[7576],CONVERGENT MARGIN,NEW HEBRIDES ARC - VANUATU ARCHIPELAGO / CENTRAL NEW HEBRIDES ARC / AMBRYM (=AMBRIM) / AMBRYM,AMBRYM PYROCLASTIC SERIES 4,-16.1,-16.4,167.92,168.29,SAE,,,s_61A [7576],ANDESITE [7576],,,,,,,,,VOL,,,,,WR [7576] ,54.89,0.87,,16.42,,,,10.39,8.48,3.81,0.23,,1.29,3.32,0.3,,,,,,,,,,,,,,,,-0.31,,,,,,,,,,,,,,,,,,,,,,,1318.5,,,10703.0,,30.0,5193.0,245.0,17.0,,,29.0,13.0,,,,,,,,23.0,410.0,25.0,72.0,2.4,,,,,,,,,,,,,392.0,8.8,,,13.0,,1.3,,,4.3,,2.7,,2.6,,,,,,,,,,,,,,,,,,,,,,,,,,,,,,,,,,,,,,,,198407.0,
[7576],CONVERGENT MARGIN,NEW HEBRIDES ARC - VANUATU ARCHIPELAGO / CENTRAL NEW HEBRIDES ARC / AMBRYM (=AMBRIM) / AMBRYM,POST-CALDERA BASALTS,-16.1,-16.4,167.92,168.29,SAE,,,s_67 [7576],BASALT [7576],,,,,,,,,VOL,,,,,WR [7576] ,49.64,0.7,,14.87,,,,10.94,11.68,8.42,0.21,,1.09,2.22,0.22,,,,,,,,,,,,,,,,-0.31,,,,,,,,,,,,,,,,,,,,,,,970.7,,,9065.0,,37.0,4182.0,304.0,278.0,,,49.0,109.0,,,,,,,,19.5,484.0,15.0,48.0,1.4,,,,,,,,,,,,,305.0,8.0,,,12.0,,0.9,,,2.6,,1.8,,1.4,,,,,,,,,,,,,,,,,,,,,,,,,,,,,,,,,,,,,,,,198408.0,
[7576],CONVERGENT MARGIN,NEW HEBRIDES ARC - VANUATU ARCHIPELAGO / CENTRAL NEW HEBRIDES ARC / AMBRYM (=AMBRIM) / AMBRYM,POST-CALDERA BASALTS,-16.1,-16.4,167.92,168.29,SAE,,,s_66 [7576],BASALT [7576],,,,,,,,,VOL,,,,,WR [7576] ,49.74,0.74,,15.51,,,,11.19,11.07,7.75,0.21,,1.18,2.37,0.25,,,,,,,,,,,,,,,,-0.41,,,,,,,,,,,,,,,,,,,,,,,1100.7,,,9800.0,,35.0,4415.0,315.0,230.0,,,47.0,93.0,,,,,,,,20.5,507.0,15.5,50.0,1.5,,,,,,,,,,,,,310.0,7.6,,,12.0,,0.9,,,2.8,,1.6,,1.6,,,,,,,,,,,,,,,,,,,,,,,,,,,,,,,,,,,,,,,,198409.0,
[7576],CONVERGENT MARGIN,NEW HEBRIDES ARC - VANUATU ARCHIPELAGO / CENTRAL NEW HEBRIDES ARC / AMBRYM (=AMBRIM) / AMBRYM,POST-CALDERA BASALTS,-16.1,-16.4,167.92,168.29,SAE,,,s_20 [7576],BASALT [7576],,,,,,,,,VOL,,,,,WR [7576] ,50.17,0.86,,16.06,,,,11.31,11.18,5.74,0.21,,1.63,2.54,0.3,,,,,,,,,,,,,,,,-0.59,,,,,,,,,,,,,,,,,,,,,,,1318.8,,,13548.0,,32.0,5133.0,340.0,51.0,,,45.0,35.0,,,,,,,,28.0,588.0,17.0,60.0,2.4,,,,,,,,,,,,,342.0,9.2,,,12.8,,1.0,,,3.1,,1.7,,1.6,,,,,,,,,,,,,,,,,,,,,,,,,,,,,,,,,,,,,,,,198410.0,
[7576],CONVERGENT MARGIN,NEW HEBRIDES ARC - VANUATU ARCHIPELAGO / CENTRAL NEW HEBRIDES ARC / AMBRYM (=AMBRIM) / AMBRYM,POST-CALDERA BASALTS,-16.1,-16.4,167.92,168.29,SAE,,,s_5 [7576],BASALT [7576],,,,,,,,,VOL,,,,,WR [7576] ,50.78,0.76,,13.26,,,,10.43,12.51,8.29,0.2,,1.34,2.18,0.25,,,,,,,,,,,,,,,,-0.36,,,,,,,,,,,,,,,,,,,,,,,1102.4,,,11157.0,,43.0,4543.0,298.0,342.0,,,49.0,69.0,,,,,,,,24.0,488.0,16.0,54.0,1.9,,,,,,,,,,,,,293.0,8.1,,,11.5,,1.0,,,2.9,,1.6,,1.5,,,,,,,,,,,,,,,,,,,,,,,,,,,,,,,,,,,,,,,,198411.0,
[7576],CONVERGENT MARGIN,NEW HEBRIDES ARC - VANUATU ARCHIPELAGO / CENTRAL NEW HEBRIDES ARC / AMBRYM (=AMBRIM) / AMBRYM,POST-CALDERA BASALTS,-16.1,-16.4,167.92,168.29,SAE,,,s_27 [7576],BASALT [7576],,,,,,,,,VOL,,,,,WR [7576] ,51.02,0.71,,14.65,,,,9.81,10.31,9.73,0.19,,1.13,2.23,0.22,,,,,,,,,,,,,,,,0.01,,,,,,,,,,,,,,,,,,,,,,,968.0,,,9375.0,,33.0,4231.0,275.0,306.0,,,48.0,180.0,,,,,,,,16.6,410.0,17.0,56.0,1.8,,,,,,,,,,,,,242.0,7.4,,,11.0,,1.0,,,2.9,,1.5,,1.6,,,,,,,,,,,,,,,,,,,,,,,,,,,,,,,,,,,,,,,,198412.0,
[7576],CONVERGENT MARGIN,NEW HEBRIDES ARC - VANUATU ARCHIPELAGO / CENTRAL NEW HEBRIDES ARC / AMBRYM (=AMBRIM) / AMBRYM,POST-CALDERA BASALTS,-16.1,-16.4,167.92,168.29,SAE,,,s_51 [7576],BASALT [7576],,,,,,,,,VOL,,,,,WR [7576] ,51.57,0.94,,16.56,,,,11.03,10.03,4.49,0.22,,1.83,2.99,0.34,,,,,,,,,,,,,,,,-0.31,,,,,,,,,,,,,,,,,,,,,,,1497.3,,,15164.0,,28.5,5626.0,352.0,12.0,,,38.5,26.5,,,,,,,,34.0,620.0,21.5,80.0,2.8,,,,,,,,,,,,,390.0,11.1,,,15.0,,1.4,,,3.8,,2.0,,2.0,,,,,,,,,,,,,,,,,,,,,,,,,,,,,,,,,,,,,,,,198413.0,
[7576],CONVERGENT MARGIN,NEW HEBRIDES ARC - VANUATU ARCHIPELAGO / CENTRAL NEW HEBRIDES ARC / AMBRYM (=AMBRIM) / AMBRYM,POST-CALDERA BASALTS,-16.1,-16.4,167.92,168.29,SAE,,,s_71 [7576],BASALT [7576],,,,,,,,,VOL,,,,,WR [7576] ,51.39,0.86,,17.77,,,,9.65,10.46,4.8,0.18,,1.83,2.74,0.3,,,,,,,,,,,,,,,,0.85,,,,,,,,,,,,,,,,,,,,,,,1329.6,,,15177.0,,27.0,5175.0,315.0,66.0,,,35.0,40.0,,,,,,,,32.0,655.0,17.0,72.0,2.9,,,,,,,,,,,,,390.0,10.1,,,13.0,,1.1,,,3.3,,1.7,,1.6,,,,,,,,,,,,,,,,,,,,,,,,,,,,,,,,,,,,,,,,198414.0,
[7576],CONVERGENT MARGIN,NEW HEBRIDES ARC - VANUATU ARCHIPELAGO / CENTRAL NEW HEBRIDES ARC / AMBRYM (=AMBRIM) / AMBRYM,POST-CALDERA BASALTS,-16.1,-16.4,167.92,168.29,SAE,,,s_38 [7576],BASALT [7576],,,,,,,,,VOL,,,,,WR [7576] ,51.09,0.94,,16.66,,,,11.61,9.83,4.64,0.23,,1.84,2.83,0.34,,,,,,,,,,,,,,,,-0.46,,,,,,,,,,,,,,,,,,,,,,,1489.2,,,15248.0,,30.0,5656.0,355.0,13.0,,,41.0,21.0,,,,,,,,34.0,613.0,21.0,71.0,2.9,,,,,,,,,,,,,390.0,10.8,,,14.5,,1.1,,,3.7,,2.2,,1.9,,,,,,,,,,,,,,,,,,,,,,,,,,,,,,,,,,,,,,,,198415.0,
[7576],CONVERGENT MARGIN,NEW HEBRIDES ARC - VANUATU ARCHIPELAGO / CENTRAL NEW HEBRIDES ARC / AMBRYM (=AMBRIM) / AMBRYM,POST-CALDERA BASALTS,-16.1,-16.4,167.92,168.29,SAE,,,s_21 [7576],BASALT [7576],,,,,,,,,VOL,,,,,WR [7576] ,51.0,0.94,,16.82,,,,11.5,9.89,4.54,0.23,,1.88,2.87,0.34,,,,,,,,,,,,,,,,-0.52,,,,,,,,,,,,,,,,,,,,,,,1496.9,,,15578.0,,29.0,5625.0,350.0,9.5,,,42.0,20.0,,,,,,,,34.0,620.0,21.0,72.0,2.9,,,,,,,,,,,,,388.0,10.1,,,15.0,,1.3,,,3.6,,2.2,,1.9,,,,,,,,,,,,,,,,,,,,,,,,,,,,,,,,,,,,,,,,198416.0,
[7576],CONVERGENT MARGIN,NEW HEBRIDES ARC - VANUATU ARCHIPELAGO / CENTRAL NEW HEBRIDES ARC / AMBRYM (=AMBRIM) / AMBRYM,POST-CALDERA BASALTS,-16.1,-16.4,167.92,168.29,SAE,,,s_52 [7576],BASALT [7576],,,,,,,,,VOL,,,,,WR [7576] ,51.1,0.94,,16.51,,,,11.24,10.12,4.68,0.22,,1.88,2.94,0.36,,,,,,,,,,,,,,,,-0.22,,,,,,,,,,,,,,,,,,,,,,,1582.0,,,15633.0,,29.0,5614.0,350.0,48.0,,,40.0,25.0,,,,,,,,35.0,645.0,21.0,74.0,2.5,,,,,,,,,,,,,392.0,11.3,,,15.0,,1.3,,,3.7,,2.3,,2.0,,,,,,,,,,,,,,,,,,,,,,,,,,,,,,,,,,,,,,,,198417.0,
[7576],CONVERGENT MARGIN,NEW HEBRIDES ARC - VANUATU ARCHIPELAGO / CENTRAL NEW HEBRIDES ARC / AMBRYM (=AMBRIM) / AMBRYM,POST-CALDERA BASALTS,-16.1,-16.4,167.92,168.29,SAE,,,s_49 [7576],BASALT [7576],,,,,,,,,VOL,,,,,WR [7576] ,51.12,0.94,,16.64,,,,11.22,10.11,4.61,0.22,,1.9,2.89,0.35,,,,,,,,,,,,,,,,-0.34,,,,,,,,,,,,,,,,,,,,,,,1540.1,,,15738.0,,28.0,5622.0,358.0,14.0,,,39.0,23.0,,,,,,,,37.0,642.0,21.5,73.0,2.9,,,,,,,,,,,,,395.0,11.0,,,15.0,,1.3,,,3.6,,2.0,,1.9,,,,,,,,,,,,,,,,,,,,,,,,,,,,,,,,,,,,,,,,198418.0,
[7576],CONVERGENT MARGIN,NEW HEBRIDES ARC - VANUATU ARCHIPELAGO / CENTRAL NEW HEBRIDES ARC / AMBRYM (=AMBRIM) / AMBRYM,POST-CALDERA BASALTS,-16.1,-16.4,167.92,168.29,SAE,,,s_15A [7576],BASALT [7576],,,,,,,,,VOL,,,,,WR [7576] ,51.16,0.95,,16.36,,,,11.42,10.09,4.73,0.23,,1.9,2.8,0.35,,,,,,,,,,,,,,,,-0.54,,,,,,,,,,,,,,,,,,,,,,,1538.2,,,15801.0,,29.5,5675.0,355.0,21.0,,,41.0,27.0,,,,,,,,37.0,635.0,21.0,73.0,2.4,,,,,,,,,,,,,394.0,10.7,,,15.5,,1.4,,,3.7,,2.3,,2.0,,,,,,,,,,,,,,,,,,,,,,,,,,,,,,,,,,,,,,,,198419.0,
[7576],CONVERGENT MARGIN,NEW HEBRIDES ARC - VANUATU ARCHIPELAGO / CENTRAL NEW HEBRIDES ARC / AMBRYM (=AMBRIM) / AMBRYM,POST-CALDERA BASALTS,-16.1,-16.4,167.92,168.29,SAE,,,s_47 [7576],BASALT [7576],,,,,,,,,VOL,,,,,WR [7576] ,51.54,0.96,,16.23,,,,11.41,9.69,4.51,0.23,,1.92,3.14,0.36,,,,,,,,,,,,,,,,0.0,,,,,,,,,,,,,,,,,,,,,,,1549.6,,,15918.0,,28.0,5778.0,354.0,16.5,,,41.0,18.5,,,,,,,,36.0,610.0,21.5,76.0,2.6,,,,,,,,,,,,,416.0,11.1,,,16.0,,1.3,,,3.7,,2.3,,2.0,,,,,,,,,,,,,,,,,,,,,,,,,,,,,,,,,,,,,,,,198420.0,
[7576],CONVERGENT MARGIN,NEW HEBRIDES ARC - VANUATU ARCHIPELAGO / CENTRAL NEW HEBRIDES ARC / AMBRYM (=AMBRIM) / AMBRYM,POST-CALDERA BASALTS,-16.1,-16.4,167.92,168.29,SAE,,,s_8 [7576],BASALT [7576],,,,,,,,,VOL,,,,,WR [7576] ,51.11,0.94,,16.12,,,,11.44,10.14,4.97,0.22,,1.93,2.78,0.34,,,,,,,,,,,,,,,,-0.59,,,,,,,,,,,,,,,,,,,,,,,1504.6,,,15995.0,,32.0,5654.0,350.0,15.0,,,40.0,28.0,,,,,,,,34.0,615.0,21.0,73.0,2.6,,,,,,,,,,,,,393.0,11.3,,,15.5,,1.3,,,3.7,,2.5,,1.9,,,,,,,,,,,,,,,,,,,,,,,,,,,,,,,,,,,,,,,,198421.0,
[7576],CONVERGENT MARGIN,NEW HEBRIDES ARC - VANUATU ARCHIPELAGO / CENTRAL NEW HEBRIDES ARC / AMBRYM (=AMBRIM) / AMBRYM,POST-CALDERA BASALTS,-16.1,-16.4,167.92,168.29,SAE,,,s_6 [7576],BASALT [7576],,,,,,,,,VOL,,,,,WR [7576] ,51.19,0.96,,16.24,,,,11.65,9.9,4.8,0.23,,1.94,2.75,0.35,,,,,,,,,,,,,,,,-0.37,,,,,,,,,,,,,,,,,,,,,,,1542.2,,,16095.0,,30.0,5751.0,360.0,17.5,,,41.5,27.0,,,,,,,,34.0,630.0,29.0,75.0,2.8,,,,,,,,,,,,,390.0,12.0,,,16.0,,1.4,,,3.8,,2.3,,2.1,,,,,,,,,,,,,,,,,,,,,,,,,,,,,,,,,,,,,,,,198422.0,
[7576],CONVERGENT MARGIN,NEW HEBRIDES ARC - VANUATU ARCHIPELAGO / CENTRAL NEW HEBRIDES ARC / AMBRYM (=AMBRIM) / AMBRYM,POST-CALDERA BASALTS,-16.1,-16.4,167.92,168.29,SAE,,,s_16 [7576],BASALT [7576],,,,,,,,,VOL,,,,,WR [7576] ,51.14,0.96,,16.23,,,,11.61,10.02,4.71,0.23,,1.94,2.79,0.35,,,,,,,,,,,,,,,,-0.37,,,,,,,,,,,,,,,,,,,,,,,1546.6,,,16141.0,,30.0,5767.0,362.0,16.5,,,41.0,25.4,,,,,,,,37.0,625.0,22.0,76.0,2.9,,,,,,,,,,,,,402.0,10.6,,,16.0,,1.3,,,3.8,,2.3,,2.0,,,,,,,,,,,,,,,,,,,,,,,,,,,,,,,,,,,,,,,,198423.0,
[7576],CONVERGENT MARGIN,NEW HEBRIDES ARC - VANUATU ARCHIPELAGO / CENTRAL NEW HEBRIDES ARC / AMBRYM (=AMBRIM) / AMBRYM,POST-CALDERA BASALTS,-16.1,-16.4,167.92,168.29,SAE,,,s_18^ [7576],BASALT [7576],,,,,,,,,VOL,,,,,WR [7576] ,51.07,0.96,,16.27,,,,11.58,10.02,4.79,0.23,,1.95,2.78,0.35,,,,,,,,,,,,,,,,-0.45,,,,,,,,,,,,,,,,,,,,,,,1541.5,,,16171.0,,29.5,5748.0,360.0,26.5,,,42.0,31.0,,,,,,,,30.0,633.0,21.5,73.0,3.0,,,,,,,,,,,,,392.0,10.7,,,15.5,,1.4,,,3.9,,2.2,,2.0,,,,,,,,,,,,,,,,,,,,,,,,,,,,,,,,,,,,,,,,198424.0,
[7576],CONVERGENT MARGIN,NEW HEBRIDES ARC - VANUATU ARCHIPELAGO / CENTRAL NEW HEBRIDES ARC / AMBRYM (=AMBRIM) / AMBRYM,POST-CALDERA BASALTS,-16.1,-16.4,167.92,168.29,SAE,,,s_18 [7576],BASALT [7576],,,,,,,,,VOL,,,,,WR [7576] ,51.15,0.95,,16.58,,,,11.45,9.98,4.55,0.23,,1.96,2.79,0.35,,,,,,,,,,,,,,,,-0.36,,,,,,,,,,,,,,,,,,,,,,,1544.1,,,16282.0,,28.0,5697.0,355.0,15.0,,,40.0,25.0,,,,,,,,30.0,643.0,21.0,74.0,2.9,,,,,,,,,,,,,400.0,10.8,,,16.0,,1.3,,,3.7,,2.4,,1.9,,,,,,,,,,,,,,,,,,,,,,,,,,,,,,,,,,,,,,,,198425.0,
[7576],CONVERGENT MARGIN,NEW HEBRIDES ARC - VANUATU ARCHIPELAGO / CENTRAL NEW HEBRIDES ARC / AMBRYM (=AMBRIM) / AMBRYM,POST-CALDERA BASALTS,-16.1,-16.4,167.92,168.29,SAE,,,s_44 [7576],BASALT [7576],,,,,,,,,VOL,,,,,WR [7576] ,51.2,0.97,,15.98,,,,11.7,9.98,4.76,0.23,,1.97,2.85,0.36,,,,,,,,,,,,,,,,-0.47,,,,,,,,,,,,,,,,,,,,,,,1577.1,,,16335.0,,30.0,5838.0,377.0,8.0,,,42.0,24.0,,,,,,,,38.0,620.0,22.0,76.0,2.7,,,,,,,,,,,,,405.0,11.5,,,16.0,,1.3,,,3.6,,2.1,,2.0,,,,,,,,,,,,,,,,,,,,,,,,,,,,,,,,,,,,,,,,198426.0,
[7576],CONVERGENT MARGIN,NEW HEBRIDES ARC - VANUATU ARCHIPELAGO / CENTRAL NEW HEBRIDES ARC / AMBRYM (=AMBRIM) / AMBRYM,POST-CALDERA BASALTS,-16.1,-16.4,167.92,168.29,SAE,,,s_63 [7576],BASALT [7576],,,,,,,,,VOL,,,,,WR [7576] ,51.28,0.98,,15.92,,,,11.84,9.89,4.7,0.25,,1.97,2.78,0.39,,,,,,,,,,,,,,,,-0.33,,,,,,,,,,,,,,,,,,,,,,,1718.0,,,16341.0,,30.0,5870.0,365.0,6.5,,,39.0,21.0,,,,,,,,37.0,626.0,21.0,76.0,2.9,,,,,,,,,,,,,410.0,11.1,,,15.5,,1.4,,,3.9,,2.3,,2.0,,,,,,,,,,,,,,,,,,,,,,,,,,,,,,,,,,,,,,,,198427.0,
[7576],CONVERGENT MARGIN,NEW HEBRIDES ARC - VANUATU ARCHIPELAGO / CENTRAL NEW HEBRIDES ARC / AMBRYM (=AMBRIM) / AMBRYM,POST-CALDERA BASALTS,-16.1,-16.4,167.92,168.29,SAE,,,s_17 [7576],BASALT [7576],,,,,,,,,VOL,,,,,WR [7576] ,51.18,0.95,,16.7,,,,11.36,9.81,4.56,0.22,,2.0,2.87,0.35,,,,,,,,,,,,,,,,-0.53,,,,,,,,,,,,,,,,,,,,,,,1532.7,,,16579.0,,28.0,5715.0,355.0,11.5,,,39.0,23.0,,,,,,,,30.0,648.0,21.7,79.0,2.9,,,,,,,,,,,,,395.0,11.4,,,16.5,,1.3,,,3.7,,2.2,,2.0,,,,,,,,,,,,,,,,,,,,,,,,,,,,,,,,,,,,,,,,198428.0,
[7576],CONVERGENT MARGIN,NEW HEBRIDES ARC - VANUATU ARCHIPELAGO / CENTRAL NEW HEBRIDES ARC / AMBRYM (=AMBRIM) / AMBRYM,POST-CALDERA BASALTS,-16.1,-16.4,167.92,168.29,SAE,,,s_26 [7576],BASALT [7576],,,,,,,,,VOL,,,,,WR [7576] ,51.24,0.97,,16.05,,,,11.72,9.89,4.7,0.23,,2.01,2.83,0.35,,,,,,,,,,,,,,,,-0.41,,,,,,,,,,,,,,,,,,,,,,,1542.0,,,16679.0,,30.0,5810.0,375.0,9.5,,,41.0,24.0,,,,,,,,35.0,618.0,22.0,76.0,2.3,,,,,,,,,,,,,407.0,11.0,,,15.0,,1.2,,,3.9,,2.3,,2.0,,,,,,,,,,,,,,,,,,,,,,,,,,,,,,,,,,,,,,,,198429.0,
[7576],CONVERGENT MARGIN,NEW HEBRIDES ARC - VANUATU ARCHIPELAGO / CENTRAL NEW HEBRIDES ARC / AMBRYM (=AMBRIM) / AMBRYM,POST-CALDERA BASALTS,-16.1,-16.4,167.92,168.29,SAE,,,s_34 [7576],BASALT [7576],,,,,,,,,VOL,,,,,WR [7576] ,51.74,0.97,,16.17,,,,11.57,9.39,4.55,0.23,,2.04,2.97,0.35,,,,,,,,,,,,,,,,-0.4,,,,,,,,,,,,,,,,,,,,,,,1534.5,,,16931.0,,29.0,5842.0,355.0,4.0,,,39.0,17.0,,,,,,,,37.0,616.0,22.0,83.0,2.7,,,,,,,,,,,,,398.0,11.5,,,17.0,,1.4,,,3.9,,2.6,,2.0,,,,,,,,,,,,,,,,,,,,,,,,,,,,,,,,,,,,,,,,198430.0,
[7576],CONVERGENT MARGIN,NEW HEBRIDES ARC - VANUATU ARCHIPELAGO / CENTRAL NEW HEBRIDES ARC / AMBRYM (=AMBRIM) / AMBRYM,POST-CALDERA BASALTS,-16.1,-16.4,167.92,168.29,SAE,,,s_22 [7576],BASALT [7576],,,,,,,,,VOL,,,,,WR [7576] ,52.1,0.84,,18.75,,,,8.68,9.75,4.13,0.17,,2.14,3.06,0.38,,,,,,,,,,,,,,,,-0.18,,,,,,,,,,,,,,,,,,,,,,,1636.6,,,17755.0,,21.6,5044.0,305.0,52.0,,,30.0,41.0,,,,,,,,40.0,720.0,18.0,77.0,3.4,,,,,,,,,,,,,405.0,10.6,,,14.5,,1.3,,,3.2,,2.1,,1.7,,,,,,,,,,,,,,,,,,,,,,,,,,,,,,,,,,,,,,,,198431.0,
[7576],CONVERGENT MARGIN,NEW HEBRIDES ARC - VANUATU ARCHIPELAGO / CENTRAL NEW HEBRIDES ARC / AMBRYM (=AMBRIM) / AMBRYM,POST-CALDERA BASALTS,-16.1,-16.4,167.92,168.29,SAE,,,s_3 [7576],BASALT [7576],,,,,,,,,VOL,,,,,WR [7576] ,52.09,1.0,,15.95,,,,11.54,9.13,4.39,0.23,,2.14,3.13,0.39,,,,,,,,,,,,,,,,-0.1,,,,,,,,,,,,,,,,,,,,,,,1718.3,,,17769.0,,29.0,5992.0,360.0,5.0,,,37.0,19.0,,,,,,,,37.0,613.0,23.0,81.0,3.0,,,,,,,,,,,,,438.0,11.7,,,16.0,,1.4,,,4.0,,2.5,,2.2,,,,,,,,,,,,,,,,,,,,,,,,,,,,,,,,,,,,,,,,198432.0,
[7576],CONVERGENT MARGIN,NEW HEBRIDES ARC - VANUATU ARCHIPELAGO / CENTRAL NEW HEBRIDES ARC / AMBRYM (=AMBRIM) / AMBRYM,POST-CALDERA BASALTS,-16.1,-16.4,167.92,168.29,SAE,,,s_13 [7576],BASALT [7576],,,,,,,,,VOL,,,,,WR [7576] ,51.95,0.98,,16.48,,,,11.29,9.22,4.25,0.23,,2.18,3.04,0.37,,,,,,,,,,,,,,,,-0.32,,,,,,,,,,,,,,,,,,,,,,,1627.3,,,18072.0,,27.0,5861.0,345.0,6.0,,,38.0,18.0,,,,,,,,40.0,645.0,23.0,81.0,2.4,,,,,,,,,,,,,430.0,12.6,,,16.5,,1.5,,,3.9,,2.5,,2.1,,,,,,,,,,,,,,,,,,,,,,,,,,,,,,,,,,,,,,,,198433.0,
[7576],CONVERGENT MARGIN,NEW HEBRIDES ARC - VANUATU ARCHIPELAGO / CENTRAL NEW HEBRIDES ARC / AMBRYM (=AMBRIM) / AMBRYM,POST-CALDERA BASALTS,-16.1,-16.4,167.92,168.29,SAE,,,s_10 [7576],BASALT [7576],,,,,,,,,VOL,,,,,WR [7576] ,52.06,0.99,,16.31,,,,11.36,9.16,4.23,0.24,,2.21,3.06,0.38,,,,,,,,,,,,,,,,-0.54,,,,,,,,,,,,,,,,,,,,,,,1669.7,,,18307.0,,27.0,5916.0,352.0,5.0,,,39.0,18.5,,,,,,,,40.0,645.0,23.5,115.0,2.3,,,,,,,,,,,,,433.0,12.0,,,17.5,,1.4,,,4.0,,2.4,,2.3,,,,,,,,,,,,,,,,,,,,,,,,,,,,,,,,,,,,,,,,198434.0,
[7576],CONVERGENT MARGIN,NEW HEBRIDES ARC - VANUATU ARCHIPELAGO / CENTRAL NEW HEBRIDES ARC / AMBRYM (=AMBRIM) / AMBRYM,POST-CALDERA BASALTS,-16.1,-16.4,167.92,168.29,SAE,,,s_54 [7576],BASALT [7576],,,,,,,,,VOL,,,,,WR [7576] ,52.13,0.97,,16.61,,,,10.05,9.36,4.67,0.19,,2.29,3.32,0.4,,,,,,,,,,,,,,,,0.12,,,,,,,,,,,,,,,,,,,,,,,1756.8,,,19050.0,,26.0,5792.0,365.0,14.0,,,36.0,31.0,,,,,,,,42.0,645.0,20.5,88.0,3.8,,,,,,,,,,,,,452.0,12.3,,,15.5,,1.2,,,3.6,,2.0,,1.8,,,,,,,,,,,,,,,,,,,,,,,,,,,,,,,,,,,,,,,,198435.0,
[7576],CONVERGENT MARGIN,NEW HEBRIDES ARC - VANUATU ARCHIPELAGO / CENTRAL NEW HEBRIDES ARC / AMBRYM (=AMBRIM) / AMBRYM,POST-CALDERA BASALTS,-16.1,-16.4,167.92,168.29,SAE,,,s_25A [7576],BASALT [7576],,,,,,,,,VOL,,,,,WR [7576] ,52.37,0.88,,18.4,,,,8.78,9.39,4.2,0.17,,2.32,3.1,0.39,,,,,,,,,,,,,,,,-0.22,,,,,,,,,,,,,,,,,,,,,,,1720.6,,,19220.0,,21.0,5273.0,315.0,54.0,,,31.0,41.0,,,,,,,,42.0,710.0,18.5,81.0,3.2,,,,,,,,,,,,,445.0,11.8,,,15.5,,1.2,,,3.3,,1.8,,1.7,,,,,,,,,,,,,,,,,,,,,,,,,,,,,,,,,,,,,,,,198436.0,
[7576],CONVERGENT MARGIN,NEW HEBRIDES ARC - VANUATU ARCHIPELAGO / CENTRAL NEW HEBRIDES ARC / AMBRYM (=AMBRIM) / AMBRYM,POST-CALDERA BASALTS,-16.1,-16.4,167.92,168.29,SAE,,,s_41 [7576],BASALT [7576],,,,,,,,,VOL,,,,,WR [7576] ,52.82,0.99,,16.63,,,,9.87,8.95,4.46,0.19,,2.49,3.18,0.42,,,,,,,,,,,,,,,,-0.13,,,,,,,,,,,,,,,,,,,,,,,1847.6,,,20671.0,,25.0,5922.0,360.0,17.0,,,32.0,32.0,,,,,,,,47.0,635.0,21.0,90.0,3.8,,,,,,,,,,,,,480.0,12.9,,,17.0,,1.3,,,3.6,,2.1,,1.9,,,,,,,,,,,,,,,,,,,,,,,,,,,,,,,,,,,,,,,,198437.0,
[7576],CONVERGENT MARGIN,NEW HEBRIDES ARC - VANUATU ARCHIPELAGO / CENTRAL NEW HEBRIDES ARC / AMBRYM (=AMBRIM) / AMBRYM,LEWOLEMBWI MAAR,-16.1,-16.4,167.92,168.29,SAE,,,s_23B [7576],BASALT [7576],,,,,,,,,VOL,,,,,WR [7576] ,52.65,0.99,,16.08,,,,11.28,8.74,4.09,0.24,,2.32,3.21,0.4,,,,,,,,,,,,,,,,-0.59,,,,,,,,,,,,,,,,,,,,,,,1750.5,,,19231.0,,27.0,5952.0,350.0,7.5,,,38.5,14.0,,,,,,,,40.0,620.0,24.5,87.0,3.1,,,,,,,,,,,,,455.0,12.3,,,17.0,,1.4,,,4.1,,2.4,,2.2,,,,,,,,,,,,,,,,,,,,,,,,,,,,,,,,,,,,,,,,198438.0,
[7576],CONVERGENT MARGIN,NEW HEBRIDES ARC - VANUATU ARCHIPELAGO / CENTRAL NEW HEBRIDES ARC / AMBRYM (=AMBRIM) / AMBRYM,LEWOLEMBWI MAAR,-16.1,-16.4,167.92,168.29,SAE,,,s_19D [7576],BASALT [7576],,,,,,,,,VOL,,,,,WR [7576] ,53.02,1.0,,16.18,,,,11.05,8.5,3.93,0.24,,2.36,3.29,0.42,,,,,,,,,,,,,,,,-0.46,,,,,,,,,,,,,,,,,,,,,,,1844.1,,,19629.0,,26.0,5971.0,340.0,7.0,,,36.0,11.0,,,,,,,,43.0,625.0,25.0,90.0,3.2,,,,,,,,,,,,,465.0,13.0,,,19.0,,1.5,,,4.1,,2.6,,2.2,,,,,,,,,,,,,,,,,,,,,,,,,,,,,,,,,,,,,,,,198439.0,
[7576],CONVERGENT MARGIN,NEW HEBRIDES ARC - VANUATU ARCHIPELAGO / CENTRAL NEW HEBRIDES ARC / AMBRYM (=AMBRIM) / AMBRYM,LEWOLEMBWI MAAR,-16.1,-16.4,167.92,168.29,SAE,,,s_12B [7576],ANDESITE [7576],,,,,,,,,VOL,,,,,WR [7576] ,59.47,0.82,,16.3,,,,7.66,5.26,2.11,0.21,,3.58,4.09,0.5,,,,,,,,,,,,,,,,-0.29,,,,,,,,,,,,,,,,,,,,,,,2195.5,,,29738.0,,14.5,4886.0,136.0,5.0,,,20.0,6.4,,,,,,,,67.0,514.0,31.0,158.0,4.4,,,,,,,,,,,,,648.0,18.5,,,23.5,,1.7,,,4.8,,3.2,,3.0,,,,,,,,,,,,,,,,,,,,,,,,,,,,,,,,,,,,,,,,198440.0,
[7576],CONVERGENT MARGIN,NEW HEBRIDES ARC - VANUATU ARCHIPELAGO / CENTRAL NEW HEBRIDES ARC / AMBRYM (=AMBRIM) / AMBRYM,LEWOLEMBWI MAAR,-16.1,-16.4,167.92,168.29,SAE,,,s_14 [7576],ANDESITE [7576],,,,,,,,,VOL,,,,,WR [7576] ,61.53,0.74,,16.22,,,,6.73,4.29,1.58,0.21,,3.97,4.29,0.43,,,,,,,,,,,,,,,,-0.14,,,,,,,,,,,,,,,,,,,,,,,1896.0,,,32966.0,,12.0,4422.0,72.0,9.5,,,14.0,7.5,,,,,,,,77.0,460.0,31.0,160.0,5.6,,,,,,,,,,,,,730.0,19.3,,,25.0,,1.5,,,5.4,,3.6,,3.1,,,,,,,,,,,,,,,,,,,,,,,,,,,,,,,,,,,,,,,,198441.0,
[12378],CONVERGENT MARGIN,NEW HEBRIDES ARC - VANUATU ARCHIPELAGO / SOUTHERN NEW HEBRIDES ARC / LOPEVI,,-16.4981,-16.4981,168.3129,168.3129,SAE,,,s_PV05 [12378],BASALTIC-ANDESITE [12378],,,,,,,,,VOL,,,,,WR [12378] ,51.54,0.74,,19.93,,,,8.33,11.09,4.03,0.15,,0.78,2.61,0.17,0.0,,,,,,,,,,,,,,,-0.38,,,,,,,,,,,,,,,,,,,,,,,,,,,,30.35,,325.0,25.0,,,,14.0,128.0,68.0,,,,,,12.3,370.0,19.1,68.0,1.54,,,,,,,,,,,,0.32,147.0,6.48,13.6,1.94,9.65,2.66,0.87,3.04,0.51,3.46,0.72,2.18,0.34,2.23,0.34,1.63,0.19,,,,,,,,,2.74,,0.72,0.317,0.512967,,,0.70398,,,,,,,,,,,,,,,,,,,,,228073.0,
[12378],CONVERGENT MARGIN,NEW HEBRIDES ARC - VANUATU ARCHIPELAGO / SOUTHERN NEW HEBRIDES ARC / LOPEVI,,-16.4975,-16.4975,168.3185,168.3185,SAE,,,s_PV13 [12378],BASALTIC-ANDESITE [12378],,,,HOLOCENE [12378],,,2003.0,,VOL,,,,,WR [12378] ,51.8,0.75,,19.85,,,,8.39,11.11,4.15,0.15,,0.78,2.65,0.17,0.0,,,,,,,,,,,,,,,-0.36,,,,,,,,,,,,,,,,,,,,,,,,,,,,30.98,,326.0,30.0,,,,16.0,130.0,68.0,,,,,,12.5,369.0,19.4,70.0,1.58,,,,,,,,,,,,0.33,149.0,6.4,13.71,1.94,9.45,2.72,0.89,3.14,0.5,3.49,0.74,2.24,0.34,2.23,0.33,1.76,0.15,,,,,,,,,2.79,,0.761,0.332,0.512966,,,0.704003,,,,,,,,,,,,,,,,,,,,,228074.0,
[12378],CONVERGENT MARGIN,NEW HEBRIDES ARC - VANUATU ARCHIPELAGO / SOUTHERN NEW HEBRIDES ARC / LOPEVI,,-16.4975,-16.4975,168.3185,168.3185,SAE,,,s_PV15 [12378],BASALT [12378],,,,HOLOCENE [12378],,,2003.0,,VOL,,,,,WR [12378] ,49.95,0.67,,16.12,,,,9.47,12.3,8.09,0.17,,0.65,2.02,0.15,0.0,,,,,,,,,,,,,,,-0.4,,,,,,,,,,,,,,,,,,,,,,,,,,,,45.44,,346.0,248.0,,,,64.0,114.0,67.0,,,,,,10.3,352.0,15.3,50.0,1.06,,,,,,,,,,,,0.3,123.0,7.16,10.73,1.57,7.76,2.12,0.76,2.56,0.42,2.85,0.6,1.75,0.26,1.78,0.27,1.19,0.11,,,,,,,,,2.38,,0.548,0.245,0.512932,,,0.704086,,,,,,,,,,,,,,,,,,,,,228075.0,
[12378],CONVERGENT MARGIN,NEW HEBRIDES ARC - VANUATU ARCHIPELAGO / SOUTHERN NEW HEBRIDES ARC / LOPEVI,,-16.4975,-16.4975,168.3185,168.3185,SAE,,,s_PV17 [12378],BASALT [12378],,,,HOLOCENE [12378],,,1964.0,,VOL,,,,,WR [12378] ,49.79,0.65,,15.77,,,,9.45,12.64,8.49,0.17,,0.64,1.9,0.14,0.0,,,,,,,,,,,,,,,-0.33,,,,,,,,,,,,,,,,,,,,,,,,,,,,47.8,,346.0,268.0,,,,68.0,125.0,66.0,,,,,,10.0,353.0,14.7,47.0,0.95,,,,,,,,,,,,0.3,123.0,4.74,10.28,1.47,7.7,2.19,0.7,2.54,0.39,2.85,0.58,1.75,0.25,1.69,0.25,1.09,0.08,,,,,,,,,2.37,,0.468,0.216,0.512958,,,0.70407,,,,,,,,,,,,,,,,,,,,,228076.0,
[12378],CONVERGENT MARGIN,NEW HEBRIDES ARC - VANUATU ARCHIPELAGO / SOUTHERN NEW HEBRIDES ARC / LOPEVI,,-16.5062,-16.5062,168.3077,168.3077,SAE,,,s_PV47 [12378],BASALT [12378],,,,HOLOCENE [12378],,,1939.0,,VOL,,,,,WR [12378] ,49.62,0.65,,15.84,,,,9.41,12.64,8.38,0.18,,0.64,1.98,0.14,0.04,,,,,,,,,,,,,,,-0.38,,,,,,,,,,,,,,,,,,,,,,,,,,,,47.07,,348.0,250.0,,,,63.0,123.0,65.0,,,,,,9.9,356.0,14.6,46.0,1.03,,,,,,,,,,,,0.3,122.0,4.63,10.19,1.5,7.63,2.25,0.77,2.39,0.39,2.67,0.56,1.7,0.25,1.78,0.25,1.16,0.11,,,,,,,,,2.38,,0.556,0.229,0.512953,,,0.704078,,,,,,,,,,,,,,,,,,,,,228080.0,
[12378],CONVERGENT MARGIN,NEW HEBRIDES ARC - VANUATU ARCHIPELAGO / SOUTHERN NEW HEBRIDES ARC / LOPEVI,,-16.5122,-16.5122,168.3124,168.3124,SAE,,,s_PV49 [12378],BASALT [12378],,,,HOLOCENE [12378],,,1964.0,,VOL,,,,,WR [12378] ,50.68,0.66,,17.34,,,,8.91,11.55,7.14,0.18,,0.57,1.98,0.15,0.01,,,,,,,,,,,,,,,-0.22,,,,,,,,,,,,,,,,,,,,,,,,,,,,39.46,,323.0,178.0,,,,61.0,90.0,65.0,,,,,,9.6,288.0,16.3,53.0,1.16,,,,,,,,,,,,0.26,108.0,5.34,11.64,1.67,8.49,2.32,0.83,2.78,0.45,3.0,0.64,1.86,0.28,1.9,0.3,1.28,0.11,,,,,,,,,2.14,,0.537,0.231,0.512953,,,0.704016,,,,,,,,,,,,,,,,,,,,,228081.0,
[12378],CONVERGENT MARGIN,NEW HEBRIDES ARC - VANUATU ARCHIPELAGO / SOUTHERN NEW HEBRIDES ARC / LOPEVI,,-16.5272,-16.5272,168.3339,168.3339,SAE,,,s_PV57 [12378],BASALTIC-ANDESITE [12378],,,,HOLOCENE [12378],,,1964.0,,VOL,,,,,WR [12378] ,51.39,0.75,,19.14,,,,8.52,11.11,4.57,0.16,,0.79,2.64,0.17,0.01,,,,,,,,,,,,,,,-0.34,,,,,,,,,,,,,,,,,,,,,,,,,,,,32.43,,328.0,57.0,,,,21.0,142.0,67.0,,,,,,12.5,362.0,19.2,68.0,1.54,,,,,,,,,,,,0.31,148.0,6.38,13.78,1.95,9.67,2.67,0.87,3.2,0.51,3.48,0.74,2.23,0.32,2.31,0.35,1.7,0.14,,,,,,,,,2.83,,0.784,0.323,0.512959,,,,,,,,,,,,,,,,,,,,,,,,228082.0,
[12378],CONVERGENT MARGIN,NEW HEBRIDES ARC - VANUATU ARCHIPELAGO / SOUTHERN NEW HEBRIDES ARC / LOPEVI,,-16.495,-16.495,168.316,168.316,SAE,,,s_PV100 [12378],BASALTIC-ANDESITE [12378],,,,HOLOCENE [12378],,,2002.0,,VOL,,,,,WR [12378] ,51.48,0.75,,19.54,,,,8.38,11.09,4.31,0.15,,0.78,2.68,0.17,0.02,,,,,,,,,,,,,,,-0.24,,,,,,,,,,,,,,,,,,,,,,,,,,,,31.04,,322.0,33.0,,,,16.0,128.0,66.0,,,,,,12.3,362.0,19.0,67.0,1.54,,,,,,,,,,,,0.32,146.0,6.48,13.43,1.94,9.4,2.57,0.87,3.04,0.51,3.55,0.74,2.23,0.31,2.21,0.33,1.63,0.12,,,,,,,,,2.73,,0.749,0.334,0.512967,,,0.703993,,,,,,,,,,,,,,,,,,,,,228083.0,
[12378],CONVERGENT MARGIN,NEW HEBRIDES ARC - VANUATU ARCHIPELAGO / SOUTHERN NEW HEBRIDES ARC / LOPEVI,,-16.5075,-16.5075,168.3158,168.3158,SAE,,,s_PV110 [12378],BASALTIC-ANDESITE [12378],,,,,,,,,VOL,,,,,WR [12378] ,52.25,0.79,,18.75,,,,8.51,10.54,4.34,0.16,,0.87,2.8,0.19,0.03,,,,,,,,,,,,,,,-0.19,,,,,,,,,,,,,,,,,,,,,,,,,,,,32.23,,321.0,43.0,,,,17.0,130.0,65.0,,,,,,14.0,331.0,21.6,77.0,1.8,,,,,,,,,,,,0.34,160.0,6.98,15.25,2.19,10.8,3.01,0.92,3.48,0.56,3.91,0.83,2.51,0.38,2.5,0.38,1.97,0.14,,,,,,,,,2.96,,0.847,0.38,0.512973,,,0.703992,,,,,,,,,,,,,,,,,,,,,228085.0,
[12378],CONVERGENT MARGIN,NEW HEBRIDES ARC - VANUATU ARCHIPELAGO / SOUTHERN NEW HEBRIDES ARC / LOPEVI,,-16.5087,-16.5087,168.3136,168.3136,SAE,,,s_PV111 [12378],BASALTIC-ANDESITE [12378],,,,HOLOCENE [12378],,,2001.0,,VOL,,,,,WR [12378] ,51.24,0.74,,19.82,,,,8.32,11.14,4.01,0.15,,0.77,2.61,0.17,0.07,,,,,,,,,,,,,,,-0.22,,,,,,,,,,,,,,,,,,,,,,,,,,,,30.26,,324.0,30.0,,,,14.0,124.0,68.0,,,,,,12.3,368.0,18.7,68.0,1.55,,,,,,,,,,,,0.31,146.0,6.17,13.45,1.94,9.45,2.59,0.83,3.0,0.49,3.33,0.69,2.12,0.31,2.18,0.33,1.68,0.26,,,,,,,,,2.79,,0.748,0.325,,,,,,,,,,,,,,,,,,,,,,,,,228086.0,
[12378],CONVERGENT MARGIN,NEW HEBRIDES ARC - VANUATU ARCHIPELAGO / SOUTHERN NEW HEBRIDES ARC / LOPEVI,,-16.5129,-16.5129,168.3074,168.3074,SAE,,,s_PV112 [12378],BASALTIC-ANDESITE [12378],,,,HOLOCENE [12378],,,2001.0,,VOL,,,,,WR [12378] ,52.66,0.81,,18.74,,,,8.51,10.27,4.19,0.16,,0.91,2.89,0.2,0.02,,,,,,,,,,,,,,,-0.23,,,,,,,,,,,,,,,,,,,,,,,,,,,,31.15,,318.0,56.0,,,,16.0,134.0,69.0,,,,,,14.7,327.0,22.5,83.0,1.89,,,,,,,,,,,,0.35,163.0,9.9,15.87,2.3,11.0,3.18,0.93,3.61,0.59,4.12,0.87,2.53,0.38,2.67,0.39,2.05,0.16,,,,,,,,,3.1,,0.924,0.416,0.512977,,,0.703995,,,,,,,,,,,,,,,,,,,,,228087.0,
[26155],CONVERGENT MARGIN,NEW HEBRIDES ARC - VANUATU ARCHIPELAGO / CENTRAL NEW HEBRIDES ARC / AOBA (=AMBAE) / AOBA (=AMBAE),"DEVIL ROCK, SW COAST",-15.44753,-15.44753,167.677674,167.677674,SAE,,,s_225 [26155],BASALT [26155],,,,QUATERNARY [26155],,,,,VOL,,,,,WR [26155] ,48.95,0.683,,12.59,,,,9.85,11.104,12.696,0.197,,1.26,2.21,0.279,,,,,,,,,,,,,0.0,,,0.25,,,,,,,,,,,,,,,,,,,,,,,,,,,,,,,,,,,,,,,,,,,,,,,,,,,,,,,,,,,,,,,,,,,,,,,,,,,,,,,,,,,,,,,,,,,,,,,,,,,,,,,,,,,,,,,,,2383336.0,
[26155],CONVERGENT MARGIN,NEW HEBRIDES ARC - VANUATU ARCHIPELAGO / CENTRAL NEW HEBRIDES ARC / AOBA (=AMBAE) / AOBA (=AMBAE),"DEVIL ROCK, SW COAST",-15.44753,-15.44753,167.677674,167.677674,SAE,,,s_226 [26155],BASALT [26155],,,,QUATERNARY [26155],,,,,VOL,,,,,WR [26155] ,48.01,0.626,,11.44,,,,10.25,10.829,15.602,0.198,,0.97,1.908,0.228,,,,,,,,,,,,,0.0,,,0.25,,,,,,,,,,,,,,,,,,,,,,,,,,,,,,,,,,,,,,,,,,,,,,,,,,,,,,,,,,,,,,,,,,,,,,,,,,,,,,,,,,,,,,,,,,,,,,,,,,,,,,,,,,,,,,,,,2383337.0,
[26155],CONVERGENT MARGIN,NEW HEBRIDES ARC - VANUATU ARCHIPELAGO / CENTRAL NEW HEBRIDES ARC / AOBA (=AMBAE) / AOBA (=AMBAE),"DEVIL ROCK, SW COAST",-15.44753,-15.44753,167.677674,167.677674,SAE,,,s_227 [26155],BASALT [26155],,,,QUATERNARY [26155],,,,,VOL,,,,,WR [26155] ,49.77,0.669,,13.0,,,,9.42,10.536,12.854,0.186,,1.2,2.323,0.247,,,,,,,,,,,,,0.0,,,0.05,,,,,,,,,,,,,,,,,,,,,,,,,,,,,,,,,,,,,,,,,,,,,,,,,,,,,,,,,,,,,,,,,,,,,,,,,,,,,,,,,,,,,,,,,,,,,,,,,,,,,,,,,,,,,,,,,2383338.0,
[26155],CONVERGENT MARGIN,NEW HEBRIDES ARC - VANUATU ARCHIPELAGO / CENTRAL NEW HEBRIDES ARC / AOBA (=AMBAE) / AOBA (=AMBAE),"DEVIL ROCK, SW COAST",-15.44753,-15.44753,167.677674,167.677674,SAE,,,s_224-1 [26155],BASALT [26155],,,,QUATERNARY [26155],,,,,VOL,,,,,WR [26155] ,48.43,0.642,,11.92,,,,9.93,11.245,14.072,0.197,,1.03,1.879,0.251,,,,,,,,,,,,,0.0,,,0.52,,,,,,,,,,,,,,,,,,,,,,,,,,,,,,,,,,,,,,,,,,,,,,,,,,,,,,,,,,,,,,,,,,,,,,,,,,,,,,,,,,,,,,,,,,,,,,,,,,,,,,,,,,,,,,,,,2383339.0,
[26155],CONVERGENT MARGIN,NEW HEBRIDES ARC - VANUATU ARCHIPELAGO / CENTRAL NEW HEBRIDES ARC / AOBA (=AMBAE) / AOBA (=AMBAE),"DEVIL ROCK, SW COAST",-15.44753,-15.44753,167.677674,167.677674,SAE,,,s_224-2 [26155],BASALT [26155],,,,QUATERNARY [26155],,,,,VOL,,,,,WR [26155] ,48.45,0.642,,11.85,,,,10.09,11.032,14.415,0.197,,1.06,1.919,0.25,,,,,,,,,,,,,0.0,,,0.08,,,,,,,,,,,,,,,,,,,,,,,,,,,,,,,,,,,,,,,,,,,,,,,,,,,,,,,,,,,,,,,,,,,,,,,,,,,,,,,,,,,,,,,,,,,,,,,,,,,,,,,,,,,,,,,,,2383340.0,
[26155],CONVERGENT MARGIN,NEW HEBRIDES ARC - VANUATU ARCHIPELAGO / CENTRAL NEW HEBRIDES ARC / AOBA (=AMBAE) / AOBA (=AMBAE),"DEVIL ROCK, SW COAST",-15.44753,-15.44753,167.677674,167.677674,SAE,,,s_224-3 [26155],BASALT [26155],,,,QUATERNARY [26155],,,,,VOL,,,,,WR [26155] ,48.92,0.672,,12.43,,,,9.87,11.558,12.849,0.193,,1.16,2.096,0.267,,,,,,,,,,,,,0.0,,,0.13,,,,,,,,,,,,,,,,,,,,,,,,,,,,,,,,,,,,,,,,,,,,,,,,,,,,,,,,,,,,,,,,,,,,,,,,,,,,,,,,,,,,,,,,,,,,,,,,,,,,,,,,,,,,,,,,,2383341.0,
[26155],CONVERGENT MARGIN,NEW HEBRIDES ARC - VANUATU ARCHIPELAGO / CENTRAL NEW HEBRIDES ARC / AOBA (=AMBAE) / AOBA (=AMBAE),"DEVIL ROCK, SW COAST",-15.44753,-15.44753,167.677674,167.677674,SAE,,,s_224-4 [26155],BASALT [26155],,,,QUATERNARY [26155],,,,,VOL,,,,,WR [26155] ,48.88,0.656,,12.3,,,,9.98,11.62,12.972,0.197,,1.15,2.086,0.266,,,,,,,,,,,,,0.0,,,0.2,,,,,,,,,,,,,,,,,,,,,,,,,,,,,,,,,,,,,,,,,,,,,,,,,,,,,,,,,,,,,,,,,,,,,,,,,,,,,,,,,,,,,,,,,,,,,,,,,,,,,,,,,,,,,,,,,2383342.0,
[26155],CONVERGENT MARGIN,NEW HEBRIDES ARC - VANUATU ARCHIPELAGO / CENTRAL NEW HEBRIDES ARC / AOBA (=AMBAE) / AOBA (=AMBAE),"DEVIL ROCK, SW COAST",-15.44753,-15.44753,167.677674,167.677674,SAE,,,s_224-5 [26155],BASALT [26155],,,,QUATERNARY [26155],,,,,VOL,,,,,WR [26155] ,48.37,0.628,,12.2,,,,9.68,10.543,15.071,0.187,,0.95,2.174,0.208,,,,,,,,,,,,,0.0,,,0.29,,,,,,,,,,,,,,,,,,,,,,,,,,,,,,,,,,,,,,,,,,,,,,,,,,,,,,,,,,,,,,,,,,,,,,,,,,,,,,,,,,,,,,,,,,,,,,,,,,,,,,,,,,,,,,,,,2383343.0,
[26155],CONVERGENT MARGIN,NEW HEBRIDES ARC - VANUATU ARCHIPELAGO / CENTRAL NEW HEBRIDES ARC / AOBA (=AMBAE) / AOBA (=AMBAE),"DEVIL ROCK, SW COAST",-15.44753,-15.44753,167.677674,167.677674,SAE,,,s_224-6 [26155],BASALT [26155],,,,QUATERNARY [26155],,,,,VOL,,,,,WR [26155] ,48.79,0.741,,13.7,,,,10.0,10.891,11.095,0.194,,1.41,2.512,0.292,,,,,,,,,,,,,0.01,,,0.48,,,,,,,,,,,,,,,,,,,,,,,,,,,,,,,,,,,,,,,,,,,,,,,,,,,,,,,,,,,,,,,,,,,,,,,,,,,,,,,,,,,,,,,,,,,,,,,,,,,,,,,,,,,,,,,,,2383344.0,
[26155],CONVERGENT MARGIN,NEW HEBRIDES ARC - VANUATU ARCHIPELAGO / CENTRAL NEW HEBRIDES ARC / AOBA (=AMBAE) / AOBA (=AMBAE),"DEVIL ROCK, SW COAST",-15.44753,-15.44753,167.677674,167.677674,SAE,,,s_224-7 [26155],BASALT [26155],,,,QUATERNARY [26155],,,,,VOL,,,,,WR [26155] ,49.2,0.696,,13.24,,,,9.93,11.101,11.701,0.199,,1.2,2.261,0.291,,,,,,,,,,,,,0.01,,,0.24,,,,,,,,,,,,,,,,,,,,,,,,,,,,,,,,,,,,,,,,,,,,,,,,,,,,,,,,,,,,,,,,,,,,,,,,,,,,,,,,,,,,,,,,,,,,,,,,,,,,,,,,,,,,,,,,,2383345.0,
[3869],CONVERGENT MARGIN,NEW HEBRIDES ARC - VANUATU ARCHIPELAGO / NEW HEBRIDES BACK ARC TROUGH,VANIKORO ZONE,-12.0,-20.0,169.3,170.3,SAQ,,,s_D2M5 [3869],BASALT [3869],,,,,,,,,VOL,,,,,WR [3869] ,49.0,1.15,,16.5,,,,9.13,12.4,8.55,0.14,,0.25,2.3,0.05,,0.12,0.14,,,,,,,,,,,,,,,,,,,,,,,,,,,,,,,,,,,,,,,,,,,216.0,260.0,,,,102.0,,,,,,,,3.0,214.0,,,,,,,,,,,,,,,,54.0,,,,,,,,,,,,,,,,,,,,,,,,,,,,,,,,,,,,,,,,,,,,,,,,,,,,,296926.0,
[3869],CONVERGENT MARGIN,NEW HEBRIDES ARC - VANUATU ARCHIPELAGO / NEW HEBRIDES BACK ARC TROUGH / CORIOLIS TROUGHS,FUTUNA ZONE,-12.0,-20.0,169.3,170.3,SAQ,,,s_D19M1 [3869],BASALT [3869],,,,,,,,,VOL,,,,,WR [3869] ,50.0,1.0,,14.9,,,,7.24,10.46,9.62,0.24,,0.83,2.29,0.25,,1.12,0.61,,,,,,,,,,,,,,,,,,,,,,,,,,,,,,,,,,,,,,,,,,,231.0,343.0,,,,275.0,,,,,,,,12.0,457.0,,,,,,,,,,,,,,,,95.0,,,,,,,,,,,,,,,,,,,,,,,,,,,,,,,,,,,,,,,,,,,,,,,,,,,,,296927.0,
[3869],CONVERGENT MARGIN,NEW HEBRIDES ARC - VANUATU ARCHIPELAGO / NEW HEBRIDES BACK ARC TROUGH / CORIOLIS TROUGHS,FUTUNA ZONE,-12.0,-20.0,169.3,170.3,SAQ,,,s_D21M1 [3869],BASALT [3869],,,,,,,,,VOL,,,,,WR [3869] ,50.75,0.64,,14.17,,,,8.69,11.7,8.73,0.16,,0.91,1.92,0.3,,0.5,0.53,,,,,,,,,,,,,,,,,,,,,,,,,,,,,,,,,,,,,,,,,,,361.0,337.0,,,,86.0,,,,,,,,15.0,423.0,,,,,,,,,,,,,,,,146.0,,,,,,,,,,,,,,,,,,,,,,,,,,,,,,,,,,,,,,,,,,,,,,,,,,,,,296928.0,
[3869],CONVERGENT MARGIN,NEW HEBRIDES ARC - VANUATU ARCHIPELAGO / NEW HEBRIDES BACK ARC TROUGH / CORIOLIS TROUGHS,HAZEL HOLME ZONE,-12.0,-20.0,169.3,170.3,SAQ,,,s_D15M6 [3869],BASALT [3869],,,,,,,,,VOL,,,,,WR [3869] ,51.2,0.72,,17.05,,,,9.0,10.74,5.45,0.17,,0.69,2.42,0.12,,0.78,0.63,,,,,,,,,,,,,,,,,,,,,,,,,,,,,,,,,,,,,,,,,,,249.0,51.0,,,,30.0,,,,,,,,9.0,266.0,,,,,,,,,,,,,,,,95.0,,,,,,,,,,,,,,,,,,,,,,,,,,,,,,,,,,,,,,,,,,,,,,,,,,,,,296929.0,
[3869],CONVERGENT MARGIN,NEW HEBRIDES ARC - VANUATU ARCHIPELAGO / NEW HEBRIDES BACK ARC TROUGH / CORIOLIS TROUGHS,VOT TANDE ZONE,-12.0,-20.0,169.3,170.3,SAQ,,,s_D11M2 [3869],BASALT [3869],,,,,,,,,VOL,,,,,WR [3869] ,51.0,1.36,,16.51,,,,11.75,8.8,4.18,0.19,,1.06,2.6,0.2,,0.51,0.46,,,,,,,,,,,,,,,,,,,,,,,,,,,,,,,,,,,,,,,,,,,370.0,15.0,,,,14.0,,,,,,,,20.0,277.0,,,,,,,,,,,,,,,,123.0,,,,,,,,,,,,,,,,,,,,,,,,,,,,,,,,,,,,,,,,,,,,,,,,,,,,,296930.0,
[3869],CONVERGENT MARGIN,NEW HEBRIDES ARC - VANUATU ARCHIPELAGO / NEW HEBRIDES BACK ARC TROUGH / CORIOLIS TROUGHS,FUTUNA ZONE,-12.0,-20.0,169.3,170.3,SAQ,,,s_D20M6 [3869],BASALTIC-ANDESITE [3869],,,,,,,,,VOL,,,,,WR [3869] ,54.7,1.09,,19.46,,,,6.56,8.68,2.98,0.13,,0.8,3.79,0.15,,0.1,0.08,,,,,,,,,,,,,,,,,,,,,,,,,,,,,,,,,,,,,,,,,,,206.0,16.0,,,,13.0,,,,,,,,11.0,300.0,,,,,,,,,,,,,,,,122.0,,,,,,,,,,,,,,,,,,,,,,,,,,,,,,,,,,,,,,,,,,,,,,,,,,,,,296931.0,
[3869],CONVERGENT MARGIN,NEW HEBRIDES ARC - VANUATU ARCHIPELAGO / NEW HEBRIDES BACK ARC TROUGH / CORIOLIS TROUGHS,FUTUNA ZONE,-12.0,-20.0,169.3,170.3,SAQ,,,s_D16M1 [3869],BASALTIC-ANDESITE [3869],,,,,,,,,VOL,,,,,WR [3869] ,53.45,0.82,,14.72,,,,8.67,6.71,4.57,0.18,,1.89,3.41,0.3,,1.99,2.23,,,,,,,,,,,,,,,,,,,,,,,,,,,,,,,,,,,,,,,,,,,225.0,60.0,,,,21.0,,,,,,,,21.0,411.0,,,,,,,,,,,,,,,,273.0,,,,,,,,,,,,,,,,,,,,,,,,,,,,,,,,,,,,,,,,,,,,,,,,,,,,,296932.0,
[3869],CONVERGENT MARGIN,NEW HEBRIDES ARC - VANUATU ARCHIPELAGO / NEW HEBRIDES BACK ARC TROUGH,VANIKORO ZONE,-12.0,-20.0,169.3,170.3,SAQ,,,s_D1M1 [3869],ANDESITE [3869],,,,,,,,,VOL,,,,,WR [3869] ,62.6,1.25,,15.93,,,,6.13,4.42,1.73,0.16,,0.67,6.0,0.2,,0.7,0.07,,,,,,,,,,,,,,,,,,,,,,,,,,,,,,,,,,,,,,,,,,,,,,,,,,,,,,,,10.0,202.0,,,,,,,,,,,,,,,,163.0,,,,,,,,,,,,,,,,,,,,,,,,,,,,,,,,,,,,,,,,,,,,,,,,,,,,,296933.0,
[3869],CONVERGENT MARGIN,NEW HEBRIDES ARC - VANUATU ARCHIPELAGO / NEW HEBRIDES BACK ARC TROUGH / CORIOLIS TROUGHS,ERROMANGO ZONE,-12.0,-20.0,169.3,170.3,SAQ,,,s_D24M3 [3869],DACITE [3869],,,,,,,,,VOL,,,,,WR [3869] ,65.0,0.62,,14.6,,,,5.88,3.6,1.11,0.14,,3.11,4.19,0.25,,0.92,0.27,,,,,,,,,,,,,,,,,,,,,,,,,,,,,,,,,,,,,,,,,,,55.0,0.0,,,,,,,,,,,,54.0,261.0,,,,,,,,,,,,,,,,536.0,,,,,,,,,,,,,,,,,,,,,,,,,,,,,,,,,,,,,,,,,,,,,,,,,,,,,296934.0,
[3869],CONVERGENT MARGIN,NEW HEBRIDES ARC - VANUATU ARCHIPELAGO / NEW HEBRIDES BACK ARC TROUGH / CORIOLIS TROUGHS,VATE ZONE,-12.0,-20.0,169.3,170.3,SAQ,,,s_D27M17 [3869],ANDESITE [3869],,,,,,,,,VOL,,,,,WR [3869] ,61.8,0.8,,15.89,,,,5.1,2.82,2.01,0.07,,5.66,4.5,0.3,,0.41,0.18,,,,,,,,,,,,,,,,,,,,,,,,,,,,,,,,,,,,,,,,,,,140.0,36.0,,,,17.0,,,,,,,,105.0,302.0,,,,,,,,,,,,,,,,710.0,,,,,,,,,,,,,,,,,,,,,,,,,,,,,,,,,,,,,,,,,,,,,,,,,,,,,296935.0,
[15662],CONVERGENT MARGIN,NEW HEBRIDES ARC - VANUATU ARCHIPELAGO / CENTRAL NEW HEBRIDES ARC / AOBA (=AMBAE) / AOBA (=AMBAE),LOMALLA,-15.31833,-15.31833,167.86906,167.86906,SAE,,,s_AO3 [15662],PICRITE [15662],,,,,,,,,VOL,,,,,WR [15662] ,48.81,1.19,,15.41,,,,9.87,11.41,7.25,0.2,,1.21,2.49,0.3,,,,,,,,,,,,,,,,,,,,,,,,,,,,,,,,,,,,,,,,,,,,,,,,,,,,,,,,,,,23.7,693.0,16.8,58.0,1.2,,,,,,,,,,,,,430.0,13.9,29.7,,17.9,4.2,,3.5,0.51,3.0,0.6,1.7,,1.8,0.3,1.8,,,,,,,,,,6.7,,2.1,0.8,,,,,,,,,,,,,,,,,,,,,,,,,317901.0,
[12378],CONVERGENT MARGIN,NEW HEBRIDES ARC - VANUATU ARCHIPELAGO / SOUTHERN NEW HEBRIDES ARC / LOPEVI,,-16.4975,-16.4975,168.3185,168.3185,SAE,,,s_PV18 [12378],BASALTIC-ANDESITE [12378],,,,HOLOCENE [12378],,,1964.0,,VOL,,,,,WR [12378] ,50.98,0.71,,19.46,,,,8.6,11.56,4.79,0.16,,0.72,2.46,0.16,0.0,,,,,,,,,,,,,,,-0.34,,,,,,,,,,,,,,,,,,,,,,,,,,,,33.42,,333.0,51.0,,,,22.0,122.0,67.0,,,,,,11.1,373.0,17.4,59.0,1.32,,,,,,,,,,,,0.29,143.0,7.02,12.23,1.78,8.82,2.52,0.83,2.75,0.47,3.08,0.67,2.03,0.3,2.07,0.3,1.46,0.12,,,,,,,,,2.49,,0.664,0.288,,,,,,,,,,,,,,,,,,,,,,,,,367452.0,
[12378],CONVERGENT MARGIN,NEW HEBRIDES ARC - VANUATU ARCHIPELAGO / SOUTHERN NEW HEBRIDES ARC / LOPEVI,,-16.4957,-16.4957,168.3086,168.3086,SAE,,,s_PV37 [12378],BASALTIC-ANDESITE [12378],,,,HOLOCENE [12378],,,1964.0,,VOL,,,,,WR [12378] ,51.25,0.69,,19.89,,,,8.1,11.43,4.71,0.15,,0.54,2.5,0.13,0.02,,,,,,,,,,,,,,,-0.25,,,,,,,,,,,,,,,,,,,,,,,,,,,,33.66,,309.0,45.0,,,,21.0,98.0,62.0,,,,,,8.3,274.0,17.2,56.0,1.29,,,,,,,,,,,,0.22,96.0,5.2,9.74,1.45,7.43,2.17,0.76,2.67,0.44,3.09,0.66,1.96,0.29,2.05,0.31,1.35,0.15,,,,,,,,,1.93,,0.516,0.213,0.512978,,,0.704029,,,,,,,,,,,,,,,,,,,,,367453.0,
[12378],CONVERGENT MARGIN,NEW HEBRIDES ARC - VANUATU ARCHIPELAGO / SOUTHERN NEW HEBRIDES ARC / LOPEVI,,-16.4993,-16.4993,168.3067,168.3067,SAE,,,s_PV38 [12378],BASALTIC-ANDESITE [12378],,,,HOLOCENE [12378],,,1939.0,,VOL,,,,,WR [12378] ,51.22,0.68,,20.2,,,,7.95,11.53,4.44,0.15,,0.53,2.49,0.13,0.04,,,,,,,,,,,,,,,-0.2,,,,,,,,,,,,,,,,,,,,,,,,,,,,33.03,,304.0,44.0,,,,21.0,109.0,61.0,,,,,,8.4,279.0,17.5,56.0,1.31,,,,,,,,,,,,0.24,97.0,4.89,9.91,1.49,7.4,2.13,0.81,2.62,0.44,3.12,0.68,1.96,0.3,2.07,0.32,1.37,0.12,,,,,,,,,1.87,,0.463,0.218,,,,0.703944,,,,,,,,,,,,,,,,,,,,,367454.0,
[12378],CONVERGENT MARGIN,NEW HEBRIDES ARC - VANUATU ARCHIPELAGO / SOUTHERN NEW HEBRIDES ARC / LOPEVI,,-16.5016,-16.5016,168.3307,168.3307,SAE,,,s_PV109 [12378],BASALTIC-ANDESITE [12378],,,,HOLOCENE [12378],,,2003.0,,VOL,,,,,WR [12378] ,50.9,0.69,,16.93,,,,9.12,11.54,6.56,0.17,,0.67,2.35,0.15,0.06,,,,,,,,,,,,,,,-0.17,,,,,,,,,,,,,,,,,,,,,,,,,,,,41.84,,342.0,112.0,,,,36.0,118.0,68.0,,,,,,10.6,312.0,17.8,60.0,1.3,,,,,,,,,,,,0.25,142.0,5.71,12.34,1.75,8.73,2.42,0.82,2.89,0.49,3.3,0.7,2.03,0.3,2.07,0.31,1.5,0.11,,,,,,,,,2.46,,0.707,0.309,0.512954,,,0.704008,,,,,,,,,,,,,,,,,,,,,367459.0,
[19944],CONVERGENT MARGIN,NEW HEBRIDES ARC - VANUATU ARCHIPELAGO / SOUTHERN NEW HEBRIDES ARC / TANNA (=TANUA) / YASUR(=YASOWA),"YENKAHE CALDERA, SE TANNA, WHITE SANDS",-19.52,-19.52,169.42,169.42,SAE,,,s_WS6 [19944],ANDESITE [19944],,,,,,,,,VOL,,,,,WR [19944] ,59.72,0.91,,15.35,,,,7.72,4.5,2.03,0.19,,3.94,4.22,0.64,,,,,,,,,,,,,,,,,,,,,,,,,,,,,,,,,,,,,,,,,,,,16.66,6327.0,178.88,7.16,,,15.0,6.0,,115.49,17.07,,,,,52.19,427.77,28.97,130.24,1.95,,,,,,,,,,,,1.63,705.0,18.39,41.38,5.64,25.25,6.01,1.58,5.69,0.85,5.37,1.12,3.34,0.48,3.31,0.49,3.72,0.13,,,,,,,,,17.99,,3.0,1.66,0.513049,,,0.703574,,,,,,,,,,,,,,0.283153,,,,,,,456607.0,
[19944],CONVERGENT MARGIN,NEW HEBRIDES ARC - VANUATU ARCHIPELAGO / SOUTHERN NEW HEBRIDES ARC / TANNA (=TANUA) / YASUR(=YASOWA),"YENKAHE CALDERA, SE TANNA, WHITE SANDS",-19.52,-19.52,169.42,169.42,SAE,,,s_WS3 [19944],ANDESITE [19944],,,,,,,,,VOL,,,,,WR [19944] ,58.34,0.85,,16.04,,,,7.65,5.56,2.46,0.17,,3.52,4.06,0.56,,,,,,,,,,,,,,,,,,,,,,,,,,,,,,,,,,,,,,,,,,,,17.94,5994.0,197.56,23.21,,,17.0,13.0,,100.17,16.94,,,,,47.03,490.71,25.78,114.42,1.74,,,,,,,,,,,,1.48,647.26,16.07,36.74,5.04,22.48,5.35,1.47,5.1,0.75,4.67,0.99,2.96,0.43,3.01,0.44,3.28,0.11,,,,,,,,,15.84,,2.7,1.47,0.513036,,,0.703574,,,,,,,,,,,,,,0.283171,,,,,,,456614.0,
[20462],CONVERGENT MARGIN,NEW HEBRIDES ARC - VANUATU ARCHIPELAGO / CENTRAL NEW HEBRIDES ARC / AMBRYM (=AMBRIM) / AMBRYM,"1913 ERUPTION, FLANK",-16.24289,-16.24289,167.98011,167.98011,SAE,,,s_AMB 13 [20462],BASALT [20462],,,,,,,,,VOL,,,,,WR [20462] ,50.4,0.93,,16.5,,,,10.87,9.66,4.58,0.21,,1.88,3.06,0.35,,,,,,,,,,,,,,,,,,,,,,,,,,,,,,9.21,1.0,,,,,,,,,,,,,30.13,5715.26,335.22,10.67,1604.89,,37.75,24.53,224.46,94.08,17.42,,,,,34.46,628.85,21.13,75.39,2.5,1.2,,,,,0.06,,,,,,1.05,399.6,11.06,24.61,3.52,15.96,4.1,1.36,4.21,0.63,3.68,0.77,2.15,1.18,1.97,0.3,2.18,0.12,,,,,,,,,6.54,,1.61,0.56,0.512905,,,0.70437,,,,,,,,,,,,,,,,,,,,,467719.0,
[20462],CONVERGENT MARGIN,NEW HEBRIDES ARC - VANUATU ARCHIPELAGO / CENTRAL NEW HEBRIDES ARC / AMBRYM (=AMBRIM) / AMBRYM,"1913 ERUPTION, FLANK",-16.24289,-16.24289,167.98011,167.98011,SAE,,,s_AR 15 [20462],BASALT [20462],,,,,,,,,VOL,,,,,WR [20462] ,50.29,0.94,,16.28,,,,11.06,9.86,4.6,0.21,,1.87,2.92,0.32,,,,,,,,,,,,,,,,,,,,,,,,,,,,,,,,,,,,,,,,,,,,31.36,,339.46,21.99,,,51.53,27.57,,,,,,,,31.48,658.7,18.35,69.17,2.56,,,,,,,,,,,,0.59,368.49,,,3.18,15.25,3.76,1.22,3.68,0.61,3.46,0.7,2.07,0.3,2.04,0.3,2.25,0.2,,,,,,,,,12.2,,1.42,0.49,0.512896,,,0.704369,,,,,,,,,,,,,,,,,,,,,467720.0,
[20462],CONVERGENT MARGIN,NEW HEBRIDES ARC - VANUATU ARCHIPELAGO / CENTRAL NEW HEBRIDES ARC / AMBRYM (=AMBRIM) / AMBRYM,"1913 ERUPTION, FLANK",-16.24289,-16.24289,167.98011,167.98011,SAE,,,s_AR 23 [20462],BASALT [20462],,,,,,,,,VOL,,,,,WR [20462] ,50.82,0.96,,16.34,,,,10.06,9.43,4.45,0.18,,2.12,2.96,0.37,,,,,,,,,,,,,,,,,,,,,,,,,,,,,,,,,,,,,,,,,,,,28.67,,350.46,26.15,,,43.78,30.48,,,,,,,,37.05,643.69,17.31,78.53,3.16,,,,,,,,,,,,0.82,414.28,,,3.3,16.41,3.55,1.1,4.04,0.46,3.5,0.66,1.79,0.3,1.96,0.31,2.14,0.21,,,,,,,,,9.29,,1.69,0.55,0.512893,,,0.704433,,,,,,,,,,,,,,,,,,,,,467721.0,
[20462],CONVERGENT MARGIN,NEW HEBRIDES ARC - VANUATU ARCHIPELAGO / CENTRAL NEW HEBRIDES ARC / AMBRYM (=AMBRIM) / AMBRYM,"1929 ERUPTION, FLANK",-16.263156,-16.263156,167.923783,167.923783,SAE,,,s_AMB 37 [20462],BASALT [20462],,,,,,,,,VOL,,,,,WR [20462] ,50.41,0.94,,16.6,,,,10.9,9.71,4.59,0.2,,1.88,3.05,0.35,,,,,,,,,,,,,,,,,,,,,,,,,,,,,,8.68,0.98,,,,,,,,,,,,,29.92,5676.5,333.52,11.57,1607.45,,37.73,23.92,217.0,94.2,17.48,,,,,34.69,633.73,21.26,75.36,2.48,1.2,,,,,0.06,,,,,,1.05,401.27,10.99,24.54,3.52,16.14,4.12,1.36,4.22,0.64,3.71,0.78,2.18,1.2,2.04,0.3,2.19,0.12,,,,,,,,,6.67,,1.66,0.58,0.512902,,,0.70438,,,,,,,,,,,,,,,,,,,,,467722.0,
[20462],CONVERGENT MARGIN,NEW HEBRIDES ARC - VANUATU ARCHIPELAGO / CENTRAL NEW HEBRIDES ARC / AMBRYM (=AMBRIM) / AMBRYM,"1937 ERUPTION, FLANK",-16.2522,-16.2522,167.9838,167.9838,SAE,,,s_AMB 50 [20462],BASALT [20462],,,,,,,,,VOL,,,,,WR [20462] ,50.38,0.95,,16.54,,,,10.94,9.75,4.52,0.21,,1.9,2.98,0.34,,,,,,,,,,,,,,,,,,,,,,,,,,,,,,8.94,0.96,,,,,,,,,,,,,29.27,5541.4,328.75,10.7,1574.49,,39.91,23.48,232.7,94.53,17.36,,,,,34.65,633.35,20.84,74.28,2.45,1.16,,,,,0.05,,,,,,1.03,393.66,10.84,24.29,3.49,15.84,4.05,1.34,4.13,0.63,3.68,0.76,2.18,1.19,2.0,0.3,2.17,0.12,,,,,,,,,6.53,,1.63,0.57,0.512901,,,0.70433,,,,,,,,,,,,,,,,,,,,,467723.0,
[20462],CONVERGENT MARGIN,NEW HEBRIDES ARC - VANUATU ARCHIPELAGO / CENTRAL NEW HEBRIDES ARC / AMBRYM (=AMBRIM) / AMBRYM,"1988 ERUPTION, INTRA-CALDERA EFFUSIVE",-16.33428,-16.33428,168.12278,168.12278,SAE,,,s_AMB 88 [20462],BASALT [20462],,,,,,,,,VOL,,,,,WR [20462] ,50.71,0.92,,15.94,,,,11.1,10.14,4.99,0.21,,1.87,2.74,0.32,,,,,,,,,,,,,,,,,,,,,,,,,,,,,,8.76,0.94,,,,,,,,,,,,,34.36,5489.95,327.99,14.36,1590.12,,38.93,29.09,168.44,91.36,17.19,,,,,34.11,605.71,20.62,74.62,2.47,1.2,,,,,0.06,,,,,,1.03,394.81,10.6,23.65,3.39,15.54,4.02,1.32,4.09,0.62,3.58,0.75,2.11,1.17,1.94,0.29,2.2,0.11,,,,,,,,,6.51,,1.64,0.57,0.512904,,,0.70432,,,,,,,,,,,,,,,,,,,,,467725.0,
[20462],CONVERGENT MARGIN,NEW HEBRIDES ARC - VANUATU ARCHIPELAGO / CENTRAL NEW HEBRIDES ARC / AMBRYM (=AMBRIM) / AMBRYM,2009 ERUPTION,-16.2519,-16.2519,168.1336,168.1336,SAE,,,s_AMB 09 I [20462],BASALTIC-ANDESITE [20462],,,,,,,,,VOL,,,,,WR [20462] ,52.19,1.03,,15.43,,,,10.92,8.74,4.18,0.2,,2.07,2.97,0.37,,,,,,,,,,,,,,,,,,,,,,,,,,,,,,9.11,1.02,,,,,,,,,,,,,28.55,5959.67,342.6,15.86,1520.72,,33.59,25.66,221.99,94.7,17.78,,,,,37.68,600.51,20.8,81.45,2.75,1.46,,,,,0.09,,,,,,1.18,437.33,11.56,25.42,3.61,16.3,4.1,1.37,4.19,0.64,3.64,0.76,2.16,1.19,1.98,0.3,2.34,0.13,,,,,,,,,7.75,,1.78,0.6,0.512902,,,0.70437,,,,,,,,,,,,,,,,,,,,,467727.0,
[4033][19759],CONVERGENT MARGIN,NEW HEBRIDES ARC - VANUATU ARCHIPELAGO / CENTRAL NEW HEBRIDES ARC / AOBA (=AMBAE) / AOBA (=AMBAE),,-15.38,-15.38,167.83,167.83,SAE,,,s_68591 [4033],BASALT [4033] / PICRITE [19759],,,,,,,,,VOL,,,,,WR [4033] ,47.33,0.55,,10.06,,11.14,,10.02,10.54,17.75,0.18,,0.92,1.62,0.22,,,,,,,,,,,,,,,,-0.17,,,,,,,,,,,,,,,,,,,,,,,,,,,,40.0,,271.0,1187.0,,,,413.0,93.0,77.0,15.0,,,,,17.0,488.0,13.0,39.0,1.5,,,,,,,,,,,,,258.0,9.6,22.5,2.98,13.7,3.65,1.15,3.39,,3.22,,1.83,,1.57,,,,,,,,,,,,,,,,,,,,,,,,,,,,,,,,,,,,,,,,50597.0,
[4033],CONVERGENT MARGIN,NEW HEBRIDES ARC - VANUATU ARCHIPELAGO / CENTRAL NEW HEBRIDES ARC / AOBA (=AMBAE) / AOBA (=AMBAE),,-15.38,-15.38,167.83,167.83,SAE,,,s_68613 [4033],BASALT [4033],,,,,,,,,VOL,,,,,WR [4033] ,47.66,0.61,,11.26,,11.38,,,9.74,16.16,0.19,,0.85,1.7,0.17,,,,,,,,,,,,,,,,-0.09,,,,,,,,,,,,,,,,,,,,,,,,,,,,35.0,,299.0,936.0,,,,365.0,153.0,81.0,,,,,,13.0,493.0,16.0,38.0,1.5,,,,,,,,,,,,,347.0,9.0,16.0,,12.0,,,,,,,,,,,,,,,,,,,,,4.0,,0.0,,,,,,,,,,,,,,,,,,,,,,,,,,50598.0,
[4033][15833],CONVERGENT MARGIN,NEW HEBRIDES ARC - VANUATU ARCHIPELAGO / CENTRAL NEW HEBRIDES ARC / AOBA (=AMBAE) / AOBA (=AMBAE),,-15.38,-15.38,167.83,167.83,SAE,,,s_68638 [4033],BASALT [4033],,,,,,,,APHYRIC [15833] ,VOL,,,,,WR [4033] ,48.79,0.65,,13.21,,11.06,,,12.1,10.7,0.18,,1.0,2.19,0.18,,,,,,,,,,,,,,,,-0.51,,,,,,,,,,,,,,,,,,,,,,,,,,,,44.0,4605.0,342.0,500.0,1194.0,,42.0,146.0,250.0,54.0,16.0,,,,,15.0,585.0,16.0,41.0,1.5,,5e-05,0.000154,0.00307,,,,,,,,,366.0,8.7,21.1,2.83,12.9,3.05,1.08,3.04,,2.96,,1.96,,1.73,,,,,0.000283,,5e-05,0.0046,,,,3.0,,2.0,,,,,,,,,,,,,,,,,,,,,,,,,,50633.0,
[4032][10608],CONVERGENT MARGIN,NEW HEBRIDES ARC - VANUATU ARCHIPELAGO / SOUTHERN NEW HEBRIDES ARC / ANATOM (ANEITYUM) / ANATOM (ANEITYUM),,-20.2,-20.2,169.8,169.8,SAE,,,s_AYMAC20 [4032],BASALT [4032],600000 [4032],600000 [4032],,PLEISTOCENE [4032],,,,,VOL,,,,,WR [4032] ,48.81,0.84,,20.89,,10.87,,,11.3,3.92,0.19,,0.6,2.43,0.17,,,,,,,,,,,,,,,,0.13,,,,,,,,,,,,,,,0.36,12.0,,,,,,,,,,,,22.0,,353.0,9.0,,,31.0,9.0,126.0,87.0,19.0,,,,,6.7,509.0,16.7,36.0,0.63,,,,,,,,,,,,0.23,113.0,4.32,10.2,1.55,7.64,2.16,0.9,2.68,0.42,2.68,0.56,1.65,0.25,1.64,0.25,1.09,0.038,,,,,,,,,3.65,,0.53,0.27,0.513046,,,0.70317,,18.75,,15.539,,38.321,,,,,,,,0.283162,,,,,,,50774.0,
[4032][3946],CONVERGENT MARGIN,NEW HEBRIDES ARC - VANUATU ARCHIPELAGO / SOUTHERN NEW HEBRIDES ARC / TANNA (=TANUA) / TUKOSMERU,,-19.33,-19.66,169.25,169.5,SAE,,,s_TA93 [4032],BASALT [4032],650000 [4032],650000 [4032],,PLEISTOCENE [4032],,,,,VOL,,,,,WR [4032] ,47.51,0.82,,16.08,,12.56,8.28,,12.46,7.77,0.22,,0.59,1.83,0.16,,0.26,0.54,,,,,,,,,,,,,0.8,,,,,,,,,,,,,,,,,,,,,,,,,,,,26.0,,349.0,81.0,,,45.0,30.0,148.0,67.0,14.0,,,,,7.7,424.0,12.9,25.1,0.36,,,,,,,,,,,,0.31,120.0,3.54,8.13,1.16,6.47,1.67,0.74,1.74,0.27,1.97,0.47,1.14,0.16,1.12,0.2,0.76,0.03,,,,,,,,,2.6,,0.41,0.22,,,,,,18.584,,15.535,,38.305,,,,,,,,,,,,,,,50775.0,
[4032][10608],CONVERGENT MARGIN,NEW HEBRIDES ARC - VANUATU ARCHIPELAGO / SOUTHERN NEW HEBRIDES ARC / TANNA (=TANUA),,-19.53,-19.53,169.33,169.33,SAE,,,s_TAC75 [4032],BASALT [4032],2400000 [4032],2400000 [4032],,PLEISTOCENE [4032],,,,,VOL,,,,,WR [4032] ,49.07,0.82,,19.61,,11.48,,,10.39,4.57,0.21,,0.92,2.76,0.19,,,,,,,,,,,,,,,,-0.08,,,,,,,,,,,,,,,,,,,,,,,,,,,,27.0,,334.0,8.0,,,34.0,11.0,126.0,74.0,23.0,,,,,9.9,1039.0,17.8,48.7,0.64,,,,,,,,,,,,0.29,237.0,7.36,17.7,2.53,13.1,3.2,1.1,3.52,0.46,3.03,0.7,1.75,0.25,1.65,0.26,1.59,0.043,,,,,,,,,4.79,,0.89,0.3,0.513064,,,0.70329,,18.507,,15.581,,38.575,,,,,,,,0.283158,,,,,,,50776.0,
[4032][10608],CONVERGENT MARGIN,NEW HEBRIDES ARC - VANUATU ARCHIPELAGO / SOUTHERN NEW HEBRIDES ARC / ERROMANGO (=EROMANGA),ROBERTSON^S THUMB,-18.6,-18.6,169.06,169.06,SAE,,,s_E46 [4032],BASALT [4032],0 [4032],300000 [4032],,QUATERNARY [4032],,,,,VOL,,,,,WR [4032] ,49.07,0.61,,17.26,,11.21,,,12.03,6.87,0.19,,0.62,2.0,0.14,,,,,,,,,,,,,,,,0.42,,,,,,,,,,,,,,,,,,,,,,,,,,,,48.0,,314.0,67.0,,,43.0,30.0,129.0,81.0,20.0,,,,,8.3,304.0,12.9,27.6,0.59,,,,,,,,,,,,0.36,180.0,2.71,6.89,0.84,5.47,1.51,0.59,1.96,0.34,2.11,0.53,1.34,0.22,1.28,0.24,0.82,0.03,,,,,,,,,3.57,,0.27,0.2,,,,0.70389,,18.592,,15.546,,38.386,,,,,,,,0.283173,,,,,,,50778.0,
[4032][3790],CONVERGENT MARGIN,NEW HEBRIDES ARC - VANUATU ARCHIPELAGO / SOUTHERN NEW HEBRIDES ARC / ERROMANGO (=EROMANGA),ROBERTSON^S THUMB,-18.6,-18.6,169.06,169.06,SAE,,,s_E11 [4032] / s_A(E11) [3790],BASALT [4032],0 [4032],3000000 [4032],,NEOGENE-QUATERNARY [4032],,,,,VOL,,,,,WR [4032] ,46.87,0.73,,17.72,,12.23,8.02,,11.22,6.83,0.22,,0.41,1.84,0.15,,0.42,1.37,,,,,,,,,,,,,1.79,,,,,,,,,,,,,,,,,,,,,,,,,,,,29.0,,379.0,6.0,,,44.0,34.0,118.0,149.0,17.0,,,,,6.6,384.0,12.9,24.7,0.54,,,,,,,,,,,,0.56,101.0,2.86,6.59,1.01,5.61,1.84,0.68,2.11,0.34,2.37,0.48,1.4,0.18,1.35,0.19,0.89,0.03,,,,,,,,,2.34,,0.26,0.18,,,,0.70332,,18.749,,15.551,,38.374,,,,,,,,,,,,,,,50779.0,
[4032][10608],CONVERGENT MARGIN,NEW HEBRIDES ARC - VANUATU ARCHIPELAGO / BANKS ISLANDS / UREPARAPARA / UREPARAPARA,,-13.4,-13.4,167.3,167.3,SAE,,,s_UA10 [4032],BASALT [4032],500000 [4032],500000 [4032],,PLEISTOCENE [4032],,,,,VOL,,,,,WR [4032] ,50.97,0.82,,16.04,,10.71,,,10.68,6.26,0.17,,1.18,2.93,0.26,,,,,,,,,,,,,,,,0.11,,,,,,,,,,,,,,,0.47,12.0,,,,,,,,,,,,36.0,,337.0,123.0,,,35.0,55.0,175.0,169.0,19.0,,,,,13.7,510.0,20.1,76.3,1.9,,,,,,,,,,,,0.19,208.0,9.79,21.4,3.12,14.4,3.45,1.04,3.46,0.56,3.23,0.68,1.9,0.26,1.84,0.29,2.06,0.114,,,,,,,,,5.66,,1.29,0.41,0.513018,,,0.70356,,18.59,,15.542,,38.294,,,,,,,,0.283161,,,,,,,50780.0,
[4032][10608],CONVERGENT MARGIN,NEW HEBRIDES ARC - VANUATU ARCHIPELAGO / BANKS ISLANDS / MOTO LAVA / MOTO LAVA,,-13.583,-13.583,167.616,167.616,SAE,,,s_MLMAC23 [4032],BASALT [4032] / CALC-ALKALI BASALT [10608],0 [4032],200000 [4032] / 2500000 [10608],,QUATERNARY [4032],,,,,VOL,,,,,WR [4032] ,49.07,0.75,,17.78,,12.24,,,10.72,6.08,0.22,,0.48,2.48,0.19,,,,,,,,,,,,,,,,-0.19,,,,,,,,,,,,,,,,,,,,,,,,,,,,40.0,,440.0,43.0,,,42.0,40.0,112.0,89.0,19.0,,,,,3.8,539.0,20.6,29.6,0.5,,,,,,,,,,,,0.06,197.0,5.25,11.0,1.9,10.2,2.85,1.1,3.65,0.55,3.46,0.71,2.0,0.28,1.96,0.32,1.01,0.031,,,,,,,,,2.72,,0.13,0.14,0.513035,,,0.70357,,18.193,,15.507,,38.121,,,,,,,,0.283196,,,,,,,50783.0,
[4032][10608],CONVERGENT MARGIN,NEW HEBRIDES ARC - VANUATU ARCHIPELAGO / BANKS ISLANDS / MOTO (=MOTA) / MOTO (=MOTA),,-13.8,-19.53,169.27,169.27,SAE,,,s_MOMAC4 [4032],BASALT [4032],500000 [4032],500000 [4032],,PLEISTOCENE [4032],,,,,VOL,,,,,WR [4032] ,48.56,0.73,,16.37,,11.52,,,11.58,7.79,0.2,,0.69,2.43,0.16,,,,,,,,,,,,,,,,0.18,,,,,,,,,,,,,,,,,,,,,,,,,,,,44.0,,388.0,120.0,,,42.0,51.0,87.0,89.0,18.0,,,,,6.8,532.0,14.3,27.8,0.63,,,,,,,,,,,,0.13,128.0,4.76,11.3,1.73,9.05,2.39,0.88,2.74,0.38,2.32,0.51,1.4,0.23,1.4,0.19,0.91,0.045,,,,,,,,,2.64,,0.37,0.2,0.513029,,,0.70348,,18.45,,15.512,,38.238,,,,,,,,0.283134,,,,,,,50787.0,
[4032][10608],CONVERGENT MARGIN,NEW HEBRIDES ARC - VANUATU ARCHIPELAGO / BANKS ISLANDS / VANUA LAVA / VANUA LAVA,,-13.8,-13.8,167.4,167.4,SAE,,,s_VMAC6 [4032],BASALT [4032],500000 [4032],500000 [4032],,PLEISTOCENE [4032],,,,,VOL,,,,,WR [4032] ,49.07,0.85,,15.82,,12.39,,,11.08,6.59,0.2,,1.01,2.79,0.21,,,,,,,,,,,,,,,,0.02,,,,,,,,,,,,,,,,,,,,,,,,,,,,41.0,,402.0,104.0,,,47.0,34.0,93.0,80.0,22.0,,,,,16.0,570.0,21.1,65.7,1.45,,,,,,,,,,,,0.13,245.0,9.41,19.4,2.67,13.1,3.3,1.23,3.42,0.58,3.38,0.72,2.1,0.29,2.07,0.33,1.67,0.083,,,,,,,,,2.6,,1.13,0.45,0.512972,,,0.70395,,18.219,,15.494,,38.214,,,,,,,,0.283151,,,,,,,50790.0,
[4032][10608],CONVERGENT MARGIN,NEW HEBRIDES ARC - VANUATU ARCHIPELAGO / BANKS ISLANDS / GAUA (SANTA MARIA) / GAUA (SANTA MARIA),,-14.2,-14.2,167.4,167.4,SAE,,,s_GM60 [4032],BASALT [4032],1700000 [4032],1700000 [4032],,PLEISTOCENE [4032],,,,,VOL,,,,,WR [4032] ,51.17,0.78,,15.64,,10.78,,,10.04,5.44,0.2,,2.31,3.31,0.34,,,,,,,,,,,,,,,,-0.11,,,,,,,,,,,,,,,0.67,5.6,,,,,,,,,,,,29.0,,310.0,70.0,,,36.0,28.0,119.0,105.0,22.0,,,,,40.4,846.0,19.7,87.9,2.15,,,,,,,,,,,,0.26,513.0,18.7,37.7,4.89,21.0,4.49,1.35,4.27,0.55,3.26,0.64,1.79,0.28,1.81,0.29,2.62,0.135,,,,,,,,,8.14,,3.39,1.2,0.512973,,,0.70401,,18.196,,15.505,,38.263,,,,,,,,0.283153,,,,,,,50791.0,
[4032][10608],CONVERGENT MARGIN,NEW HEBRIDES ARC - VANUATU ARCHIPELAGO / CENTRAL NEW HEBRIDES ARC / AOBA (=AMBAE) / AOBA (=AMBAE),,-15.38,-15.38,167.83,167.83,SAE,,,s_AOW1 [4032],BASALT [4032],100000 [4032],100000 [4032],,PLEISTOCENE [4032],,,,,VOL,,,,,WR [4032] ,48.55,1.08,,13.57,,11.03,,,12.07,9.88,0.19,,1.13,2.26,0.28,,,,,,,,,,,,,,,,0.37,,,,,,,,,,,,,,,,,,,,,,,,,,,,43.0,,297.0,282.0,,,42.0,85.0,122.0,80.0,18.0,,,,,19.9,499.0,23.4,86.3,5.45,,,,,,,,,,,,0.02,279.0,11.4,24.4,3.33,15.2,3.71,1.27,4.33,0.65,3.7,0.76,2.26,0.32,1.92,0.29,2.22,0.312,,,,,,,,,4.44,,1.63,0.53,0.512961,,,0.70409,,18.192,,15.497,,38.275,,,,,,,,0.283088,,,,,,,50793.0,
[4032][10608],CONVERGENT MARGIN,NEW HEBRIDES ARC - VANUATU ARCHIPELAGO / CENTRAL NEW HEBRIDES ARC / AMBRYM (=AMBRIM) / AMBRYM,,-16.25,-16.25,168.13,168.13,SAE,,,s_AM27 [4032],BASALT [4032],0 [4032],100000 [4032],,QUATERNARY [4032],,,,,VOL,,,,,WR [4032] ,51.06,1.04,,15.49,,12.4,,,9.31,5.09,0.21,,2.05,3.01,0.36,,,,,,,,,,,,,,,,-0.2,,,,,,,,,,,,,,,,,,,,,,,,,,,,34.0,,383.0,11.0,,,,32.0,197.0,108.0,24.0,,,,,33.4,610.0,20.9,92.2,3.28,,,,,,,,,,,,0.78,424.0,11.4,25.7,3.54,16.1,3.85,1.3,3.8,0.6,3.5,0.67,1.9,0.3,1.76,0.38,2.48,0.21,,,,,,,,,6.33,,1.54,0.59,0.512897,,,0.70437,,18.344,,15.527,,38.388,,,,,,,,0.283111,,,,,,,50799.0,
[4032][10608],CONVERGENT MARGIN,NEW HEBRIDES ARC - VANUATU ARCHIPELAGO / CENTRAL NEW HEBRIDES ARC / PAAMA / PAAMA,,-16.6,-16.6,168.3,168.3,SAE,,,s_PAM10 [4032],BASALT [4032],0 [4032],2000000 [4032],,QUATERNARY [4032],,,,,VOL,,,,,WR [4032] ,48.81,1.08,,17.9,,12.45,,,10.77,5.38,0.2,,0.48,2.79,0.16,,,,,,,,,,,,,,,,-0.46,,,,,,,,,,,,,,,,,,,,,,,,,,,,36.0,,385.0,27.0,,,38.0,18.0,122.0,93.0,19.0,,,,,2.8,364.0,25.3,55.3,1.32,,,,,,,,,,,,0.09,161.0,3.99,10.7,1.73,8.92,2.77,1.0,3.53,0.61,3.9,0.87,2.46,0.39,2.47,0.37,1.64,0.093,,,,,,,,,4.47,,0.43,0.15,,,,0.70402,,18.431,,15.551,,38.42,,,,,,,,0.2832,,,,,,,50801.0,
[4032][10608],CONVERGENT MARGIN,NEW HEBRIDES ARC - VANUATU ARCHIPELAGO / CENTRAL NEW HEBRIDES ARC / EPI / EAST EPI,,-16.89,-16.89,168.3,168.3,SAE,,,s_EPW70 [4032],BASALT [4032],0 [4032],400000 [4032],,QUATERNARY [4032],,,,,VOL,,,,,WR [4032] ,50.14,0.7,,14.86,,10.83,,,11.84,7.98,0.18,,1.02,2.28,0.2,,,,,,,,,,,,,,,,-0.27,,,,,,,,,,,,,,,,,,,,,,,,,,,,39.0,,291.0,306.0,,,42.0,57.0,159.0,84.0,16.0,,,,,17.9,459.0,14.7,47.3,1.45,,,,,,,,,,,,0.34,196.0,6.67,14.8,2.18,10.3,2.65,0.81,2.62,0.42,2.48,0.48,1.43,0.2,1.43,0.21,1.34,0.074,,,,,,,,,3.5,,1.04,0.38,,,,0.70415,,18.45,,15.525,,38.411,,,,,,,,0.283136,,,,,,,50803.0,
[4032][10608],CONVERGENT MARGIN,NEW HEBRIDES ARC - VANUATU ARCHIPELAGO / CENTRAL NEW HEBRIDES ARC / TONGOA / TONGOA,,-16.9,-16.9,168.6,168.6,SAE,,,s_TOW5 [4032],BASALT [4032],0 [4032],2000000 [4032],,QUATERNARY [4032],,,,,VOL,,,,,WR [4032] ,48.49,0.63,,13.66,,11.96,,,13.36,9.31,0.18,,0.46,1.84,0.13,,,,,,,,,,,,,,,,1.19,,,,,,,,,,,,,,,,,,,,,,,,,,,,51.0,,316.0,298.0,,,51.0,56.0,129.0,59.0,15.0,,,,,4.7,360.0,13.8,27.1,0.56,,,,,,,,,,,,0.17,111.0,3.83,8.77,1.39,7.02,2.15,0.75,2.26,0.36,2.49,0.51,1.48,0.16,1.32,0.19,1.05,0.057,,,,,,,,,1.8,,0.54,0.15,0.512957,,,0.70416,,18.54,,15.562,,38.466,,,,,,,,0.283172,,,,,,,50805.0,
[4032][10608],CONVERGENT MARGIN,NEW HEBRIDES ARC - VANUATU ARCHIPELAGO / CENTRAL NEW HEBRIDES ARC / NGUNA / NGUNA / OFFSHORE SUITE,,-17.46,-17.46,168.3,168.3,SAE,,,s_NGA23 [4032],BASALT [4032],700000 [4032],700000 [4032],,PLEISTOCENE [4032],,,,,VOL,,,,,WR [4032] ,48.74,1.0,,17.43,,13.22,,,10.24,5.34,0.23,,0.34,3.09,0.4,,,,,,,,,,,,,,,,-0.22,,,,,,,,,,,,,,,,,,,,,,,,,,,,36.0,,450.0,3.0,,,,12.0,339.0,106.0,22.0,,,,,2.7,833.0,19.6,32.7,0.55,,,,,,,,,,,,0.12,220.0,7.5,15.9,2.46,12.3,2.96,1.25,3.31,0.52,3.2,0.65,1.69,0.29,1.73,0.22,1.03,0.05,,,,,,,,,4.7,,0.55,0.21,,,,0.70414,,18.438,,15.54,,38.436,,,,,,,,0.283156,,,,,,,50806.0,
[4032][10608],CONVERGENT MARGIN,NEW HEBRIDES ARC - VANUATU ARCHIPELAGO / CENTRAL NEW HEBRIDES ARC / EFATE,,-17.66,-17.66,168.4,168.4,SAE,,,s_EA258 [4032],BASALT [4032],300000 [4032],700000 [4032],,PLEISTOCENE [4032],,,,,VOL,,,,,WR [4032] ,47.91,0.94,,17.31,,12.27,,,11.65,5.71,0.19,,0.72,2.83,0.48,,,,,,,,,,,,,,,,0.38,,,,,,,,,,,,,,,0.46,4.4,,,,,,,,,,,,29.0,,456.0,37.0,,,34.0,28.0,235.0,89.0,25.0,,,,,8.9,1113.0,16.6,27.8,0.65,,,,,,,,,,,,0.16,365.0,10.3,22.4,3.07,14.3,3.27,1.18,3.55,0.49,2.83,0.55,1.67,0.24,1.42,0.19,0.92,0.037,,,,,,,,,3.79,,0.97,0.27,0.512946,,,0.70416,,18.501,,15.558,,38.609,,,,,,,,0.283115,,,,,,,50808.0,
[4032],CONVERGENT MARGIN,NEW HEBRIDES ARC - VANUATU ARCHIPELAGO / BANKS ISLANDS / MERELAVA / MERELAVA,,-14.45,-14.45,168.0,168.0,SAE,,,s_MLM10A [4032],BASALT [4032],0 [4032],10000 [4032],,HOLOCENE [4032],,,,,VOL,,,,,WR [4032] ,52.36,0.63,,17.78,,8.76,,,11.26,6.0,0.15,,0.49,2.46,0.1,,,,,,,,,,,,,,,,-0.31,,,,,,,,,,,,,,,,,,,,,,,,,,,,34.0,,317.0,147.0,,,28.0,42.0,146.0,73.0,17.0,,,,,6.0,290.0,16.8,35.6,0.96,,,,,,,,,,,,0.07,178.0,2.71,6.57,1.07,5.19,1.72,0.64,2.59,0.45,2.6,0.57,1.73,0.26,1.77,0.3,1.11,0.049,,,,,,,,,2.26,,0.34,0.19,0.513048,,,0.70415,,18.215,,15.505,,38.235,,,,,,,,,,,,,,,50809.0,
[4032],CONVERGENT MARGIN,NEW HEBRIDES ARC - VANUATU ARCHIPELAGO / BANKS ISLANDS / MERELAVA / MERELAVA,,-14.45,-14.45,168.0,168.0,SAE,,,s_MLM6 [4032],BASALT [4032],0 [4032],10000 [4032],,HOLOCENE [4032],,,,,VOL,,,,,WR [4032] ,51.8,0.68,,18.06,,9.96,,,11.12,5.01,0.17,,0.53,2.6,0.11,,,,,,,,,,,,,,,,-0.24,,,,,,,,,,,,,,,,,,,,,,,,,,,,37.0,,359.0,26.0,,,31.0,21.0,140.0,79.0,18.0,,,,,7.2,342.0,17.9,36.9,0.77,,,,,,,,,,,,0.24,209.0,2.81,6.67,1.02,5.5,1.72,0.67,2.82,0.46,2.87,0.6,1.76,0.31,1.81,0.31,1.06,0.051,,,,,,,,,2.88,,0.3,0.2,0.513056,,,0.70403,,18.143,,15.452,,38.036,,,,,,,,,,,,,,,50810.0,
[4032][10608],CONVERGENT MARGIN,NEW HEBRIDES ARC - VANUATU ARCHIPELAGO / BANKS ISLANDS / MERELAVA / MERELAVA,,-14.45,-14.45,168.0,168.0,SAE,,,s_MLM7 [4032],BASALT [4032],0 [4032],10000 [4032],,HOLOCENE [4032],,,,,VOL,,,,,WR [4032] ,51.37,0.5,,12.63,,9.22,,,12.36,11.65,0.16,,0.35,1.68,0.08,,,,,,,,,,,,,,,,0.12,,,,,,,,,,,,,,,0.19,9.2,,,,,,,,,,,,47.0,,264.0,514.0,,,44.0,118.0,99.0,65.0,13.0,,,,,5.3,203.0,12.9,25.1,0.68,,,,,,,,,,,,0.21,126.0,1.91,4.5,0.72,3.85,1.43,0.48,1.82,0.35,2.04,0.4,1.3,0.22,1.38,0.21,0.79,0.042,,,,,,,,,2.47,,0.23,0.17,0.513056,,,0.70415,,18.196,,15.515,,38.24,,,,,,,,0.283218,,,,,,,50811.0,
[4032][10608],CONVERGENT MARGIN,NEW HEBRIDES ARC - VANUATU ARCHIPELAGO / SOUTHERN NEW HEBRIDES ARC / FUTUNA,,-19.5,-19.5,170.2,170.2,SAE,,,s_FMAC18 [4032],BASALT [4032],1800000 [4032],3500000 [4032],,PLEISTOCENE [4032],,,,,VOL,,,,,WR [4032] ,51.35,1.0,,14.24,,8.82,,,10.46,10.66,0.15,,0.74,2.38,0.2,,,,,,,,,,,,,,,,1.04,,,,,,,,,,,,,,,0.65,7.0,,,,,,,,,,,,28.0,,193.0,524.0,,,41.0,217.0,64.0,63.0,14.0,,,,,12.8,413.0,18.2,93.7,5.71,,,,,,,,,,,,0.26,89.0,9.26,20.4,2.76,12.3,3.01,0.96,3.09,0.49,2.98,0.6,1.74,0.28,1.78,0.28,2.25,0.373,,,,,,,,,2.27,,1.27,0.5,0.513022,,,0.70326,,18.668,,15.515,,38.249,,,,,,,,0.283119,,,,,,,50812.0,
[10608],CONVERGENT MARGIN,NEW HEBRIDES ARC - VANUATU ARCHIPELAGO / SOUTH FIJI BASIN / SITE 205,HOLE 205,-25.5165,-25.5165,177.899,177.899,SAQ,,,s_32R-3 [10608],THOLEIITIC BASALT [10608],33000000 [10608],33000000 [10608],,OLIGOCENE [10608],,,,,VOL,,,,,WR [10608] ,50.02,1.4,,16.2,,,,9.33,10.66,7.39,0.14,,0.68,2.95,0.19,,,,,,,,,,,,,,,,,,,,,,,,,,,,,,,,,,,,,,,,,,,,33.0,,269.0,259.0,,,47.0,218.0,61.0,65.0,15.4,,,,,7.3,146.0,28.0,90.4,3.39,,,,,,,,,,,,0.31,34.9,4.85,12.74,2.04,10.0,3.16,1.12,3.61,0.65,4.15,0.91,2.73,0.44,2.55,0.41,2.23,0.163,,,,,,,,,0.79,,0.314,0.24,0.513062,,,0.703236,,18.956,,15.551,,38.426,,,,,,,,0.283125,,,,,,,509731.0,
[10608],CONVERGENT MARGIN,NEW HEBRIDES ARC - VANUATU ARCHIPELAGO / SOUTH FIJI BASIN / SITE 285,HOLE 285A,-26.8193,-26.8193,175.804,175.804,SAQ,-4674.0,-4674.0,s_9R-4 [10608],THOLEIITIC BASALT [10608],27000000 [10608],27000000 [10608],,OLIGOCENE [10608],,,,,VOL,,,,,WR [10608] ,50.18,2.04,,13.92,,,,11.92,10.02,6.6,0.2,,0.05,3.16,0.22,,,,,,,,,,,,,,,,,,,,,,,,,,,,,,,,,,,,,,,,,,,,39.2,,339.0,54.0,,,44.0,58.0,71.0,104.0,18.5,,,,,1.4,107.0,47.6,131.5,4.74,,,,,,,,,,,,0.08,12.9,5.0,14.54,2.49,12.97,4.51,1.62,5.52,1.07,6.72,1.49,4.33,0.68,4.49,0.68,3.43,0.178,,,,,,,,,1.09,,0.311,0.12,0.513098,,,0.70249,,18.673,,15.52,,38.192,,,,,,,,0.283161,,,,,,,509732.0,
[6302][2950],CONVERGENT MARGIN,NEW HEBRIDES ARC - VANUATU ARCHIPELAGO / CENTRAL NEW HEBRIDES ARC / AMBRYM (=AMBRIM) / AMBRYM,,-16.25,-16.25,168.13,168.13,SAE,,,s_AMB8 [6302],BASALT [6302],,,,,,,,,VOL,,,,,WR [6302] ,50.4,0.93,,15.9,,,,11.28,10.0,4.9,0.22,,1.9,2.74,0.34,,,,,,,,,,,,,,,,-0.59,,,,,,,,,,,,,,,,,,,,,,,,,,,,32.0,,350.0,15.0,,,40.0,28.0,,,,,,,,3.4,615.0,21.0,73.0,2.6,,,,,,,,,,,,,393.0,11.3,,,15.5,,1.3,,,3.7,,2.5,,1.92,,,,,,,,,,,,,,1.49,0.53,,,,,,,,,,,,,,,,,,,,,,,,,51344.0,
[3790][3097][3886],CONVERGENT MARGIN,NEW HEBRIDES ARC - VANUATU ARCHIPELAGO / SOUTHERN NEW HEBRIDES ARC / ERROMANGO (=EROMANGA),ROBERTSON^S THUMB,-18.6,-18.6,169.06,169.06,SAE,,,s_D(E16) [3790] / s_E16 [3097],BASALT [3790],,,,,,,,,VOL,,,,,WR [3790] ,48.72,0.64,,18.7,,5.95,4.68,,10.95,4.95,0.19,,0.85,2.24,0.17,,0.37,1.01,,,,,,,,,,,,,,,,,,,,,,,,,,,,,,,,,,,,,,,,,32.0,,330.0,57.0,,,37.0,28.0,50.0,82.0,,,,,,9.6,500.0,16.1,32.0,1.6,,,,,,,,,,,,,153.0,3.8,8.8,,,2.0,0.69,,0.38,,,,,1.51,0.28,0.98,0.02,,,,,,,,,,,0.29,,,,,,,,,,,,,,,,,,,,,,,,,,51888.0,
[3790][3097][3886],CONVERGENT MARGIN,NEW HEBRIDES ARC - VANUATU ARCHIPELAGO / SOUTHERN NEW HEBRIDES ARC / ERROMANGO (=EROMANGA),ROBERTSON^S THUMB,-18.6,-18.6,169.06,169.06,SAE,,,s_F(E40) [3790] / s_E40 [3097],BASALT [3790],,,,,,,,,VOL,,,,,WR [3790] ,53.96,0.56,,19.6,,3.52,4.42,,8.27,2.87,0.17,,1.29,3.02,0.24,,0.5,1.33,,,,,,,,,,,,,,,,,,,,,,,,,,,,,,,,,,,,,,,,,17.0,,160.0,10.0,,,19.0,8.0,70.0,80.0,,,,,,19.8,445.0,21.1,52.0,1.1,,,,,,,,,,,,,213.0,5.0,12.3,,,2.5,0.85,,0.45,,,,,1.92,0.38,1.48,0.06,,,,,,,,,,,0.5,,,,,,,,,,,,,,,,,,,,,,,,,,51889.0,
[3790][3886],CONVERGENT MARGIN,NEW HEBRIDES ARC - VANUATU ARCHIPELAGO / SOUTHERN NEW HEBRIDES ARC / ERROMANGO (=EROMANGA),ROBERTSON^S THUMB,-18.6,-18.6,169.06,169.06,SAE,,,s_B(E15) [3790] / s_E15 [3886],BASALT [3790],,,,,,,,,VOL,,,,,WR [3790] ,48.03,0.64,,15.66,,5.64,5.03,,12.85,7.4,0.24,,0.83,1.8,0.17,,0.84,1.21,,,,,,,,,,,,,,,,,,,,,,,,,,,,,,,,,,,,,,,,,,,338.0,225.0,,,48.0,55.0,141.0,72.0,,,,,,10.0,399.0,16.1,34.0,,,,,,,,,,,,,,,,,,,,,,,,,,,,,0.91,,,,,,,,,,,,0.3,,,,,,,,,,,,,,,,,,,,,,,,,,53202.0,
[3790][3886],CONVERGENT MARGIN,NEW HEBRIDES ARC - VANUATU ARCHIPELAGO / SOUTHERN NEW HEBRIDES ARC / ERROMANGO (=EROMANGA),ROBERTSON^S THUMB,-18.6,-18.6,169.06,169.06,SAE,,,s_E(E10) [3790] / s_E10 [3886],BASALT [3790],,,,,,,,,VOL,,,,,WR [3790] ,52.27,0.63,,18.0,,5.13,4.28,,9.85,4.82,0.19,,0.77,2.23,0.17,,0.6,0.83,,,,,,,,,,,,,,,,,,,,,,,,,,,,,,,,,,,,,,,,,28.6,,243.0,36.0,,,28.0,20.0,51.0,78.0,,,,,,10.1,392.0,,39.0,,,,,,,,,,,,,,199.0,,,,,,,,,,,,,,,1.03,,,,,,,,,,,,0.39,,,,,,,,,,,,,,,,,,,,,,,,,,53206.0,
[3886][3787],CONVERGENT MARGIN,NEW HEBRIDES ARC - VANUATU ARCHIPELAGO / SOUTHERN NEW HEBRIDES ARC / ERROMANGO (=EROMANGA) / MOUNT RANTOP,,-18.666,-18.833,169.333,169.333,SAE,,,s_E63 [3886],BASALT [3886],,,,PLIOCENE [3787],,,,,VOL,,,,,WR [3886] ,51.45,0.67,,18.5,,3.29,6.26,,9.44,3.86,0.18,,0.95,2.59,0.21,,0.42,1.3,,,,,,,,,,,,,,,,,,,,,,,,,,,,,,,,,,,,,,,,,27.4,,250.0,38.0,,,27.0,12.0,,83.0,,,,,,15.5,438.0,19.1,44.0,1.6,,,,,,,,,,,,,186.0,4.1,10.2,,,2.3,0.81,,0.42,,,,,1.6,0.28,1.29,,,,,,,,,,,,0.37,,,,,,,,,,,,,,,,,,,,,,,,,,53207.0,
[3886][3787],CONVERGENT MARGIN,NEW HEBRIDES ARC - VANUATU ARCHIPELAGO / SOUTHERN NEW HEBRIDES ARC / ERROMANGO (=EROMANGA) / MOUNT RANTOP,,-18.666,-18.833,169.333,169.333,SAE,,,s_E77 [3886],BASALT [3886],,,,PLIOCENE [3787],,,,,VOL,,,,,WR [3886] ,54.55,0.59,,19.8,,3.4,4.14,,8.37,2.75,0.17,,1.08,2.96,0.22,,0.37,0.88,,,,,,,,,,,,,,,,,,,,,,,,,,,,,,,,,,,,,,,,,15.3,,152.0,10.0,,,22.0,7.0,70.0,80.0,,,,,,14.2,600.0,20.0,52.0,1.5,,,,,,,,,,,,,299.0,6.0,13.7,,,2.4,0.86,,0.46,,,,,1.8,0.34,1.36,,,,,,,,,,,,0.6,,,,,,,,,,,,,,,,,,,,,,,,,,53210.0,
[3886][3787],CONVERGENT MARGIN,NEW HEBRIDES ARC - VANUATU ARCHIPELAGO / SOUTHERN NEW HEBRIDES ARC / ERROMANGO (=EROMANGA) / MOUNT RANTOP,MONT RANTOP,-18.666,-18.833,169.166,169.333,SAE,,,s_E46 [3886],BASALT [3886],,,,,,,,,VOL,,,,,WR [3886] ,49.46,0.61,,17.4,,3.48,7.04,,12.13,6.92,0.19,,0.62,2.02,0.14,,0.03,0.39,,,,,,,,,,,,,,,,,,,,,,,,,,,,,,,,,,,,,,,,,48.5,,314.0,67.0,,,40.0,30.0,120.0,76.0,,,,,,6.9,301.0,15.7,29.0,1.4,,,,,,,,,,,,,151.0,3.1,7.1,,,2.0,0.65,,0.37,,,,,1.7,0.32,0.83,,,,,,,,,,,,0.26,,,,,,,,,,,,,,,,,,,,,,,,,,53211.0,
[3787][3886],CONVERGENT MARGIN,NEW HEBRIDES ARC - VANUATU ARCHIPELAGO / SOUTHERN NEW HEBRIDES ARC / ERROMANGO (=EROMANGA) / MOUNT RANTOP,MONT RANTOP,-18.666,-18.833,169.166,169.333,SAE,,,s_E47 [3787],BASALT [3787],,,,,,,,,VOL,,,,,WR [3787] ,51.05,0.68,,17.46,,4.66,6.38,,9.8,5.0,0.19,,0.48,2.71,0.16,,0.1,0.46,,,,,,,,,,,,,,,,,,,,,,,,,,,,,,,,,,,,,,,,,41.3,,362.0,18.0,,,36.0,19.0,150.0,85.0,,,,,,5.0,452.0,15.3,25.0,1.3,,,,,,,,,,,,,,3.4,8.3,,,2.2,0.78,,0.44,,,,,2.0,0.35,0.79,,,,,,,,,,,,0.28,,,,,,,,,,,,,,,,,,,,,,,,,,53212.0,
[3886][3787],CONVERGENT MARGIN,NEW HEBRIDES ARC - VANUATU ARCHIPELAGO / SOUTHERN NEW HEBRIDES ARC / ERROMANGO (=EROMANGA) / MOUNT RANTOP,MONT RANTOP,-18.666,-18.833,169.166,169.333,SAE,,,s_E53 [3886],BASALT [3886],,,,,,,,,VOL,,,,,WR [3886] ,51.25,0.72,,18.0,,3.51,6.9,,9.66,4.49,0.18,,0.61,2.97,0.18,,0.1,0.48,,,,,,,,,,,,,,,,,,,,,,,,,,,,,,,,,,,,,,,,,34.7,,325.0,32.0,,,30.0,17.0,177.0,82.0,,,,,,7.1,485.0,21.2,36.0,2.2,,,,,,,,,,,,,178.0,4.6,9.9,,,2.4,0.81,,0.45,,,,,2.1,0.37,1.06,,,,,,,,,,,,0.35,,,,,,,,,,,,,,,,,,,,,,,,,,53213.0,
[4051],CONVERGENT MARGIN,NEW HEBRIDES ARC - VANUATU ARCHIPELAGO / BANKS ISLANDS / MERELAVA / MERELAVA,,-14.45,-14.45,168.0,168.0,SAE,,,s_31551 [4051],THOLEIITIC BASALT [4051],,,,,,,,,VOL,,,,,WR [4051] ,51.33,0.59,,13.1,,2.4,6.04,,12.45,10.67,0.22,,0.35,1.78,0.07,,,,,,,,,,,,,,,,0.62,,,,,,,,,,,,,,,,,,,,,,,,,,,,,,,,,,,,,,,,,,,,,,,,,,,,,,,,,,,,,,,,,,,,,,,,,,,,,,,,,,,,,,,,,,,,,,,,,,,,,,,,,,,,,,,,,55265.0,
[4052],CONVERGENT MARGIN,NEW HEBRIDES ARC - VANUATU ARCHIPELAGO / CENTRAL NEW HEBRIDES ARC / EPI / EAST EPI,,-16.89,-16.89,168.3,168.3,SAE,,,s_71041 [4052],BASALT [4052],,,,,,,,,VOL,,,,,WR [4052] ,47.8,0.63,,17.3,,10.6,,,13.2,6.47,0.18,,0.35,2.09,0.12,,,,,,,,,,,,,,,,0.31,,,,,,,,,,,,,,,,,,,,,,,,,,,,46.0,,399.0,448.0,,,,97.0,,,,,,,,6.0,357.0,11.8,15.5,0.0,,,,,,,,,,,,,160.0,5.3,11.3,1.86,7.89,2.18,0.73,2.23,,2.91,,1.87,,1.59,,,,,,,,,,,,,,,,,,,,,,,,,,,,,,,,,,,,,,,,55267.0,
[15662],CONVERGENT MARGIN,NEW HEBRIDES ARC - VANUATU ARCHIPELAGO / CENTRAL NEW HEBRIDES ARC / AOBA (=AMBAE) / AOBA (=AMBAE),WAIMEURI,-15.38,-15.38,167.83,167.83,SAE,,,s_AO4 [15662],PICRITE [15662],,,,,,,,,VOL,,,,,WR [15662] ,49.6,0.72,,14.12,,,,9.96,11.63,9.73,0.18,,1.41,2.39,0.25,,,,,,,,,,,,,,,,,,,,,,,,,,,,,,,,,,,,,,,,,,,,,,,,,,,,,,,,,,,22.4,665.0,16.4,55.7,1.2,,,,,,,,,,,,,412.0,13.3,28.6,,16.9,3.9,,3.3,0.5,2.9,0.6,1.6,,1.6,0.3,1.6,,,,,,,,,,6.2,,1.9,0.7,,,,,,,,,,,,,,,,,,,,,,,,,560611.0,
[15662],CONVERGENT MARGIN,NEW HEBRIDES ARC - VANUATU ARCHIPELAGO / CENTRAL NEW HEBRIDES ARC / AOBA (=AMBAE) / AOBA (=AMBAE),VUREAS,-15.38,-15.38,167.83,167.83,SAE,,,s_AO6 [15662],PICRITE [15662],,,,,,,,,VOL,,,,,WR [15662] ,47.49,0.57,,9.89,,,,10.17,10.65,18.01,0.19,,1.08,1.74,0.22,,,,,,,,,,,,,,,,,,,,,,,,,,,,,,,,,,,,,,,,,,,,,,,,,,,,,,,,,,,22.1,508.0,11.9,43.0,0.8,,,,,,,,,,,,,231.0,9.8,21.6,,13.6,3.2,,2.7,0.4,2.2,0.4,1.1,,1.1,0.2,1.3,,,,,,,,,,3.2,,1.2,0.5,,,,,,,,,,,,,,,,,,,,,,,,,560612.0,
[15662],CONVERGENT MARGIN,NEW HEBRIDES ARC - VANUATU ARCHIPELAGO / CENTRAL NEW HEBRIDES ARC / AOBA (=AMBAE) / AOBA (=AMBAE),AMBAEBULU,-15.38,-15.38,167.83,167.83,SAE,,,s_AO12 [15662],PICRITE [15662],,,,,,,,,VOL,,,,,WR [15662] ,47.72,0.6,,11.16,,,,10.38,10.46,16.28,0.19,,1.07,1.94,0.19,,,,,,,,,,,,,,,,,,,,,,,,,,,,,,,,,,,,,,,,,,,,,,,,,,,,,,,,,,,16.5,565.0,12.4,41.5,0.8,,,,,,,,,,,,,322.0,9.1,19.6,,12.2,2.8,,2.5,0.4,2.2,0.4,1.2,,1.2,0.2,1.3,,,,,,,,,,4.4,,1.3,0.5,,,,,,,,,,,,,,,,,,,,,,,,,560614.0,
[15662],CONVERGENT MARGIN,NEW HEBRIDES ARC - VANUATU ARCHIPELAGO / CENTRAL NEW HEBRIDES ARC / AOBA (=AMBAE) / AOBA (=AMBAE),AIRPORT,-15.38,-15.38,167.83,167.83,SAE,,,s_AO13 [15662],PICRITE [15662],,,,,,,,,VOL,,,,,WR [15662] ,47.91,0.61,,11.33,,,,10.13,10.77,15.91,0.19,,1.03,1.92,0.2,,,,,,,,,,,,,,,,,,,,,,,,,,,,,,,,,,,,,,,,,,,,,,,,,,,,,,,,,,,16.6,536.0,12.6,42.0,0.8,,,,,,,,,,,,,296.0,9.9,21.3,,13.0,3.0,,2.6,0.4,2.3,0.4,1.3,,1.3,0.2,1.2,,,,,,,,,,2.7,,1.4,0.6,,,,,,,,,,,,,,,,,,,,,,,,,560615.0,
[15662],CONVERGENT MARGIN,NEW HEBRIDES ARC - VANUATU ARCHIPELAGO / CENTRAL NEW HEBRIDES ARC / AOBA (=AMBAE) / AOBA (=AMBAE),REDCLIFF,-15.38,-15.38,167.83,167.83,SAE,,,s_AO19 [15662],PICRITE [15662],,,,,,,,,VOL,,,,,WR [15662] ,47.08,0.51,,9.36,,,,10.26,10.74,19.25,0.19,,0.91,1.52,0.18,,,,,,,,,,,,,,,,,,,,,,,,,,,,,,,,,,,,,,,,,,,,,,,,,,,,,,,,,,,14.6,471.0,10.7,35.3,0.7,,,,,,,,,,,,,255.0,9.4,19.8,,12.2,2.8,,2.4,0.3,2.0,0.4,1.0,,1.1,0.2,1.1,,,,,,,,,,3.7,,1.3,0.5,,,,,,,,,,,,,,,,,,,,,,,,,560618.0,
[3090],CONVERGENT MARGIN,NEW HEBRIDES ARC - VANUATU ARCHIPELAGO / CENTRAL NEW HEBRIDES ARC / AOBA (=AMBAE) / AOBA (=AMBAE),,-15.38,-15.38,167.83,167.83,SAE,,,s_516 [3090],BASALT [3090],,,,,,,,,VOL,,,,,WR [3090] ,50.84,0.89,,16.39,,1.76,8.79,,10.72,5.94,0.21,,1.18,3.03,0.26,,,,,,,,,,,,,,,,0.71,,,,,,,,,,,,,,,,,,,,,,,,,,,,35.0,,460.0,91.0,,,,32.0,,,,,,,,20.2,538.0,26.5,63.0,2.06,,,,,,,,,,,,,430.0,8.85,30.7,2.75,12.82,3.16,1.04,3.49,0.6,3.63,0.77,2.23,,2.18,,1.73,,,,,,,,,,,,1.18,0.41,,,,,,,,,,,,,,,,,,,,,,,,,63731.0,
[3090],CONVERGENT MARGIN,NEW HEBRIDES ARC - VANUATU ARCHIPELAGO / CENTRAL NEW HEBRIDES ARC / TONGOA / TONGOA,POINT NORTH OF NAMPAHIHA,-17.9333,-17.9333,-168.52,-168.52,SAE,,,s_697 [3090],"BASALT, OLIVINE [3090]",,,,,,,,,VOL,,,,,WR [3090] ,49.42,0.6,,13.14,,1.83,9.16,,12.77,9.37,0.2,,1.45,1.76,0.3,,,,,,,,,,,,,,,,0.64,,,,,,,,,,,,,,,,,,,,,,,,,,,,31.0,,250.0,260.0,,,,46.0,,,,,,,,35.5,539.0,17.1,57.0,1.15,,,,,,,,,,,,,160.0,8.71,20.7,2.71,12.29,2.65,0.84,,0.42,2.26,0.46,1.21,,1.07,,,,,,,,,,,,,,1.67,0.6,,,,,,,,,,,,,,,,,,,,,,,,,63745.0,
[4533],CONVERGENT MARGIN,NEW HEBRIDES ARC - VANUATU ARCHIPELAGO / NORTH FIJI BASIN / DREDGE 2,AXIAL GRABEN,-16.911,-16.9778,173.911,173.917,SAQ,-1960.0,-1979.0,s_K4 [4533],BASALT [4533],,,,,,,,,VOL,,,S,,GL [4533] / WR [4533] ,50.22,1.51,,15.05,0.02,11.22,,9.92,11.6,7.31,0.21,,0.11,3.14,0.12,,-0.46,0.09,,,,,,,,,,,,,,,,,,,,,,,,,,,,,,,,,,,,,,,,,,,285.0,126.0,,,40.0,53.0,88.0,86.0,,,,,,5.0,128.0,,,,,,,,,,,,,,,,40.0,3.28,10.22,1.61,9.17,3.09,1.17,4.35,0.74,0.51,1.11,3.25,0.47,3.05,0.46,,,,,,,,,,,,,,,,,,,,,,,,,,,,,,,,,,,,,,,67781.0,
[4533],CONVERGENT MARGIN,NEW HEBRIDES ARC - VANUATU ARCHIPELAGO / NORTH FIJI BASIN / DREDGE TOW A,AXIAL GRABEN,-16.976,-16.9845,173.9126,173.924,SAQ,-1935.0,-1970.0,s_K4B [4533],BASALT [4533],,,,,,,,,VOL,,,,,GL [4533] / WR [4533] ,48.42,2.0,,18.05,0.04,7.82,,8.88,11.07,9.01,0.14,,0.78,2.43,0.29,,-0.44,0.26,,,,,,,,,,,,,,,,,,,,,,,,,,,,,,,,,,,,,,,,,,,180.0,56.0,,,36.0,150.0,78.0,90.0,,,,,,18.0,269.0,,,,,,,,,,,,,,,,232.0,,,,,,,,,,,,,,,,,,,,,,,,,,,,,,,,,,,,,,,,,,,,,,,,,,,,,67783.0,
[1319],CONVERGENT MARGIN,NEW HEBRIDES ARC - VANUATU ARCHIPELAGO / SOUTHERN NEW HEBRIDES ARC / TANNA (=TANUA) / YASUR(=YASOWA),,-19.53,-19.53,169.27,169.27,SAE,,,s_A [1319],"ANDESITE, ANDESINE [1319]",,,,,,,,,VOL,,,,,WR [1319] ,53.94,0.94,,19.12,,4.03,,,8.36,2.91,0.12,,2.41,3.93,0.19,,0.07,0.05,,,,,,,,,,,,,,,,,,,,,,,,,,,,,,,,,,,,,,,,,,,,,,,,,,,,,,,,,,,,,,,,,,,,,,,,,,,,,,,,,,,,,,,,,,,,,,,,,,,,,,,,,,,,,,,,,,,,,,,,,,,,,,68573.0,
[1319],CONVERGENT MARGIN,NEW HEBRIDES ARC - VANUATU ARCHIPELAGO / SOUTHERN NEW HEBRIDES ARC / TANNA (=TANUA) / YASUR(=YASOWA),,-19.53,-19.53,169.27,169.27,SAE,,,s_B [1319],"ANDESITE, ANDESINE [1319]",,,,,,,,,VOL,,,,,WR [1319] ,55.2,1.26,,18.36,,1.83,,,7.94,2.59,0.12,,2.31,3.76,,,0.18,0.26,,,,,,,,,,,,,,,,,,,,,,,,,,,,,,,,,,,,,,,,,,,,,,,,,,,,,,,,,,,,,,,,,,,,,,,,,,,,,,,,,,,,,,,,,,,,,,,,,,,,,,,,,,,,,,,,,,,,,,,,,,,,,,68574.0,
[4033],CONVERGENT MARGIN,NEW HEBRIDES ARC - VANUATU ARCHIPELAGO / CENTRAL NEW HEBRIDES ARC / AOBA (=AMBAE) / AOBA (=AMBAE),,-15.38,-15.38,167.83,167.83,SAE,,,s_68622 [4033],BASALT [4033],,,,,,,,,VOL,,,,,WR [4033] ,46.9,0.54,,9.35,,11.61,,,9.97,19.35,0.2,,0.84,1.27,0.17,,,,,,,,,,,,,,,,-0.21,,,,,,,,,,,,,,,,,,,,,,,,,,,,38.0,,254.0,1208.0,,,,445.0,127.0,80.0,11.0,,,,,12.0,490.0,12.0,34.0,1.5,,,,,,,,,,,,,329.0,8.0,19.0,,12.0,,,,,,,,,,,,,,,,,,,,,4.0,,0.0,,,,,,,,,,,,,,,,,,,,,,,,,,69668.0,
[4033],CONVERGENT MARGIN,NEW HEBRIDES ARC - VANUATU ARCHIPELAGO / CENTRAL NEW HEBRIDES ARC / AOBA (=AMBAE) / AOBA (=AMBAE),,-15.38,-15.38,167.83,167.83,SAE,,,s_68639 [4033],BASALT [4033],,,,,,,,,VOL,,,,,WR [4033] ,47.76,0.54,,11.18,,11.19,,,11.15,15.61,0.19,,0.89,1.64,0.18,,,,,,,,,,,,,,,,-0.42,,,,,,,,,,,,,,,,,,,,,,,,,,,,42.0,,297.0,882.0,,,,330.0,70.0,83.0,,,,,,15.0,526.0,14.0,36.0,1.5,,,,,,,,,,,,,330.0,11.0,17.0,,14.0,,,,,,,,,,,,,,,,,,,,,,,,,,,,,,,,,,,,,,,,,,,,,,,,,69671.0,
[4033],CONVERGENT MARGIN,NEW HEBRIDES ARC - VANUATU ARCHIPELAGO / CENTRAL NEW HEBRIDES ARC / AOBA (=AMBAE) / AOBA (=AMBAE),,-15.38,-15.38,167.83,167.83,SAE,,,s_68623 [4033],BASALT [4033],,,,,,,,,VOL,,,,,WR [4033] ,47.43,0.59,,11.18,,11.2,,,10.94,14.85,0.19,,1.18,1.84,0.23,,,,,,,,,,,,,,,,-0.32,,,,,,,,,,,,,,,,,,,,,,,,,,,,35.0,,297.0,745.0,,,,303.0,119.0,79.0,,,,,,21.0,641.0,16.0,45.0,2.0,,,,,,,,,,,,,470.0,13.0,29.0,,17.0,,,,,,,,,,,,,,,,,,,,,4.0,,3.0,,,,,,,,,,,,,,,,,,,,,,,,,,69672.0,
[4033],CONVERGENT MARGIN,NEW HEBRIDES ARC - VANUATU ARCHIPELAGO / CENTRAL NEW HEBRIDES ARC / AOBA (=AMBAE) / AOBA (=AMBAE),,-15.38,-15.38,167.83,167.83,SAE,,,s_68583 [4033],BASALT [4033],,,,,,,,,VOL,,,,,WR [4033] ,47.68,0.59,,11.34,,11.39,,,11.15,14.83,0.19,,1.04,1.66,0.22,,,,,,,,,,,,,,,,-0.18,,,,,,,,,,,,,,,,,,,,,,,,,,,,40.0,,288.0,789.0,,,,281.0,,,,,,,,20.0,557.0,15.0,46.0,2.0,,,,,,,,,,,,,347.0,13.0,24.0,,16.0,,,,,,,,,,,,,,,,,,,,,,,,,,,,,,,,,,,,,,,,,,,,,,,,,69673.0,
[4033],CONVERGENT MARGIN,NEW HEBRIDES ARC - VANUATU ARCHIPELAGO / CENTRAL NEW HEBRIDES ARC / AOBA (=AMBAE) / AOBA (=AMBAE),,-15.38,-15.38,167.83,167.83,SAE,,,s_68642 [4033],BASALT [4033],,,,,,,,,VOL,,,,,WR [4033] ,48.01,0.56,,11.44,,11.14,,,11.53,14.74,0.2,,0.9,1.77,0.17,,,,,,,,,,,,,,,,0.49,,,,,,,,,,,,,,,,,,,,,,,,,,,,40.0,,283.0,790.0,,,,302.0,80.0,78.0,,,,,,15.0,542.0,17.0,37.0,2.0,,,,,,,,,,,,,363.0,8.0,19.0,,13.0,,,,,,,,,,,,,,,,,,,,,,,,,,,,,,,,,,,,,,,,,,,,,,,,,69674.0,
[4033],CONVERGENT MARGIN,NEW HEBRIDES ARC - VANUATU ARCHIPELAGO / CENTRAL NEW HEBRIDES ARC / AOBA (=AMBAE) / AOBA (=AMBAE),,-15.38,-15.38,167.83,167.83,SAE,,,s_68626 [4033],BASALT [4033],,,,,,,,,VOL,,,,,WR [4033] ,48.17,0.6,,11.67,,11.11,,,10.63,14.27,0.19,,1.23,1.99,0.23,,,,,,,,,,,,,,,,0.19,,,,,,,,,,,,,,,,,,,,,,,,,,,,38.0,,297.0,741.0,,,,297.0,46.0,80.0,,,,,,19.0,643.0,17.0,45.0,1.5,,,,,,,,,,,,,415.0,12.0,26.0,,16.0,,,,,,,,,,,,,,,,,,,,,,,,,,,,,,,,,,,,,,,,,,,,,,,,,69675.0,
[4033],CONVERGENT MARGIN,NEW HEBRIDES ARC - VANUATU ARCHIPELAGO / CENTRAL NEW HEBRIDES ARC / AOBA (=AMBAE) / AOBA (=AMBAE),,-15.38,-15.38,167.83,167.83,SAE,,,s_68564 [4033],BASALT [4033],,,,,,,,,VOL,,,,,WR [4033] ,48.01,0.64,,12.19,,11.07,,,11.2,13.49,0.19,,1.19,1.78,0.23,,,,,,,,,,,,,,,,-0.1,,,,,,,,,,,,,,,,,,,,,,,,,,,,38.0,,324.0,748.0,,,,266.0,169.0,81.0,,,,,,20.0,683.0,16.0,48.0,1.5,,,,,,,,,,,,,417.0,11.0,26.0,,17.0,,,,,,,,,,,,,,,,,,,,,5.0,,3.0,,,,,,,,,,,,,,,,,,,,,,,,,,69676.0,
[4033],CONVERGENT MARGIN,NEW HEBRIDES ARC - VANUATU ARCHIPELAGO / CENTRAL NEW HEBRIDES ARC / AOBA (=AMBAE) / AOBA (=AMBAE),,-15.38,-15.38,167.83,167.83,SAE,,,s_68605 [4033],BASALT [4033],,,,,,,,,VOL,,,,,WR [4033] ,48.1,0.64,,12.66,,11.39,,,11.04,13.02,0.19,,1.1,1.84,0.23,,,,,,,,,,,,,,,,-0.19,,,,,,,,,,,,,,,,,,,,,,,,,,,,39.0,,325.0,669.0,,,,256.0,77.0,80.0,,,,,,16.0,632.0,16.0,45.0,1.5,,,,,,,,,,,,,375.0,12.0,24.0,,16.0,,,,,,,,,,,,,,,,,,,,,,,,,,,,,,,,,,,,,,,,,,,,,,,,,69677.0,
[4033],CONVERGENT MARGIN,NEW HEBRIDES ARC - VANUATU ARCHIPELAGO / CENTRAL NEW HEBRIDES ARC / AOBA (=AMBAE) / AOBA (=AMBAE),,-15.38,-15.38,167.83,167.83,SAE,,,s_68635 [4033],BASALT [4033],,,,,,,,,VOL,,,,,WR [4033] ,48.92,0.7,,13.76,,11.19,,,11.21,10.77,0.2,,1.28,2.14,0.26,,,,,,,,,,,,,,,,-0.23,,,,,,,,,,,,,,,,,,,,,,,,,,,,35.0,,353.0,482.0,,,,190.0,206.0,86.0,,,,,,23.0,763.0,19.0,52.0,2.5,,,,,,,,,,,,,446.0,15.0,29.0,,19.0,,,,,,,,,,,,,,,,,,,,,,,,,,,,,,,,,,,,,,,,,,,,,,,,,69679.0,
[4033],CONVERGENT MARGIN,NEW HEBRIDES ARC - VANUATU ARCHIPELAGO / CENTRAL NEW HEBRIDES ARC / AOBA (=AMBAE) / AOBA (=AMBAE),,-15.38,-15.38,167.83,167.83,SAE,,,s_68562 [4033],BASALT [4033],,,,,,,,,VOL,,,,,WR [4033] ,48.96,0.72,,13.9,,11.13,,,11.5,9.95,0.2,,1.31,2.22,0.26,,,,,,,,,,,,,,,,-0.23,,,,,,,,,,,,,,,,,,,,,,,,,,,,36.0,,355.0,347.0,,,,145.0,135.0,85.0,16.0,,,,,22.0,673.0,17.0,53.0,2.5,,,,,,,,,,,,,445.0,13.0,27.0,,15.0,,,,,,,,,,,,,,,,,,,,,8.0,,0.0,,,,,,,,,,,,,,,,,,,,,,,,,,69692.0,
[4033],CONVERGENT MARGIN,NEW HEBRIDES ARC - VANUATU ARCHIPELAGO / CENTRAL NEW HEBRIDES ARC / AOBA (=AMBAE) / AOBA (=AMBAE),,-15.38,-15.38,167.83,167.83,SAE,,,s_68615 [4033],BASALT [4033],,,,,,,,,VOL,,,,,WR [4033] ,49.03,0.75,,14.48,,11.16,,,12.14,8.62,0.18,,1.17,2.34,0.25,,,,,,,,,,,,,,,,-0.16,,,,,,,,,,,,,,,,,,,,,,,,,,,,41.0,,376.0,292.0,,,,113.0,84.0,74.0,,,,,,17.0,710.0,19.0,50.0,1.5,,,,,,,,,,,,,430.0,13.0,23.0,,16.0,,,,,,,,,,,,,,,,,,,,,,,,,,,,,,,,,,,,,,,,,,,,,,,,,69693.0,
[4033],CONVERGENT MARGIN,NEW HEBRIDES ARC - VANUATU ARCHIPELAGO / CENTRAL NEW HEBRIDES ARC / AOBA (=AMBAE) / AOBA (=AMBAE),,-15.38,-15.38,167.83,167.83,SAE,,,s_68584 [4033],BASALT [4033],,,,,,,,,VOL,,,,,WR [4033] ,49.59,0.75,,14.93,,11.01,,,12.39,7.67,0.19,,1.26,2.23,0.23,,,,,,,,,,,,,,,,0.03,,,,,,,,,,,,,,,,,,,,,,,,,,,,37.0,,374.0,212.0,,,,79.0,199.0,82.0,,,,,,18.0,732.0,19.0,52.0,1.0,,,,,,,,,,,,,485.0,12.0,26.0,,18.0,,,,,,,,,,,,,,,,,,,,,5.0,,2.0,,,,,,,,,,,,,,,,,,,,,,,,,,69694.0,
[4033],CONVERGENT MARGIN,NEW HEBRIDES ARC - VANUATU ARCHIPELAGO / CENTRAL NEW HEBRIDES ARC / AOBA (=AMBAE) / AOBA (=AMBAE),,-15.38,-15.38,167.83,167.83,SAE,,,s_68599 [4033],BASALT [4033],,,,,,,,,VOL,,,,,WR [4033] ,48.7,0.72,,15.87,,10.93,,,12.04,7.53,0.19,,0.91,2.43,0.2,,,,,,,,,,,,,,,,0.54,,,,,,,,,,,,,,,,,,,,,,,,,,,,42.0,,369.0,199.0,,,,75.0,,,,,,,,14.0,578.0,18.0,47.0,2.5,,,,,,,,,,,,,359.0,10.0,18.0,,12.0,,,,,,,,,,,,,,,,,,,,,,,,,,,,,,,,,,,,,,,,,,,,,,,,,69695.0,
[4033],CONVERGENT MARGIN,NEW HEBRIDES ARC - VANUATU ARCHIPELAGO / CENTRAL NEW HEBRIDES ARC / AOBA (=AMBAE) / AOBA (=AMBAE),,-15.38,-15.38,167.83,167.83,SAE,,,s_68565 [4033],BASALT [4033],,,,,,,,,VOL,,,,,WR [4033] ,50.38,0.79,,15.83,,10.52,,,11.68,6.58,0.18,,1.46,2.6,0.26,,,,,,,,,,,,,,,,-0.09,,,,,,,,,,,,,,,,,,,,,,,,,,,,37.0,,361.0,85.0,,,,63.0,156.0,78.0,,,,,,23.0,748.0,22.0,56.0,1.0,,,,,,,,,,,,,500.0,13.0,26.0,,17.0,,,,,,,,,,,,,,,,,,,,,,,,,,,,,,,,,,,,,,,,,,,,,,,,,69696.0,
[4033],CONVERGENT MARGIN,NEW HEBRIDES ARC - VANUATU ARCHIPELAGO / CENTRAL NEW HEBRIDES ARC / AOBA (=AMBAE) / AOBA (=AMBAE),,-15.38,-15.38,167.83,167.83,SAE,,,s_68610 [4033],BASALT [4033],,,,,,,,,VOL,,,,,WR [4033] ,49.3,0.86,,15.97,,11.85,,,11.17,6.51,0.2,,1.38,2.91,0.27,,,,,,,,,,,,,,,,-0.03,,,,,,,,,,,,,,,,,,,,,,,,,,,,34.0,,403.0,104.0,,,,55.0,95.0,83.0,,,,,,18.0,727.0,20.0,57.0,2.5,,,,,,,,,,,,,513.0,13.0,30.0,,18.0,,,,,,,,,,,,,,,,,,,,,5.0,,3.0,,,,,,,,,,,,,,,,,,,,,,,,,,69697.0,
[4033],CONVERGENT MARGIN,NEW HEBRIDES ARC - VANUATU ARCHIPELAGO / CENTRAL NEW HEBRIDES ARC / AOBA (=AMBAE) / AOBA (=AMBAE),,-15.38,-15.38,167.83,167.83,SAE,,,s_68634 [4033],BASALT [4033],,,,,,,,,VOL,,,,,WR [4033] ,49.87,0.83,,16.11,,11.0,,,10.87,6.38,0.18,,1.54,3.13,0.29,,,,,,,,,,,,,,,,-0.04,,,,,,,,,,,,,,,,,,,,,,,,,,,,31.0,,401.0,131.0,,,,70.0,197.0,80.0,,,,,,23.0,790.0,20.0,60.0,1.5,,,,,,,,,,,,,543.0,16.0,34.0,,19.0,,,,,,,,,,,,,,,,,,,,,8.0,,0.0,,,,,,,,,,,,,,,,,,,,,,,,,,69698.0,
[4033],CONVERGENT MARGIN,NEW HEBRIDES ARC - VANUATU ARCHIPELAGO / CENTRAL NEW HEBRIDES ARC / AOBA (=AMBAE) / AOBA (=AMBAE),,-15.38,-15.38,167.83,167.83,SAE,,,s_68606 [4033],BASALT [4033],,,,,,,,,VOL,,,,,WR [4033] ,49.49,0.85,,16.46,,11.15,,,10.74,6.28,0.19,,1.63,2.93,0.32,,,,,,,,,,,,,,,,0.33,,,,,,,,,,,,,,,,,,,,,,,,,,,,33.0,,389.0,163.0,,,,71.0,187.0,87.0,,,,,,32.0,773.0,21.0,68.0,3.0,,,,,,,,,,,,,488.0,16.0,32.0,,21.0,,,,,,,,,,,,,,,,,,,,,6.0,,0.0,,,,,,,,,,,,,,,,,,,,,,,,,,69699.0,
[4033],CONVERGENT MARGIN,NEW HEBRIDES ARC - VANUATU ARCHIPELAGO / CENTRAL NEW HEBRIDES ARC / AOBA (=AMBAE) / AOBA (=AMBAE),,-15.38,-15.38,167.83,167.83,SAE,,,s_68627 [4033],BASALT [4033],,,,,,,,,VOL,,,,,WR [4033] ,49.09,0.79,,16.23,,11.52,,,11.54,5.91,0.2,,1.45,2.76,0.27,,,,,,,,,,,,,,,,-0.11,,,,,,,,,,,,,,,,,,,,,,,,,,,,34.0,,400.0,31.0,,,,49.0,221.0,85.0,,,,,,22.0,774.0,21.0,56.0,1.0,,,,,,,,,,,,,508.0,15.0,29.0,,18.0,,,,,,,,,,,,,,,,,,,,,9.0,,0.0,,,,,,,,,,,,,,,,,,,,,,,,,,69700.0,
[4033],CONVERGENT MARGIN,NEW HEBRIDES ARC - VANUATU ARCHIPELAGO / CENTRAL NEW HEBRIDES ARC / AOBA (=AMBAE) / AOBA (=AMBAE),,-15.38,-15.38,167.83,167.83,SAE,,,s_68637 [4033],BASALT [4033],,,,,,,,,VOL,,,,,WR [4033] ,50.02,0.84,,16.53,,10.97,,,10.78,5.9,0.19,,1.53,3.2,0.27,,,,,,,,,,,,,,,,0.04,,,,,,,,,,,,,,,,,,,,,,,,,,,,29.0,,429.0,99.0,,,,57.0,193.0,83.0,,,,,,24.0,819.0,20.0,60.0,1.5,,,,,,,,,,,,,546.0,14.0,27.0,,18.0,,,,,,,,,,,,,,,,,,,,,6.0,,0.0,,,,,,,,,,,,,,,,,,,,,,,,,,69701.0,
[4033],CONVERGENT MARGIN,NEW HEBRIDES ARC - VANUATU ARCHIPELAGO / CENTRAL NEW HEBRIDES ARC / AOBA (=AMBAE) / AOBA (=AMBAE),,-15.38,-15.38,167.83,167.83,SAE,,,s_68588 [4033],BASALT [4033],,,,,,,,,VOL,,,,,WR [4033] ,49.37,0.85,,16.46,,11.58,,,10.83,5.39,0.2,,1.75,2.93,0.3,,,,,,,,,,,,,,,,0.22,,,,,,,,,,,,,,,,,,,,,,,,,,,,29.0,,418.0,20.0,,,,40.0,186.0,88.0,18.0,,,,,28.0,938.0,21.0,65.0,2.0,,,,,,,,,,,,,597.0,17.0,34.0,,21.0,,,,,,,,,,,,,,,,,,,,,11.0,,3.0,,,,,,,,,,,,,,,,,,,,,,,,,,69702.0,
[4033],CONVERGENT MARGIN,NEW HEBRIDES ARC - VANUATU ARCHIPELAGO / CENTRAL NEW HEBRIDES ARC / AOBA (=AMBAE) / AOBA (=AMBAE),,-15.38,-15.38,167.83,167.83,SAE,,,s_68576 [4033],BASALT [4033],,,,,,,,,VOL,,,,,WR [4033] ,49.65,1.0,,16.98,,12.17,,,10.12,4.58,0.21,,1.45,3.01,0.29,,,,,,,,,,,,,,,,0.25,,,,,,,,,,,,,,,,,,,,,,,,,,,,33.0,,437.0,20.0,,,,27.0,235.0,98.0,,,,,,27.0,654.0,26.0,76.0,2.5,,,,,,,,,,,,,467.0,15.0,30.0,,17.0,,,,,,,,,,,,,,,,,,,,,5.0,,0.0,,,,,,,,,,,,,,,,,,,,,,,,,,69703.0,
[4033],CONVERGENT MARGIN,NEW HEBRIDES ARC - VANUATU ARCHIPELAGO / CENTRAL NEW HEBRIDES ARC / AOBA (=AMBAE) / AOBA (=AMBAE),,-15.38,-15.38,167.83,167.83,SAE,,,s_68566 [4033],BASALT [4033],,,,,,,,,VOL,,,,,WR [4033] ,47.11,0.58,,10.7,,11.24,,,11.29,15.6,0.19,,1.4,1.4,0.31,,,,,,,,,,,,,,,,0.06,,,,,,,,,,,,,,,,,,,,,,,,,,,,40.0,,272.0,850.0,,,,298.0,115.0,75.0,,,,,,42.0,645.0,17.0,57.0,1.5,,,,,,,,,,,,,409.0,15.0,32.0,,19.0,,,,,,,,,,,,,,,,,,,,,,,,,,,,,,,,,,,,,,,,,,,,,,,,,69704.0,
[4033],CONVERGENT MARGIN,NEW HEBRIDES ARC - VANUATU ARCHIPELAGO / CENTRAL NEW HEBRIDES ARC / AOBA (=AMBAE) / AOBA (=AMBAE),,-15.38,-15.38,167.83,167.83,SAE,,,s_68567 [4033],BASALT [4033],,,,,,,,,VOL,,,,,WR [4033] ,47.18,0.58,,10.87,,11.14,,,11.11,16.05,0.19,,1.52,1.38,0.34,,,,,,,,,,,,,,,,-0.22,,,,,,,,,,,,,,,,,,,,,,,,,,,,39.0,,284.0,910.0,,,,331.0,139.0,83.0,13.0,,,,,52.0,638.0,17.0,60.0,1.5,,,,,,,,,,,,,433.0,17.0,32.0,,20.0,,,,,,,,,,,,,,,,,,,,,7.0,,3.0,,,,,,,,,,,,,,,,,,,,,,,,,,69705.0,
[4033],CONVERGENT MARGIN,NEW HEBRIDES ARC - VANUATU ARCHIPELAGO / CENTRAL NEW HEBRIDES ARC / AOBA (=AMBAE) / AOBA (=AMBAE),,-15.38,-15.38,167.83,167.83,SAE,,,s_68573 [4033],BASALT [4033],,,,,,,,,VOL,,,,,WR [4033] ,47.31,1.36,,14.81,,12.16,,,12.67,8.05,0.22,,0.86,2.4,0.28,,,,,,,,,,,,,,,,-0.02,,,,,,,,,,,,,,,,,,,,,,,,,,,,40.0,,387.0,187.0,,,,69.0,,,,,,,,13.0,536.0,32.0,107.0,8.5,,,,,,,,,,,,,292.0,13.0,30.0,,19.0,,,,,,,,,,,,,,,,,,,,,,,,,,,,,,,,,,,,,,,,,,,,,,,,,69706.0,
[4033],CONVERGENT MARGIN,NEW HEBRIDES ARC - VANUATU ARCHIPELAGO / CENTRAL NEW HEBRIDES ARC / AOBA (=AMBAE) / AOBA (=AMBAE),,-15.38,-15.38,167.83,167.83,SAE,,,s_68586 [4033],BASALT [4033],,,,,,,,,VOL,,,,,WR [4033] ,49.03,1.19,,16.03,,11.39,,,10.91,6.9,0.22,,0.92,2.83,0.3,,,,,,,,,,,,,,,,0.32,,,,,,,,,,,,,,,,,,,,,,,,,,,,35.0,,361.0,131.0,,,,61.0,,,,,,,,12.0,579.0,32.0,117.0,7.5,,,,,,,,,,,,,398.0,16.0,34.0,,20.0,,,,,,,,,,,,,,,,,,,,,,,,,,,,,,,,,,,,,,,,,,,,,,,,,69708.0,
[4033],CONVERGENT MARGIN,NEW HEBRIDES ARC - VANUATU ARCHIPELAGO / CENTRAL NEW HEBRIDES ARC / AOBA (=AMBAE) / AOBA (=AMBAE),,-15.38,-15.38,167.83,167.83,SAE,,,s_68587 [4033],BASALT [4033],,,,,,,,,VOL,,,,,WR [4033] ,49.94,1.16,,15.85,,10.88,,,10.4,6.12,0.21,,1.21,3.07,0.32,,,,,,,,,,,,,,,,0.15,,,,,,,,,,,,,,,,,,,,,,,,,,,,34.0,,349.0,147.0,,,,55.0,153.0,94.0,,,,,,22.0,586.0,32.0,123.0,8.0,,,,,,,,,,,,,407.0,16.0,34.0,,21.0,,,,,,,,,,,,,,,,,,,,,,,,,,,,,,,,,,,,,,,,,,,,,,,,,69709.0,
[4033],CONVERGENT MARGIN,NEW HEBRIDES ARC - VANUATU ARCHIPELAGO / CENTRAL NEW HEBRIDES ARC / AOBA (=AMBAE) / AOBA (=AMBAE),,-15.38,-15.38,167.83,167.83,SAE,,,s_68595 [4033],BASALT [4033],,,,,,,,,VOL,,,,,WR [4033] ,47.66,1.27,,15.22,,11.6,,,12.19,7.35,0.21,,1.5,2.48,0.37,,,,,,,,,,,,,,,,0.0,,,,,,,,,,,,,,,,,,,,,,,,,,,,38.0,,351.0,171.0,,,,62.0,160.0,89.0,,,,,,31.0,674.0,32.0,108.0,7.5,,,,,,,,,,,,,452.0,20.0,43.0,,26.0,,,,,,,,,,,,,,,,,,,,,,,,,,,,,,,,,,,,,,,,,,,,,,,,,69710.0,
[4033],CONVERGENT MARGIN,NEW HEBRIDES ARC - VANUATU ARCHIPELAGO / CENTRAL NEW HEBRIDES ARC / AOBA (=AMBAE) / AOBA (=AMBAE),,-15.38,-15.38,167.83,167.83,SAE,,,s_68596 [4033],BASALT [4033],,,,,,,,,VOL,,,,,WR [4033] ,48.11,1.58,,16.78,,12.54,,,10.93,4.99,0.23,,1.51,3.15,0.45,,,,,,,,,,,,,,,,,,,,,,,,,,,,,,,,,,,,,,,,,,,,30.0,,426.0,15.0,,,,27.0,208.0,109.0,,,,,,30.0,630.0,37.0,141.0,12.0,,,,,,,,,,,,,383.0,21.0,43.0,,29.0,,,,,,,,,,,,,,,,,,,,,,,,,,,,,,,,,,,,,,,,,,,,,,,,,69711.0,
[4033],CONVERGENT MARGIN,NEW HEBRIDES ARC - VANUATU ARCHIPELAGO / CENTRAL NEW HEBRIDES ARC / AOBA (=AMBAE) / AOBA (=AMBAE),,-15.38,-15.38,167.83,167.83,SAE,,,s_68603 [4033],BASALT [4033],,,,,,,,,VOL,,,,,WR [4033] ,49.67,1.31,,17.09,,10.9,,,10.86,5.28,0.18,,1.36,2.96,0.35,,,,,,,,,,,,,,,,0.23,,,,,,,,,,,,,,,,,,,,,,,,,,,,33.0,,379.0,80.0,,,,34.0,,,,,,,,21.0,687.0,33.0,118.0,7.5,,,,,,,,,,,,,427.0,18.0,36.0,,22.0,,,,,,,,,,,,,,,,,,,,,,,,,,,,,,,,,,,,,,,,,,,,,,,,,69712.0,
[4033],CONVERGENT MARGIN,NEW HEBRIDES ARC - VANUATU ARCHIPELAGO / CENTRAL NEW HEBRIDES ARC / AOBA (=AMBAE) / AOBA (=AMBAE),,-15.38,-15.38,167.83,167.83,SAE,,,s_68569 [4033],BASALT [4033],,,,,,,,,VOL,,,,,WR [4033] ,47.79,1.22,,14.27,,11.65,,,12.58,8.56,0.21,,1.33,1.97,0.37,,,,,,,,,,,,,,,,-0.22,,,,,,,,,,,,,,,,,,,,,,,,,,,,42.0,,342.0,243.0,,,,79.0,175.0,84.0,16.0,,,,,27.0,627.0,30.0,102.0,7.5,,,,,,,,,,,,,431.0,,,,,,,,,,,,,,,,,,,,,,,,,6.0,,4.0,,,,,,,,,,,,,,,,,,,,,,,,,,69713.0,
[4033],CONVERGENT MARGIN,NEW HEBRIDES ARC - VANUATU ARCHIPELAGO / CENTRAL NEW HEBRIDES ARC / AOBA (=AMBAE) / AOBA (=AMBAE),,-15.38,-15.38,167.83,167.83,SAE,,,s_68570 [4033],BASALT [4033],,,,,,,,,VOL,,,,,WR [4033] ,48.5,1.61,,16.85,,12.48,,,10.76,4.88,0.21,,1.54,2.84,0.45,,,,,,,,,,,,,,,,0.13,,,,,,,,,,,,,,,,,,,,,,,,,,,,33.0,,428.0,11.0,,,,24.0,145.0,110.0,,,,,,32.0,658.0,38.0,146.0,12.0,,,,,,,,,,,,,394.0,20.0,44.0,,27.0,,,,,,,,,,,,,,,,,,,,,7.0,,2.0,,,,,,,,,,,,,,,,,,,,,,,,,,69714.0,
[4033],CONVERGENT MARGIN,NEW HEBRIDES ARC - VANUATU ARCHIPELAGO / CENTRAL NEW HEBRIDES ARC / AOBA (=AMBAE) / AOBA (=AMBAE),,-15.38,-15.38,167.83,167.83,SAE,,,s_68578 [4033],BASALT [4033],,,,,,,,,VOL,,,,,WR [4033] ,47.74,1.07,,13.84,,12.1,,,12.34,9.65,0.21,,0.75,2.01,0.2,,,,,,,,,,,,,,,,-0.21,,,,,,,,,,,,,,,,,,,,,,,,,,,,44.0,,367.0,308.0,,,,102.0,107.0,82.0,17.0,,,,,11.0,487.0,24.0,70.0,4.5,,,,,,,,,,,,,294.0,10.0,22.0,,16.0,,,,,,,,,,,,,,,,,,,,,2.0,,0.0,,,,,,,,,,,,,,,,,,,,,,,,,,69715.0,
[4033],CONVERGENT MARGIN,NEW HEBRIDES ARC - VANUATU ARCHIPELAGO / CENTRAL NEW HEBRIDES ARC / AOBA (=AMBAE) / AOBA (=AMBAE),,-15.38,-15.38,167.83,167.83,SAE,,,s_68593 [4033],BASALT [4033],,,,,,,,,VOL,,,,,WR [4033] ,49.99,1.17,,15.83,,10.96,,,10.45,6.34,0.2,,1.2,2.99,0.31,,,,,,,,,,,,,,,,0.11,,,,,,,,,,,,,,,,,,,,,,,,,,,,36.0,,359.0,135.0,,,,56.0,187.0,96.0,,,,,,19.0,579.0,32.0,122.0,7.0,,,,,,,,,,,,,411.0,14.0,32.0,,22.0,,,,,,,,,,,,,,,,,,,,,,,,,,,,,,,,,,,,,,,,,,,,,,,,,69716.0,
[4033],CONVERGENT MARGIN,NEW HEBRIDES ARC - VANUATU ARCHIPELAGO / CENTRAL NEW HEBRIDES ARC / AOBA (=AMBAE) / AOBA (=AMBAE),,-15.38,-15.38,167.83,167.83,SAE,,,s_68571 [4033],BASALT [4033],,,,,,,,,VOL,,,,,WR [4033] ,47.76,1.24,,14.28,,11.7,,,12.72,8.6,0.21,,1.37,2.16,0.33,,,,,,,,,,,,,,,,-0.07,,,,,,,,,,,,,,,,,,,,,,,,,,,,43.0,,374.0,250.0,,,,75.0,141.0,88.0,,,,,,26.0,634.0,30.0,101.0,7.0,,,,,,,,,,,,,431.0,18.0,38.0,,23.0,,,,,,,,,,,,,,,,,,,,,,,,,,,,,,,,,,,,,,,,,,,,,,,,,69717.0,
[4033],CONVERGENT MARGIN,NEW HEBRIDES ARC - VANUATU ARCHIPELAGO / CENTRAL NEW HEBRIDES ARC / AOBA (=AMBAE) / AOBA (=AMBAE),,-15.38,-15.38,167.83,167.83,SAE,,,s_68577 [4033],BASALT [4033],,,,,,,,,VOL,,,,,WR [4033] ,55.95,1.3,,15.96,,9.35,,,5.85,2.47,0.21,,2.4,4.92,0.66,,,,,,,,,,,,,,,,0.45,,,,,,,,,,,,,,,,,,,,,,,,,,,,21.0,,220.0,3.0,,,,5.0,143.0,131.0,,,,,,38.0,438.0,49.0,194.0,10.0,,,,,,,,,,,,,713.0,24.0,59.0,,34.0,,,,,,,,,,,,,,,,,,,,,10.0,,4.0,,,,,,,,,,,,,,,,,,,,,,,,,,69719.0,
[3870],CONVERGENT MARGIN,NEW HEBRIDES ARC - VANUATU ARCHIPELAGO / SOUTHERN NEW HEBRIDES ARC / EAST MATTHEW / EAST MATTHEW,,-22.31,-22.31,172.06,172.06,SAQ,,,s_MT1C [3870],ANDESITE [3870],,,,,,,,,VOL,,,,,WR [3870] ,60.3,0.45,,16.6,,,3.8,5.67,6.9,3.6,0.1,,1.0,3.9,0.18,,,,,,,,,,,,,,,,0.0,,,,,,,,,,,,,,,,,,,,,,,,,,,,20.1,,166.0,31.0,,,,12.5,,37.4,,,,,,10.1,721.0,14.0,98.0,0.0,,,,,,,,,0.1,,,,152.0,12.5,24.4,,,3.04,1.08,,0.32,,,,,1.02,0.24,,,,,,,,,,,,,1.65,0.59,,,,,,,,,,,,,,,,,,,,,,,,,69901.0,
[3870],CONVERGENT MARGIN,NEW HEBRIDES ARC - VANUATU ARCHIPELAGO / SOUTHERN NEW HEBRIDES ARC / EAST MATTHEW / EAST MATTHEW,,-22.31,-22.31,172.06,172.06,SAQ,,,s_MT7B [3870],ANDESITE [3870],,,,,,,,,VOL,,,,,WR [3870] ,59.5,0.45,,16.4,,,3.8,5.85,7.2,3.9,0.1,,0.9,3.8,0.18,,,,,,,,,,,,,,,,0.1,,,,,,,,,,,,,,,,,,,,,,,,,,,,,,158.0,41.0,,,,20.0,,,,,,,,14.0,748.0,13.0,97.0,0.0,,,,,,,,,,,,,,,,,,,,,,,,,,,,,,,,,,,,,,,,,,,,,,,,,,,,,,,,,,,,,,,,,,69902.0,
[3870],CONVERGENT MARGIN,NEW HEBRIDES ARC - VANUATU ARCHIPELAGO / SOUTHERN NEW HEBRIDES ARC / EAST MATTHEW / EAST MATTHEW,,-22.31,-22.31,172.06,172.06,SAQ,,,s_MT11A [3870],ANDESITE [3870],,,,,,,,,VOL,,,,,WR [3870] ,60.8,0.42,,16.1,,,3.5,5.67,7.0,4.1,0.1,,0.9,3.9,0.15,,,,,,,,,,,,,,,,0.0,,,,,,,,,,,,,,,,,,,,,,,,,,,,21.1,,151.0,91.0,,,,30.0,,,,,,,,8.6,668.0,14.0,107.0,12.0,,,,,,,,,0.1,,,,139.0,12.3,27.6,,,2.92,0.97,,0.31,,,,,0.84,0.2,,,,,,,,,,,,,1.53,0.63,,,,,,,,,,,,,,,,,,,,,,,,,69903.0,
[3870],CONVERGENT MARGIN,NEW HEBRIDES ARC - VANUATU ARCHIPELAGO / SOUTHERN NEW HEBRIDES ARC / EAST MATTHEW / EAST MATTHEW,,-22.31,-22.31,172.06,172.06,SAQ,,,s_MT13A [3870],ANDESITE [3870],,,,,,,,,VOL,,,,,WR [3870] ,60.2,0.42,,16.6,,,3.1,5.67,7.2,3.8,0.1,,1.0,3.8,0.18,,,,,,,,,,,,,,,,0.0,,,,,,,,,,,,,,,,,,,,,,,,,,,,,,154.0,73.0,,,,27.0,,,,,,,,12.0,718.0,12.0,99.0,0.0,,,,,,,,,,,,,,,,,,,,,,,,,,,,,,,,,,,,,,,,,,,,,,,,,,,,,,,,,,,,,,,,,,69904.0,
[3870],CONVERGENT MARGIN,NEW HEBRIDES ARC - VANUATU ARCHIPELAGO / SOUTHERN NEW HEBRIDES ARC / EAST MATTHEW / EAST MATTHEW,,-22.31,-22.31,172.06,172.06,SAQ,,,s_MT14B [3870],ANDESITE [3870],,,,,,,,,VOL,,,,,WR [3870] ,59.9,0.42,,16.3,,,3.5,5.76,7.4,4.1,0.09,,1.0,3.8,0.16,,,,,,,,,,,,,,,,0.0,,,,,,,,,,,,,,,,,,,,,,,,,,,,22.3,,148.0,57.0,,,,26.0,,,,,,,,14.0,732.0,15.0,110.0,9.0,,,,,,,,,0.07,,,0.05,140.0,13.2,27.8,,,3.01,1.12,,0.33,,,,,0.78,0.2,,,,,,,,,,,,,1.74,0.64,,,,,,,,,,,,,,,,,,,,,,,,,69905.0,
[3870],CONVERGENT MARGIN,NEW HEBRIDES ARC - VANUATU ARCHIPELAGO / SOUTHERN NEW HEBRIDES ARC / WEST MATTHEW / WEST MATTHEW,,-22.31,-22.31,172.06,172.06,SAQ,,,s_MT16B [3870],ANDESITE [3870],,,,,,,,,VOL,,,,,WR [3870] ,62.1,0.4,,16.7,,,2.1,5.22,6.2,2.8,0.07,,1.0,4.4,0.12,,,,,,,,,,,,,,,,0.4,,,,,,,,,,,,,,,,,,,,,,,,,,,,,,116.0,31.0,,,,16.0,,,,,,,,13.0,487.0,14.0,99.0,10.0,,,,,,,,,,,,,,,,,,,,,,,,,,,,,,,,,,,,,,,,,,,,,,,,,,,,,,,,,,,,,,,,,,69906.0,
[3870],CONVERGENT MARGIN,NEW HEBRIDES ARC - VANUATU ARCHIPELAGO / SOUTHERN NEW HEBRIDES ARC / WEST MATTHEW / WEST MATTHEW,,-22.31,-22.31,172.06,172.06,SAQ,,,s_MT20 [3870],ANDESITE [3870],,,,,,,,,VOL,,,,,WR [3870] ,62.8,0.38,,16.8,,,2.7,4.5,6.1,2.3,0.07,,1.0,4.3,0.12,,,,,,,,,,,,,,,,0.1,,,,,,,,,,,,,,,,,,,,,,,,,,,,15.4,,135.0,45.0,,,,14.5,,34.0,,,,,,12.6,481.0,15.0,108.0,11.0,,,,,,,,,,,,0.2,139.0,9.3,17.1,,,2.4,0.88,,0.3,,,,,1.08,0.18,,,,,,,,,,,,,1.16,0.44,,,,,,,,,,,,,,,,,,,,,,,,,69907.0,
[3870],CONVERGENT MARGIN,NEW HEBRIDES ARC - VANUATU ARCHIPELAGO / SOUTHERN NEW HEBRIDES ARC / WEST MATTHEW / WEST MATTHEW,,-22.31,-22.31,172.06,172.06,SAQ,,,s_MT23B [3870],ANDESITE [3870],,,,,,,,,VOL,,,,,WR [3870] ,61.4,0.38,,16.7,,,3.1,5.04,6.5,3.2,0.1,,0.9,4.2,0.13,,,,,,,,,,,,,,,,0.2,,,,,,,,,,,,,,,,,,,,,,,,,,,,19.1,,112.0,67.0,,,,23.0,,,,,,,,11.0,505.0,14.0,83.0,8.0,,,,,,,,,,,,0.15,118.0,8.6,18.8,,,2.24,0.66,,0.32,,,,,0.86,0.17,,,,,,,,,,,,,1.06,0.43,,,,,,,,,,,,,,,,,,,,,,,,,69908.0,
[3870],CONVERGENT MARGIN,NEW HEBRIDES ARC - VANUATU ARCHIPELAGO / SOUTHERN NEW HEBRIDES ARC / WEST MATTHEW / WEST MATTHEW,,-22.31,-22.31,172.06,172.06,SAQ,,,s_MT24A [3870],ANDESITE [3870],,,,,,,,,VOL,,,,,WR [3870] ,61.0,0.41,,16.2,,,3.7,5.58,6.8,3.9,0.11,,0.9,4.0,0.14,,,,,,,,,,,,,,,,0.0,,,,,,,,,,,,,,,,,,,,,,,,,,,,,,145.0,72.0,,,,27.0,,,,,,,,12.0,497.0,13.0,86.0,0.0,,,,,,,,,,,,,,,,,,,,,,,,,,,,,,,,,,,,,,,,,,,,,,,,,,,,,,,,,,,,,,,,,,69909.0,
[3870],CONVERGENT MARGIN,NEW HEBRIDES ARC - VANUATU ARCHIPELAGO / SOUTHERN NEW HEBRIDES ARC / WEST MATTHEW / WEST MATTHEW,,-22.31,-22.31,172.06,172.06,SAQ,,,s_MT24C [3870],ANDESITE [3870],,,,,,,,,VOL,,,,,WR [3870] ,62.0,0.43,,16.0,,,3.3,5.49,6.7,3.9,0.1,,0.9,3.9,0.12,,,,,,,,,,,,,,,,0.1,,,,,,,,,,,,,,,,,,,,,,,,,,,,20.3,,140.0,78.0,,,,27.0,,,,,,,,7.6,469.0,13.0,89.0,8.0,,,,,,,,,0.07,,,0.12,91.0,7.8,14.7,,,1.75,1.18,,0.29,,,,,0.99,0.2,,,,,,,,,,,,,1.01,0.56,,,,,,,,,,,,,,,,,,,,,,,,,69910.0,
[3870],CONVERGENT MARGIN,NEW HEBRIDES ARC - VANUATU ARCHIPELAGO / SOUTHERN NEW HEBRIDES ARC / HUNTER / HUNTER,,-22.31,-22.31,172.06,172.06,SAQ,,,s_HR1 [3870],ANDESITE [3870],,,,,,,,,VOL,,,,,WR [3870] ,61.5,0.36,,15.9,,,3.9,5.31,6.0,4.2,0.12,,1.0,4.0,0.13,,,,,,,,,,,,,,,,0.0,,,,,,,,,,,,,,,,,,,,,,,,,,,,21.9,,169.0,109.0,,,,36.0,,,,,,,,13.9,348.0,10.0,79.0,33.0,,,,,,,,,0.23,,,0.13,123.0,5.4,12.4,,,1.69,0.82,,0.22,,,,,0.72,0.16,,,,,,,,,,,,,0.85,0.42,,,,,,,,,,,,,,,,,,,,,,,,,69911.0,
[3870],CONVERGENT MARGIN,NEW HEBRIDES ARC - VANUATU ARCHIPELAGO / SOUTHERN NEW HEBRIDES ARC / HUNTER / HUNTER,,-22.31,-22.31,172.06,172.06,SAQ,,,s_HR48 [3870],ANDESITE [3870],,,,,,,,,VOL,,,,,WR [3870] ,61.1,0.37,,15.7,,,5.0,5.58,6.5,5.5,0.11,,0.9,3.8,0.11,,,,,,,,,,,,,,,,0.0,,,,,,,,,,,,,,,,,,,,,,,,,,,,19.6,,156.0,244.0,,,,89.0,,25.0,,,,,,16.5,358.0,12.0,81.0,13.0,,,,,,,,,0.18,,,0.14,123.0,6.6,12.7,,,1.87,0.79,,0.26,,,,,0.64,0.17,,,,,,,,,,,,,0.89,0.41,,,,,,,,,,,,,,,,,,,,,,,,,69912.0,
[3870],CONVERGENT MARGIN,NEW HEBRIDES ARC - VANUATU ARCHIPELAGO / SOUTHERN NEW HEBRIDES ARC / HUNTER / HUNTER,,-22.31,-22.31,172.06,172.06,SAQ,,,s_HR6 [3870],ANDESITE [3870],,,,,,,,,VOL,,,,,WR [3870] ,61.0,0.36,,15.9,,,4.2,5.58,6.5,4.8,0.12,,0.8,3.7,0.12,,,,,,,,,,,,,,,,0.1,,,,,,,,,,,,,,,,,,,,,,,,,,,,22.5,,182.0,128.0,,,,47.0,,,,,,,,12.3,343.0,12.0,76.0,18.0,,,,,,,,,,,,,100.0,6.3,13.7,,,1.64,0.72,,0.25,,,,,0.64,,,,,,,,,,,,,,0.81,0.35,,,,,,,,,,,,,,,,,,,,,,,,,69913.0,
[3870],CONVERGENT MARGIN,NEW HEBRIDES ARC - VANUATU ARCHIPELAGO / SOUTHERN NEW HEBRIDES ARC / HUNTER / HUNTER,,-22.31,-22.31,172.06,172.06,SAQ,,,s_HR9 [3870],ANDESITE [3870],,,,,,,,,VOL,,,,,WR [3870] ,61.9,0.37,,16.2,,,3.9,5.13,6.7,4.2,0.11,,0.9,3.9,0.11,,,,,,,,,,,,,,,,0.0,,,,,,,,,,,,,,,,,,,,,,,,,,,,19.5,,,129.0,,,,36.0,,25.0,,,,,,18.0,376.0,13.0,88.0,12.0,,,,,,,,,0.23,,,0.21,128.0,6.2,13.2,,,1.84,0.79,,0.25,,,,,0.93,0.13,,,,,,,,,,,,,0.88,0.51,,,,,,,,,,,,,,,,,,,,,,,,,69914.0,
[4032],CONVERGENT MARGIN,NEW HEBRIDES ARC - VANUATU ARCHIPELAGO / SOUTHERN NEW HEBRIDES ARC / ANATOM (ANEITYUM) / ANATOM (ANEITYUM),,-20.2,-20.2,169.8,169.8,SAE,,,s_AYC42 [4032],BASALT [4032],0 [4032],3000000 [4032],,NEOGENE-QUATERNARY [4032],,,,,VOL,,,,,WR [4032] ,49.28,0.86,,15.68,,11.57,,,12.01,7.23,0.2,,0.68,2.32,0.17,,,,,,,,,,,,,,,,1.06,,,,,,,,,,,,,,,,,,,,,,,,,,,,34.0,,324.0,144.0,,,46.0,43.0,145.0,75.0,16.0,,,,,5.6,423.0,17.5,43.8,0.76,,,,,,,,,,,,0.19,126.0,4.24,9.73,1.48,7.65,2.11,0.82,2.54,0.4,2.84,0.57,1.66,0.28,1.49,0.29,1.21,0.04,,,,,,,,,4.11,,0.55,0.28,,,,0.7033,,18.793,,15.535,,38.349,,,,,,,,,,,,,,,70496.0,
[4032],CONVERGENT MARGIN,NEW HEBRIDES ARC - VANUATU ARCHIPELAGO / SOUTHERN NEW HEBRIDES ARC / TANNA (=TANUA),,-19.53,-19.53,169.33,169.33,SAE,,,s_TAC82 [4032],BASALT [4032],230000 [4032],230000 [4032],,PLEISTOCENE [4032],,,,,VOL,,,,,WR [4032] ,52.01,0.71,,18.78,,10.0,,,9.9,3.67,0.17,,1.26,3.3,0.22,,,,,,,,,,,,,,,,0.04,,,,,,,,,,,,,,,,,,,,,,,,,,,,25.0,,325.0,5.0,,,28.0,25.0,221.0,73.0,26.0,,,,,13.9,760.0,18.2,51.3,0.68,,,,,,,,,,,,0.34,320.0,6.56,15.3,2.16,10.6,2.97,0.95,3.13,0.56,2.86,0.58,1.87,0.28,1.8,0.28,1.52,0.047,,,,,,,,,5.57,,0.97,0.49,0.513058,,,0.7036,,18.634,,15.574,,38.462,,,,,,,,,,,,,,,70500.0,
[4032],CONVERGENT MARGIN,NEW HEBRIDES ARC - VANUATU ARCHIPELAGO / BANKS ISLANDS / UREPARAPARA / UREPARAPARA,,-13.4,-13.4,167.3,167.3,SAE,,,s_UA3 [4032],BASALT [4032],500000 [4032],500000 [4032],,PLEISTOCENE [4032],,,,,VOL,,,,,WR [4032] ,55.19,0.85,,17.79,,8.52,,,8.44,3.61,0.18,,1.35,3.86,0.22,,,,,,,,,,,,,,,,0.06,,,,,,,,,,,,,,,,,,,,,,,,,,,,25.0,,285.0,3.0,,,23.0,12.0,112.0,83.0,20.0,,,,,21.1,509.0,26.3,105.0,4.78,,,,,,,,,,,,0.19,258.0,12.0,23.9,3.13,15.1,3.33,1.03,3.72,0.61,3.87,0.83,2.31,0.39,2.33,0.32,2.7,0.29,,,,,,,,,2.73,,1.51,0.63,,,,,,,,,,,,,,,,,,,,,,,,,70504.0,
[4032],CONVERGENT MARGIN,NEW HEBRIDES ARC - VANUATU ARCHIPELAGO / BANKS ISLANDS / UREPARAPARA / UREPARAPARA,,-13.4,-13.4,167.3,167.3,SAE,,,s_UMAC4 [4032],BASALT [4032],500000 [4032],500000 [4032],,PLEISTOCENE [4032],,,,,VOL,,,,,WR [4032] ,51.03,0.85,,20.19,,9.58,,,9.76,3.56,0.16,,1.16,3.46,0.28,,,,,,,,,,,,,,,,0.45,,,,,,,,,,,,,,,,,,,,,,,,,,,,23.0,,307.0,8.0,,,25.0,12.0,215.0,87.0,22.0,,,,,8.8,707.0,20.1,84.7,2.19,,,,,,,,,,,,0.2,235.0,11.8,25.5,3.52,16.0,3.93,1.26,3.93,0.54,3.81,0.61,2.04,0.31,2.12,0.31,2.42,0.143,,,,,,,,,4.96,,1.44,0.47,0.513024,,,0.70349,,18.59,,15.525,,38.297,,,,,,,,,,,,,,,70505.0,
[4032],CONVERGENT MARGIN,NEW HEBRIDES ARC - VANUATU ARCHIPELAGO / BANKS ISLANDS / MOTO LAVA / MOTO LAVA,,-13.583,-13.583,167.616,167.616,SAE,,,s_MLMAC26 [4032],BASALT [4032],420000 [4032],420000 [4032],,PLEISTOCENE [4032],,,,,VOL,,,,,WR [4032] ,51.29,0.76,,16.45,,10.52,,,10.75,6.44,0.19,,0.82,2.61,0.2,,,,,,,,,,,,,,,,0.08,,,,,,,,,,,,,,,,,,,,,,,,,,,,33.0,,266.0,104.0,,,34.0,40.0,130.0,66.0,15.0,,,,,6.4,481.0,19.1,46.5,1.04,,,,,,,,,,,,0.22,229.0,6.83,14.8,2.41,11.6,3.24,1.14,3.56,0.55,3.41,0.68,2.05,0.3,1.97,0.32,1.45,0.079,,,,,,,,,1.81,,0.62,0.35,,,,,,,,,,,,,,,,,,,,,,,,,70507.0,
[4032],CONVERGENT MARGIN,NEW HEBRIDES ARC - VANUATU ARCHIPELAGO / BANKS ISLANDS / MOTO LAVA / MOTO LAVA,,-13.583,-13.583,167.616,167.616,SAE,,,s_MLMAC43 [4032],BASALT [4032],0 [4032],200000 [4032],,QUATERNARY [4032],,,,,VOL,,,,,WR [4032] ,48.72,0.83,,17.91,,11.78,,,11.05,6.07,0.2,,0.61,2.67,0.19,,,,,,,,,,,,,,,,-0.08,,,,,,,,,,,,,,,0.38,5.8,,,,,,,,,,,,40.0,,407.0,40.0,,,41.0,25.0,61.0,73.0,26.0,,,,,8.9,543.0,18.3,40.5,1.55,,,,,,,,,,,,0.13,249.0,5.81,14.4,2.23,10.6,3.04,1.05,3.5,0.45,3.14,0.67,2.04,0.27,1.82,0.26,1.23,0.103,,,,,,,,,2.34,,0.26,0.15,0.513044,,,0.70349,,18.423,,15.525,,38.304,,,,,,,,,,,,,,,70508.0,
[4032],CONVERGENT MARGIN,NEW HEBRIDES ARC - VANUATU ARCHIPELAGO / BANKS ISLANDS / MOTO (=MOTA) / MOTO (=MOTA),,-13.8,-19.53,169.27,169.27,SAE,,,s_MOMAC3 [4032],BASALT [4032],500000 [4032],500000 [4032],,PLEISTOCENE [4032],,,,,VOL,,,,,WR [4032] ,48.53,0.77,,17.16,,12.48,,,10.75,7.06,0.2,,0.58,2.33,0.17,,,,,,,,,,,,,,,,0.55,,,,,,,,,,,,,,,0.3,3.1,,,,,,,,,,,,41.0,,393.0,80.0,,,42.0,38.0,145.0,98.0,18.0,,,,,5.4,562.0,15.9,32.7,0.8,,,,,,,,,,,,0.1,143.0,5.61,13.1,2.05,10.3,2.68,0.95,3.03,0.48,2.62,0.56,1.56,0.25,1.56,0.21,1.09,0.043,,,,,,,,,2.39,,0.47,0.17,0.51302,,,0.70355,,18.474,,15.536,,38.334,,,,,,,,,,,,,,,70509.0,
[4032],CONVERGENT MARGIN,NEW HEBRIDES ARC - VANUATU ARCHIPELAGO / BANKS ISLANDS / VANUA LAVA / VANUA LAVA,,-13.8,-13.8,167.4,167.4,SAE,,,s_VLC7 [4032],BASALT [4032],0 [4032],200000 [4032],,QUATERNARY [4032],,,,,VOL,,,,,WR [4032] ,48.2,0.82,,18.54,,13.15,,,9.89,5.98,0.23,,0.78,2.26,0.16,,,,,,,,,,,,,,,,1.62,,,,,,,,,,,,,,,,,,,,,,,,,,,,39.0,,491.0,31.0,,,47.0,29.0,139.0,87.0,21.0,,,,,9.5,543.0,19.8,43.3,1.08,,,,,,,,,,,,0.44,201.0,8.77,16.0,2.52,12.7,3.29,1.17,3.8,0.59,3.3,0.66,1.86,0.28,1.67,0.34,1.26,0.054,,,,,,,,,2.9,,0.78,0.42,,,,,,,,,,,,,,,,,,,,,,,,,70511.0,
[4032],CONVERGENT MARGIN,NEW HEBRIDES ARC - VANUATU ARCHIPELAGO / BANKS ISLANDS / VANUA LAVA / VANUA LAVA,,-13.8,-13.8,167.4,167.4,SAE,,,s_VMAC5 [4032],BASALT [4032],500000 [4032],500000 [4032],,PLEISTOCENE [4032],,,,,VOL,,,,,WR [4032] ,49.21,0.85,,16.06,,12.35,,,11.04,6.37,0.2,,0.95,2.79,0.21,,,,,,,,,,,,,,,,-0.02,,,,,,,,,,,,,,,0.43,3.6,,,,,,,,,,,,39.0,,372.0,94.0,,,44.0,30.0,112.0,82.0,19.0,,,,,14.0,542.0,18.6,57.4,1.25,,,,,,,,,,,,0.09,228.0,8.26,17.9,2.47,12.0,2.83,1.14,3.53,0.55,3.32,0.66,1.88,0.27,2.03,0.32,1.58,0.073,,,,,,,,,2.94,,1.05,0.39,0.512986,,,0.70394,,18.25,,15.522,,38.312,,,,,,,,,,,,,,,70512.0,
[4032],CONVERGENT MARGIN,NEW HEBRIDES ARC - VANUATU ARCHIPELAGO / BANKS ISLANDS / GAUA (SANTA MARIA) / GAUA (SANTA MARIA),,-14.2,-14.2,167.4,167.4,SAE,,,s_GM61 [4032],BASALT [4032],1700000 [4032],1700000 [4032],,PLEISTOCENE [4032],,,,,VOL,,,,,WR [4032] ,50.8,0.84,,16.36,,11.54,,,9.39,4.87,0.21,,2.21,3.39,0.41,,,,,,,,,,,,,,,,-0.07,,,,,,,,,,,,,,,,,,,,,,,,,,,,25.0,,337.0,27.0,,,38.0,20.0,371.0,109.0,23.0,,,,,28.3,947.0,20.0,87.1,2.26,,,,,,,,,,,,0.06,529.0,20.1,40.8,5.25,23.0,5.08,1.37,4.4,0.53,3.33,0.67,1.87,0.29,1.76,0.28,2.74,0.14,,,,,,,,,8.72,,3.34,1.01,,,,,,18.172,,15.486,,38.186,,,,,,,,,,,,,,,70515.0,
[4032],CONVERGENT MARGIN,NEW HEBRIDES ARC - VANUATU ARCHIPELAGO / CENTRAL NEW HEBRIDES ARC / AOBA (=AMBAE) / AOBA (=AMBAE),,-15.38,-15.38,167.83,167.83,SAE,,,s_AOW11 [4032],BASALT [4032],0 [4032],100000 [4032],,QUATERNARY [4032],,,,,VOL,,,,,WR [4032] ,49.37,0.77,,14.37,,10.9,,,11.53,8.66,0.19,,1.4,2.56,0.27,,,,,,,,,,,,,,,,-0.17,,,,,,,,,,,,,,,,,,,,,,,,,,,,37.0,,344.0,267.0,,,44.0,112.0,194.0,85.0,17.0,,,,,21.7,724.0,17.5,63.8,1.65,,,,,,,,,,,,0.1,419.0,13.7,28.0,3.52,16.6,3.67,1.07,3.48,0.53,2.83,0.58,1.61,0.23,1.6,0.21,1.57,0.081,,,,,,,,,6.31,,2.27,0.77,,,,,,,,,,,,,,,,,,,,,,,,,70517.0,
[4032],CONVERGENT MARGIN,NEW HEBRIDES ARC - VANUATU ARCHIPELAGO / CENTRAL NEW HEBRIDES ARC / AOBA (=AMBAE) / AOBA (=AMBAE),,-15.38,-15.38,167.83,167.83,SAE,,,s_AOW115 [4032],BASALT [4032],0 [4032],100000 [4032],,QUATERNARY [4032],,,,,VOL,,,,,WR [4032] ,49.43,0.83,,14.99,,11.42,,,11.27,7.87,0.21,,1.27,2.48,0.25,,,,,,,,,,,,,,,,0.88,,,,,,,,,,,,,,,0.52,3.7,,,,,,,,,,,,33.0,,337.0,195.0,,,41.0,72.0,139.0,87.0,19.0,,,,,17.9,658.0,17.6,59.3,1.99,,,,,,,,,,,,0.28,369.0,11.7,24.6,3.39,14.8,3.55,1.04,3.18,0.44,2.92,0.62,1.63,0.29,1.6,0.24,1.66,0.103,,,,,,,,,5.62,,1.73,0.76,0.512969,,,0.70405,,18.122,,15.508,,38.249,,,,,,,,,,,,,,,70518.0,
[4032],CONVERGENT MARGIN,NEW HEBRIDES ARC - VANUATU ARCHIPELAGO / CENTRAL NEW HEBRIDES ARC / AOBA (=AMBAE) / AOBA (=AMBAE),,-15.38,-15.38,167.83,167.83,SAE,,,s_AOW130 [4032],BASALT [4032],0 [4032],100000 [4032],,QUATERNARY [4032],,,,,VOL,,,,,WR [4032] ,48.95,0.71,,13.35,,11.08,,,11.31,10.59,0.18,,1.25,2.39,0.21,,,,,,,,,,,,,,,,0.03,,,,,,,,,,,,,,,,,,,,,,,,,,,,34.0,,296.0,368.0,,,46.0,153.0,148.0,81.0,17.0,,,,,16.5,700.0,14.8,50.1,1.27,,,,,,,,,,,,0.09,378.0,11.1,23.6,3.08,14.8,2.92,0.89,2.81,0.44,2.44,0.52,1.43,0.22,1.32,0.18,1.52,0.077,,,,,,,,,9.89,,1.87,0.61,,,,,,,,,,,,,,,,,,,,,,,,,70519.0,
[4032],CONVERGENT MARGIN,NEW HEBRIDES ARC - VANUATU ARCHIPELAGO / CENTRAL NEW HEBRIDES ARC / AOBA (=AMBAE) / AOBA (=AMBAE),,-15.38,-15.38,167.83,167.83,SAE,,,s_AOW25 [4032],BASALT [4032],100000 [4032],100000 [4032],,PLEISTOCENE [4032],,,,,VOL,,,,,WR [4032] ,50.78,1.19,,15.57,,10.82,,,10.56,6.35,0.2,,1.23,3.03,0.3,,,,,,,,,,,,,,,,0.21,,,,,,,,,,,,,,,,,,,,,,,,,,,,35.0,,338.0,129.0,,,35.0,51.0,210.0,99.0,20.0,,,,,24.3,569.0,30.4,122.0,7.79,,,,,,,,,,,,0.35,353.0,15.2,33.1,4.32,21.0,4.85,1.49,4.95,0.79,4.95,1.05,2.87,0.43,2.84,0.35,3.1,0.429,,,,,,,,,3.29,,2.09,0.74,,,,0.70411,,18.125,,15.486,,38.174,,,,,,,,,,,,,,,70520.0,
[4032],CONVERGENT MARGIN,NEW HEBRIDES ARC - VANUATU ARCHIPELAGO / CENTRAL NEW HEBRIDES ARC / AMBRYM (=AMBRIM) / AMBRYM,,-16.25,-16.25,168.13,168.13,SAE,,,s_AM039 [4032],BASALT [4032],0 [4032],100000 [4032],,QUATERNARY [4032],,,,,VOL,,,,,WR [4032] ,50.23,0.63,,17.92,,10.92,,,11.33,5.01,0.19,,1.0,2.64,0.14,,,,,,,,,,,,,,,,0.12,,,,,,,,,,,,,,,,,,,,,,,,,,,,37.0,,357.0,31.0,,,37.0,22.0,166.0,88.0,20.0,,,,,15.6,543.0,16.1,38.7,0.96,,,,,,,,,,,,0.19,251.0,6.76,14.1,1.99,8.81,2.59,0.75,2.38,0.38,2.54,0.56,1.62,0.26,1.52,0.26,1.07,0.041,,,,,,,,,3.06,,1.03,0.32,0.512957,,,0.7043,,18.238,,15.505,,38.282,,,,,,,,,,,,,,,70521.0,
[4032],CONVERGENT MARGIN,NEW HEBRIDES ARC - VANUATU ARCHIPELAGO / CENTRAL NEW HEBRIDES ARC / AMBRYM (=AMBRIM) / AMBRYM,,-16.25,-16.25,168.13,168.13,SAE,,,s_AM39C [4032],BASALT [4032],0 [4032],100000 [4032],,QUATERNARY [4032],,,,,VOL,,,,,WR [4032] ,51.74,0.96,,16.7,,11.42,,,8.84,4.56,0.19,,2.18,3.04,0.39,,,,,,,,,,,,,,,,-0.26,,,,,,,,,,,,,,,,,,,,,,,,,,,,26.0,,355.0,8.0,,,35.0,19.0,172.0,106.0,22.0,,,,,43.7,671.0,19.4,90.9,3.6,,,,,,,,,,,,1.12,441.0,12.8,27.6,3.55,15.9,3.89,1.15,4.69,0.56,3.29,0.63,1.91,0.28,1.76,0.31,2.47,0.236,,,,,,,,,7.61,,1.95,0.66,0.512896,,,0.70437,,18.346,,15.527,,38.391,,,,,,,,,,,,,,,70523.0,
[4032],CONVERGENT MARGIN,NEW HEBRIDES ARC - VANUATU ARCHIPELAGO / CENTRAL NEW HEBRIDES ARC / PAAMA / PAAMA,,-16.6,-16.6,168.3,168.3,SAE,,,s_PAM20 [4032],BASALT [4032],0 [4032],2000000 [4032],,QUATERNARY [4032],,,,,VOL,,,,,WR [4032] ,49.06,0.92,,17.4,,11.65,,,10.8,6.47,0.19,,0.6,2.76,0.16,,,,,,,,,,,,,,,,-0.49,,,,,,,,,,,,,,,,,,,,,,,,,,,,35.0,,342.0,58.0,,,41.0,33.0,146.0,83.0,19.0,,,,,8.2,373.0,21.5,48.5,1.24,,,,,,,,,,,,0.24,162.0,4.16,10.6,1.59,8.32,2.51,0.98,3.41,0.59,3.57,0.76,2.12,0.37,2.24,0.34,1.48,0.064,,,,,,,,,2.0,,0.42,0.17,0.512957,,,0.70399,,18.435,,15.546,,38.415,,,,,,,,,,,,,,,70525.0,
[4032],CONVERGENT MARGIN,NEW HEBRIDES ARC - VANUATU ARCHIPELAGO / CENTRAL NEW HEBRIDES ARC / EPI / EAST EPI,,-16.89,-16.89,168.3,168.3,SAE,,,s_EPW99 [4032],BASALT [4032],0 [4032],400000 [4032],,QUATERNARY [4032],,,,,VOL,,,,,WR [4032] ,48.58,0.67,,19.35,,11.25,,,11.82,5.37,0.18,,0.44,2.22,0.14,,,,,,,,,,,,,,,,0.2,,,,,,,,,,,,,,,0.33,7.5,,,,,,,,,,,,34.0,,350.0,16.0,,,32.0,14.0,139.0,84.0,18.0,,,,,4.3,561.0,13.4,25.0,0.51,,,,,,,,,,,,0.14,152.0,4.38,9.88,1.53,7.05,1.83,0.7,2.39,0.41,2.19,0.45,1.32,0.18,1.37,0.17,0.77,0.032,,,,,,,,,2.4,,0.47,0.21,,,,0.70412,,18.473,,15.545,,38.442,,,,,,,,,,,,,,,70527.0,
[4032],CONVERGENT MARGIN,NEW HEBRIDES ARC - VANUATU ARCHIPELAGO / CENTRAL NEW HEBRIDES ARC / EFATE,,-17.66,-17.66,168.4,168.4,SAE,,,s_EA143 [4032],BASALT [4032],300000 [4032],700000 [4032],,PLEISTOCENE [4032],,,,,VOL,,,,,WR [4032] ,47.78,0.9,,17.56,,12.0,,,11.75,6.03,0.19,,0.68,2.65,0.46,,,,,,,,,,,,,,,,0.55,,,,,,,,,,,,,,,,,,,,,,,,,,,,30.0,,433.0,45.0,,,35.0,33.0,269.0,85.0,23.0,,,,,8.5,1094.0,15.3,25.4,0.63,,,,,,,,,,,,0.12,357.0,9.74,21.3,3.01,14.4,3.33,1.14,3.55,0.48,2.78,0.5,1.55,0.21,1.29,0.2,0.86,0.036,,,,,,,,,3.86,,1.01,0.27,0.512946,,,0.70413,,18.464,,15.52,,38.476,,,,,,,,,,,,,,,70530.0,
[4032],CONVERGENT MARGIN,NEW HEBRIDES ARC - VANUATU ARCHIPELAGO / SOUTHERN NEW HEBRIDES ARC / FUTUNA,,-19.5,-19.5,170.2,170.2,SAE,,,s_FMAC64 [4032],BASALT [4032],1800000 [4032],3500000 [4032],,PLEISTOCENE [4032],,,,,VOL,,,,,WR [4032] ,56.85,0.79,,16.96,,7.69,,,8.14,4.15,0.15,,1.97,3.02,0.31,,,,,,,,,,,,,,,,0.37,,,,,,,,,,,,,,,,,,,,,,,,,,,,24.0,,250.0,36.0,,,20.0,17.0,33.0,69.0,17.0,,,,,31.3,736.0,22.3,106.0,2.84,,,,,,,,,,,,0.6,174.0,13.7,29.1,3.99,19.2,4.26,1.35,4.39,0.66,3.73,0.78,2.11,0.35,2.31,0.36,2.88,0.186,,,,,,,,,6.67,,1.98,0.95,0.512993,,,0.70327,,18.691,,15.546,,38.336,,,,,,,,,,,,,,,70536.0,
[4032],CONVERGENT MARGIN,NEW HEBRIDES ARC - VANUATU ARCHIPELAGO / BANKS ISLANDS / VOT TANDE (=VAT GANAI) / VOT TANDE (=VAT GANAI),,-13.25,-13.25,167.25,167.25,SAE,,,s_VGA1 [4032],BASALT [4032],3500000 [4032],3500000 [4032],,PLIOCENE [4032],,,,,VOL,,,,,WR [4032] ,53.31,0.71,,16.77,,9.94,,,10.0,5.58,0.17,,0.9,2.42,0.23,,,,,,,,,,,,,,,,0.37,,,,,,,,,,,,,,,,,,,,,,,,,,,,34.0,,322.0,48.0,,,29.0,48.0,126.0,88.0,17.0,,,,,15.3,524.0,17.9,52.6,2.38,,,,,,,,,,,,0.37,140.0,9.7,20.3,2.85,13.0,2.93,1.0,2.76,0.47,2.74,0.56,1.52,0.22,1.61,0.26,1.55,0.133,,,,,,,,,3.86,,1.14,0.53,0.513025,,,0.70322,,18.708,,15.519,,38.318,,,,,,,,,,,,,,,70537.0,
[4032],CONVERGENT MARGIN,NEW HEBRIDES ARC - VANUATU ARCHIPELAGO / BANKS ISLANDS / VOT TANDE (=VAT GANAI) / VOT TANDE (=VAT GANAI),,-13.25,-13.25,167.25,167.25,SAE,,,s_VGA3 [4032],BASALT [4032],3500000 [4032],3500000 [4032],,PLIOCENE [4032],,,,,VOL,,,,,WR [4032] ,53.37,0.72,,16.58,,9.79,,,10.16,5.64,0.17,,0.88,2.5,0.23,,,,,,,,,,,,,,,,0.54,,,,,,,,,,,,,,,,,,,,,,,,,,,,38.0,,353.0,70.0,,,31.0,24.0,147.0,80.0,18.0,,,,,15.2,556.0,17.9,54.5,2.41,,,,,,,,,,,,0.38,140.0,10.2,20.9,3.01,13.6,3.25,1.0,3.04,0.48,2.92,0.59,1.69,0.22,1.83,0.28,1.48,0.148,,,,,,,,,3.3,,1.21,0.56,,,,,,,,,,,,,,,,,,,,,,,,,70538.0,
[4032],CONVERGENT MARGIN,NEW HEBRIDES ARC - VANUATU ARCHIPELAGO / BANKS ISLANDS / VOT TANDE (=VAT GANAI) / VOT TANDE (=VAT GANAI),,-13.25,-13.25,167.25,167.25,SAE,,,s_VGA7 [4032],BASALT [4032],3500000 [4032],3500000 [4032],,PLIOCENE [4032],,,,,VOL,,,,,WR [4032] ,53.19,0.7,,16.51,,9.86,,,10.33,5.52,0.16,,0.97,2.53,0.25,,,,,,,,,,,,,,,,0.16,,,,,,,,,,,,,,,0.46,8.8,,,,,,,,,,,,35.0,,340.0,81.0,,,29.0,22.0,41.0,78.0,18.0,,,,,14.1,532.0,15.5,50.0,1.92,,,,,,,,,,,,0.13,133.0,8.73,19.1,2.76,12.5,3.04,0.96,3.03,0.43,2.63,0.48,1.47,0.21,1.49,0.22,1.5,0.107,,,,,,,,,2.23,,1.06,0.49,0.513021,,,0.70323,,18.718,,15.556,,38.398,,,,,,,,,,,,,,,70539.0,
[4032],CONVERGENT MARGIN,NEW HEBRIDES ARC - VANUATU ARCHIPELAGO / BANKS ISLANDS / VOT TANDE (=VAT GANAI) / VOT TANDE (=VAT GANAI),,-13.25,-13.25,167.25,167.25,SAE,,,s_VGMAC2 [4032],BASALT [4032],3500000 [4032],3500000 [4032],,PLIOCENE [4032],,,,,VOL,,,,,WR [4032] ,54.12,0.71,,18.69,,8.76,,,9.5,4.08,0.15,,1.04,2.72,0.25,,,,,,,,,,,,,,,,0.55,,,,,,,,,,,,,,,,,,,,,,,,,,,,25.0,,296.0,21.0,,,22.0,12.0,88.0,77.0,19.0,,,,,16.8,558.0,16.3,58.7,2.16,,,,,,,,,,,,0.34,143.0,9.18,20.4,2.72,13.2,2.95,0.92,3.0,0.52,2.81,0.58,1.74,0.25,1.51,0.27,1.92,0.108,,,,,,,,,3.36,,1.15,0.67,,,,,,,,,,,,,,,,,,,,,,,,,70540.0,
[3886],CONVERGENT MARGIN,NEW HEBRIDES ARC - VANUATU ARCHIPELAGO / SOUTHERN NEW HEBRIDES ARC / ERROMANGO (=EROMANGA),ROBERTSON^S THUMB,-18.6,-18.6,169.06,169.06,SAE,,,s_E31 [3886],BASALT [3886],,,,,,,,,VOL,,,,,WR [3886] ,45.15,0.72,,16.65,,5.55,6.69,,11.58,7.58,0.16,,0.89,1.68,0.14,,2.37,0.52,,,,,,,,,,,,,,,,,,,,,,,,,,,,,,,,,,,,,,,,,,,513.0,123.0,,,50.0,52.0,,82.0,,,,,,6.1,488.0,15.7,33.0,,,,,,,,,,,,,,,,,,,,,,,,,,,,,,,,,,,,,,,,,,,,,,,,,,,,,,,,,,,,,,,,,,,73290.0,
[3886],CONVERGENT MARGIN,NEW HEBRIDES ARC - VANUATU ARCHIPELAGO / SOUTHERN NEW HEBRIDES ARC / ERROMANGO (=EROMANGA),ROBERTSON^S THUMB,-18.6,-18.6,169.06,169.06,SAE,,,s_E9 [3886],BASALT [3886],,,,,,,,,VOL,,,,,WR [3886] ,53.57,0.59,,18.37,,5.18,3.71,,8.93,3.78,0.16,,0.84,2.49,0.19,,0.27,1.32,,,,,,,,,,,,,,,,,,,,,,,,,,,,,,,,,,,,,,,,,,,213.0,30.0,,,22.0,13.0,47.0,82.0,,,,,,13.5,419.0,17.5,43.0,,,,,,,,,,,,,,,,,,,,,,,,,,,,,2.09,,,,,,,,,,,,,,,,,,,,,,,,,,,,,,,,,,,,,,73295.0,
[3877],CONVERGENT MARGIN,NEW HEBRIDES ARC - VANUATU ARCHIPELAGO / SOUTHERN NEW HEBRIDES ARC / SUBPSO 11,SUBPSO 11 NAUTILE DIVE LOCALITY,-21.53,-21.53,169.22,169.22,SAQ,-4645.0,-4645.0,s_SUB1111 [3877],BASALTIC-ANDESITE [3877],,,,,,,,,VOL,,,,,WR [3877] ,54.23,0.93,,15.32,,,,10.54,9.39,4.53,0.18,,0.78,2.84,0.1,,,,,,,,,,,,,,,,1.67,,,,,,,,,,,,,,,,,,,,,,,,,,,,31.0,,329.0,13.0,,,31.0,35.0,110.0,77.0,,,,,,12.0,232.0,23.4,51.0,0.0,,,,,,,,,,,,,40.0,3.0,,,7.2,,0.87,,,3.6,,2.1,,2.32,,,,,,,,,,,,,,,,,,,,,,,,,,,,,,,,,,,,,,,,73584.0,
[3877],CONVERGENT MARGIN,NEW HEBRIDES ARC - VANUATU ARCHIPELAGO / SOUTHERN NEW HEBRIDES ARC / SUBPSO 11,SUBPSO 11 NAUTILE DIVE LOCALITY,-21.55,-21.55,169.2,169.2,SAQ,-5320.0,-5320.0,s_SUB1103 [3877],BASALTIC-ANDESITE [3877],,,,,,,,,VOL,,,,,WR [3877] ,54.81,0.96,,15.53,,,,10.1,8.24,4.36,0.18,,0.96,3.51,0.21,,,,,,,,,,,,,,,,1.91,,,,,,,,,,,,,,,,,,,,,,,,,,,,28.0,,364.0,2.0,,,26.0,29.0,144.0,84.0,,,,,,17.0,343.0,21.5,48.0,0.0,,,,,,,,,,,,,114.0,3.4,,,8.6,,0.87,,,3.2,,2.0,,2.23,,,,,,,,,,,,,,,,,,,,,,,,,,,,,,,,,,,,,,,,73585.0,
[3877],CONVERGENT MARGIN,NEW HEBRIDES ARC - VANUATU ARCHIPELAGO / SOUTHERN NEW HEBRIDES ARC / MATTHEW / MATTHEW,,-22.37,-22.37,171.35,171.35,SAQ,-910.0,-940.0,s_MTSM25B [3877],ANDESITE [3877],,,,,,,,,VOL,,,,,WR [3877] ,63.11,0.44,,15.73,,,,5.39,6.05,3.15,0.1,,0.95,4.39,0.08,,,,,,,,,,,,,,,,1.12,,,,,,,,,,,,,,,,,,,,,,,,,,,,21.0,,145.0,30.0,,,14.0,16.0,68.0,58.0,,,,,,11.0,401.0,13.2,86.0,1.3,,,,,,,,,,,,,91.0,9.2,,,12.5,,0.9,,,2.2,,1.4,,1.4,,,,,,,,,,,,,,,,,,,,,,,,,,,,,,,,,,,,,,,,73595.0,
[3877],CONVERGENT MARGIN,NEW HEBRIDES ARC - VANUATU ARCHIPELAGO / SOUTHERN NEW HEBRIDES ARC / HUNTER / HUNTER,,-22.38,-22.38,172.08,172.08,SAE,260.0,260.0,s_HR11A [3877],ANDESITE [3877],,,,,,,,,VOL,,,,,WR [3877] ,60.95,0.5,,14.97,,,,5.49,6.69,5.74,0.1,,1.26,3.59,0.1,,,,,,,,,,,,,,,,0.46,,,,,,,,,,,,,,,,,,,,,,,,,,,,22.0,,175.0,190.0,,,21.0,95.0,44.0,57.0,,,,,,22.0,354.0,12.8,83.0,1.3,,,,,,,,,,,,,131.0,7.8,,,11.5,,0.85,,,2.1,,1.6,,1.25,,,,,,,,,,,,,,,,,,,,,,,,,,,,,,,,,,,,,,,,73601.0,
[3877],CONVERGENT MARGIN,NEW HEBRIDES ARC - VANUATU ARCHIPELAGO / SOUTHERN NEW HEBRIDES ARC / HUNTER / HUNTER,,-22.38,-22.38,172.08,172.08,SAE,260.0,260.0,s_HR16 [3877],DACITE [3877],,,,,,,,,VOL,,,,,WR [3877] ,63.87,0.38,,15.37,,,,4.96,6.35,3.81,0.09,,0.97,3.58,0.08,,,,,,,,,,,,,,,,-0.1,,,,,,,,,,,,,,,,,,,,,,,,,,,,23.0,,175.0,73.0,,,16.0,27.0,31.0,53.0,,,,,,16.0,319.0,11.2,72.0,1.2,,,,,,,,,,,,,115.0,6.5,,,9.5,,0.65,,,1.8,,1.4,,1.2,,,,,,,,,,,,,,,,,,,,,,,,,,,,,,,,,,,,,,,,73602.0,
[2757],CONVERGENT MARGIN,NEW HEBRIDES ARC - VANUATU ARCHIPELAGO / NORTH FIJI BASIN,,-15.836,-15.836,173.408,173.408,SAQ,-3583.0,-3630.0,s_MW8701-10-1 [2757],BASALT [2757],,,,,,,,PHYRIC [2757] ,VOL,,,F,,GL [2757] ,50.43,1.31,,16.08,,,,9.4,11.81,7.73,0.13,,0.22,2.75,0.15,0.47,,,,,,,,,,,,,,,,,,,,,,,,,,,,,,,,,,,,,,,,,,,,,,,,,,,,,,,,,,,,,,,,,,,,,,,,,,,,,,,,,,,,,,,,,,,,,,,,,,,,,,,,,,,,,,,,,,,,,,,,,,,,,,,,75497.0,
[2757],CONVERGENT MARGIN,NEW HEBRIDES ARC - VANUATU ARCHIPELAGO / NORTH FIJI BASIN,,-16.358,-16.358,173.588,173.588,SAQ,-3150.0,-3750.0,s_MW8701-4-1 [2757],BASALT [2757],,,,,,,,PHYRIC [2757] ,VOL,,,F,,GL [2757] ,50.91,1.75,,16.88,,,,8.3,10.76,7.4,0.12,,0.53,3.09,0.27,0.74,,,,,,,,,,,,,,,,,,,,,,,,,,,,,,,,,,,,,,,,,,,,,,,,,,,,,,,,,,,,,,,,,,,,,,,,,,,,,,,,,,,,,,,,,,,,,,,,,,,,,,,,,,,,,,,,,,,,,,,,,,,,,,,,75498.0,
[2757],CONVERGENT MARGIN,NEW HEBRIDES ARC - VANUATU ARCHIPELAGO / NORTH FIJI BASIN,,-15.836,-15.836,173.408,173.408,SAQ,-3583.0,-3630.0,s_MW8701-10-5 [2757],BASALT [2757],,,,,,,,PHYRIC [2757] ,VOL,,,F,,GL [2757] ,50.76,2.23,,16.88,,,,7.71,10.58,7.18,0.12,,1.18,2.82,0.53,1.06,,,,,,,,,,,,,,,,,,,,,,,,,,,,,,,,,,,,,,,,,,,,,,,,,,,,,,,,,,,,,,,,,,,,,,,,,,,,,,,,,,,,,,,,,,,,,,,,,,,,,,,,,,,,,,,,,,,,,,,,,,,,,,,,75499.0,
[2757],CONVERGENT MARGIN,NEW HEBRIDES ARC - VANUATU ARCHIPELAGO / NORTH FIJI BASIN,,-17.065,-17.065,173.913,173.913,SAQ,-2000.0,-2040.0,s_MW8701-6-10 [2757],BASALT [2757],,,,,,,,PHYRIC [2757] ,VOL,,,F,,GL [2757] ,50.99,1.31,,15.1,,,,9.83,12.37,7.36,0.17,,0.14,2.64,0.1,0.22,,,,,,,,,,,,,,,,,,,,,,,,,,,,,,,,,,,,,,,,,,,,,,,,,,,,,,,,,,,,,,,,,,,,,,,,,,,,,,,,,,,,,,,,,,,,,,,,,,,,,,,,,,,,,,,,,,,,,,,,,,,,,,,,75500.0,
[2757],CONVERGENT MARGIN,NEW HEBRIDES ARC - VANUATU ARCHIPELAGO / NORTH FIJI BASIN,,-17.065,-17.065,173.913,173.913,SAQ,-2000.0,-2040.0,s_MW8701-6-4 [2757],BASALT [2757],,,,,,,,PHYRIC [2757] ,VOL,,,F,,GL [2757] ,50.67,1.52,,15.04,,,,10.57,11.87,6.98,0.21,,0.12,2.88,0.15,0.33,,,,,,,,,,,,,,,,,,,,,,,,,,,,,,,,,,,,,,,,,,,,,,,,,,,,,,,,,,,,,,,,,,,,,,,,,,,,,,,,,,,,,,,,,,,,,,,,,,,,,,,,,,,,,,,,,,,,,,,,,,,,,,,,75501.0,
[4052],CONVERGENT MARGIN,NEW HEBRIDES ARC - VANUATU ARCHIPELAGO / CENTRAL NEW HEBRIDES ARC / EPI / EAST EPI,,-16.89,-16.89,168.3,168.3,SAE,,,s_71047 [4052],BASALT [4052],,,,,,,,,VOL,,,,,WR [4052] ,47.8,0.54,,18.4,,11.5,,,12.5,6.8,0.19,,0.45,1.8,0.08,,,,,,,,,,,,,,,,0.07,,,,,,,,,,,,,,,,,,,,,,,,,,,,45.0,,371.0,39.5,,,,37.0,,,,,,,,8.0,461.0,13.7,20.8,0.0,,,,,,,,,,,,,173.0,4.7,10.1,1.42,7.05,1.68,0.67,2.21,,2.47,,1.5,,1.43,,,,,,,,,,,,,,,,,,,,,,,,,,,,,,,,,,,,,,,,75894.0,
[4052],CONVERGENT MARGIN,NEW HEBRIDES ARC - VANUATU ARCHIPELAGO / CENTRAL NEW HEBRIDES ARC / EPI / EAST EPI,,-16.89,-16.89,168.3,168.3,SAE,,,s_71042 [4052],BASALT [4052],,,,,,,,,VOL,,,,,WR [4052] ,48.0,0.62,,17.7,,10.9,,,12.9,6.43,0.17,,0.52,2.15,0.11,,,,,,,,,,,,,,,,0.09,,,,,,,,,,,,,,,,,,,,,,,,,,,,46.0,,400.0,85.0,,,,36.3,,,,,,,,7.6,485.0,,,,,,,,,,,,,,,,211.0,,,,,,,,,,,,,,,,,,,,,,,,,2.3,,0.0,0.0,,,,,,,,,,,,,,,,,,,,,,,,,75897.0,
[4052],CONVERGENT MARGIN,NEW HEBRIDES ARC - VANUATU ARCHIPELAGO / CENTRAL NEW HEBRIDES ARC / EPI / EAST EPI,,-16.89,-16.89,168.3,168.3,SAE,,,s_71043 [4052],BASALT [4052],,,,,,,,,VOL,,,,,WR [4052] ,48.1,0.5,,14.8,,11.1,,,13.3,9.46,0.19,,0.4,1.49,0.1,,,,,,,,,,,,,,,,0.59,,,,,,,,,,,,,,,,,,,,,,,,,,,,54.0,,353.0,360.0,,,,84.0,,,,,,,,6.0,378.0,13.1,20.0,0.0,,,,,,,,,,,,,181.0,,,,,,,,,,,,,,,,,,,,,,,,,,,,,,,,,,,,,,,,,,,,,,,,,,,,,75898.0,
[4052],CONVERGENT MARGIN,NEW HEBRIDES ARC - VANUATU ARCHIPELAGO / CENTRAL NEW HEBRIDES ARC / EPI / EAST EPI,,-16.89,-16.89,168.3,168.3,SAE,,,s_71046 [4052],BASALT [4052],,,,,,,,,VOL,,,,,WR [4052] ,48.2,0.39,,11.5,,9.9,,,14.4,13.5,0.16,,0.31,1.05,0.07,,,,,,,,,,,,,,,,0.1,,,,,,,,,,,,,,,,,,,,,,,,,,,,66.0,,295.0,820.0,,,,172.0,,,,,,,,6.0,246.0,8.7,13.5,0.0,,,,,,,,,,,,,137.0,3.05,7.26,1.01,5.04,1.54,0.57,1.83,,1.91,,1.06,,0.98,,,,,,,,,,,,0.0,,0.0,0.0,,,,,,,,,,,,,,,,,,,,,,,,,75899.0,
[4052],CONVERGENT MARGIN,NEW HEBRIDES ARC - VANUATU ARCHIPELAGO / CENTRAL NEW HEBRIDES ARC / EPI / EAST EPI,,-16.89,-16.89,168.3,168.3,SAE,,,s_71046 [4052],BASALT [4052],,,,,,,,,VOL,,,,,WR [4052] ,48.2,0.67,,16.2,,10.9,,,13.3,8.0,0.16,,0.48,1.88,0.08,,,,,,,,,,,,,,,,0.11,,,,,,,,,,,,,,,,,,,,,,,,,,,,51.0,,459.0,304.0,,,,79.0,,,,,,,,10.0,390.0,13.8,24.5,0.0,,,,,,,,,,,,,212.0,,,,,,,,,,,,,,,,,,,,,,,,,0.0,,0.0,0.0,,,,,,,,,,,,,,,,,,,,,,,,,75900.0,
[4052],CONVERGENT MARGIN,NEW HEBRIDES ARC - VANUATU ARCHIPELAGO / CENTRAL NEW HEBRIDES ARC / EPI / EAST EPI,,-16.89,-16.89,168.3,168.3,SAE,,,s_71042 [4052],BASALT [4052],,,,,,,,,VOL,,,,,WR [4052] ,48.2,0.45,,13.8,,10.8,,,14.2,10.5,0.17,,0.37,1.26,0.07,,,,,,,,,,,,,,,,0.1,,,,,,,,,,,,,,,,,,,,,,,,,,,,60.0,,327.0,445.0,,,,95.0,,,,,,,,5.0,345.0,12.7,14.0,0.0,,,,,,,,,,,,,156.0,,,,,,,,,,,,,,,,,,,,,,,,,,,,,,,,,,,,,,,,,,,,,,,,,,,,,75901.0,
[4052],CONVERGENT MARGIN,NEW HEBRIDES ARC - VANUATU ARCHIPELAGO / CENTRAL NEW HEBRIDES ARC / EPI / EAST EPI,,-16.89,-16.89,168.3,168.3,SAE,,,s_71065 [4052],BASALT [4052],,,,,,,,,VOL,,,,,WR [4052] ,49.0,0.66,,17.8,,10.2,,,12.9,6.2,0.16,,0.55,2.12,0.1,,,,,,,,,,,,,,,,0.11,,,,,,,,,,,,,,,,,,,,,,,,,,,,46.0,,409.0,122.0,,,,48.0,,,,,,,,9.0,451.0,17.6,27.0,0.0,,,,,,,,,,,,,231.0,,,,,,,,,,,,,,,,,,,,,,,,,,,,,,,,,,,,,,,,,,,,,,,,,,,,,75902.0,
[4052],CONVERGENT MARGIN,NEW HEBRIDES ARC - VANUATU ARCHIPELAGO / CENTRAL NEW HEBRIDES ARC / EPI / EAST EPI,,-16.89,-16.89,168.3,168.3,SAE,,,s_71074 [4052],BASALT [4052],,,,,,,,,VOL,,,,,WR [4052] ,49.3,0.83,,17.8,,12.2,,,9.97,4.77,0.21,,0.99,3.27,0.32,,,,,,,,,,,,,,,,-0.1,,,,,,,,,,,,,,,,,,,,,,,,,,,,35.5,,404.0,8.6,,,,12.1,,,,,,,,15.3,780.0,21.0,49.0,0.0,,,,,,,,,,,,,310.0,11.0,26.0,3.75,17.3,3.91,1.3,4.05,,3.82,,2.15,,1.8,,,,,,,,,,,,3.2,,0.0,0.0,,,,,,,,,,,,,,,,,,,,,,,,,75903.0,
[4052],CONVERGENT MARGIN,NEW HEBRIDES ARC - VANUATU ARCHIPELAGO / CENTRAL NEW HEBRIDES ARC / EPI / EAST EPI,,-16.89,-16.89,168.3,168.3,SAE,,,s_71075 [4052],BASALT [4052],,,,,,,,,VOL,,,,,WR [4052] ,49.9,0.8,,17.6,,11.6,,,10.3,5.49,0.2,,0.96,2.9,0.27,,,,,,,,,,,,,,,,-0.07,,,,,,,,,,,,,,,,,,,,,,,,,,,,40.0,,372.0,43.0,,,,27.0,,,,,,,,17.0,555.0,22.5,52.0,1.7,,,,,,,,,,,,,356.0,,,,,,,,,,,,,,,,,,,,,,,,,,,,,,,,,,,,,,,,,,,,,,,,,,,,,75904.0,
[4052],CONVERGENT MARGIN,NEW HEBRIDES ARC - VANUATU ARCHIPELAGO / CENTRAL NEW HEBRIDES ARC / EPI / EAST EPI,,-16.89,-16.89,168.3,168.3,SAE,,,s_71069 [4052],BASALT [4052],,,,,,,,,VOL,,,,,WR [4052] ,50.3,0.74,,18.7,,11.2,,,9.89,4.78,0.19,,1.37,2.67,0.35,,,,,,,,,,,,,,,,-0.16,,,,,,,,,,,,,,,,,,,,,,,,,,,,35.0,,373.0,25.0,,,,19.0,,,,,,,,46.0,591.0,18.6,68.0,1.8,,,,,,,,,,,,,316.0,8.01,18.2,2.4,11.9,3.1,1.14,3.3,,3.5,,2.23,,1.77,,,,,,,,,,,,3.0,,0.0,0.0,,,,,,,,,,,,,,,,,,,,,,,,,75905.0,
[4052],CONVERGENT MARGIN,NEW HEBRIDES ARC - VANUATU ARCHIPELAGO / CENTRAL NEW HEBRIDES ARC / EPI / EAST EPI,,-16.89,-16.89,168.3,168.3,SAE,,,s_71063 [4052],BASALT [4052],,,,,,,,APHYRIC [4052] ,VOL,,,,,WR [4052] ,50.9,0.7,,18.7,,11.6,,,9.69,4.5,0.22,,0.91,2.98,0.17,,,,,,,,,,,,,,,,-0.19,,,,,,,,,,,,,,,,,,,,,,,,,,,,31.4,,318.0,6.8,,,,5.4,,,,,,,,16.0,553.0,21.6,49.0,1.2,,,,,,,,,,,,,289.0,8.3,19.4,2.7,12.2,2.9,1.1,3.4,,3.9,,2.6,,2.2,,,,,,,,,,,,,,,,,,,,,,,,,,,,,,,,,,,,,,,,75906.0,
[4052],CONVERGENT MARGIN,NEW HEBRIDES ARC - VANUATU ARCHIPELAGO / CENTRAL NEW HEBRIDES ARC / EPI / EAST EPI,,-16.89,-16.89,168.3,168.3,SAE,,,s_71071 [4052],BASALT [4052],,,,,,,,,VOL,,,,,WR [4052] ,50.9,0.64,,16.0,,10.8,,,11.7,6.73,0.19,,0.77,2.31,0.13,,,,,,,,,,,,,,,,0.0,,,,,,,,,,,,,,,,,,,,,,,,,,,,49.0,,335.0,156.0,,,,38.0,,,,,,,,12.3,444.0,18.3,36.0,0.08,,,,,,,,,,,,,266.0,5.3,13.2,1.8,9.2,2.4,0.9,2.8,,3.2,,2.2,,1.8,,,,,,,,,,,,,,,,,,,,,,,,,,,,,,,,,,,,,,,,75907.0,
[4052],CONVERGENT MARGIN,NEW HEBRIDES ARC - VANUATU ARCHIPELAGO / CENTRAL NEW HEBRIDES ARC / EPI / EAST EPI,,-16.89,-16.89,168.3,168.3,SAE,,,s_71069 [4052],BASALT [4052],,,,,,,,,VOL,,,,,WR [4052] ,51.5,1.04,,15.9,,12.9,,,8.52,4.77,0.22,,1.69,2.97,0.42,,,,,,,,,,,,,,,,-0.1,,,,,,,,,,,,,,,,,,,,,,,,,,,,,,,,,,,,,,,,,,,,,,,,,,,,,,,,,,,,,,,,,,,,,,,,,,,,,,,,,,,,,,,,,,,,,,,,,,,,,,,,,,,,,,,,,75908.0,
[4052],CONVERGENT MARGIN,NEW HEBRIDES ARC - VANUATU ARCHIPELAGO / CENTRAL NEW HEBRIDES ARC / EPI / EAST EPI,,-16.89,-16.89,168.3,168.3,SAE,,,s_71061 [4052],BASALT [4052],,,,,,,,,VOL,,,,,WR [4052] ,56.4,0.82,,16.2,,10.5,,,6.92,2.86,0.21,,1.79,3.63,0.35,,,,,,,,,,,,,,,,0.16,,,,,,,,,,,,,,,,,,,,,,,,,,,,31.4,,235.0,5.2,,,,3.5,,,,,,,,32.0,484.0,31.0,102.0,3.0,,,,,,,,,,,,,549.0,,,,,,,,,,,,,,,,,,,,,,,,,,,,,,,,,,,,,,,,,,,,,,,,,,,,,75909.0,
[4052],CONVERGENT MARGIN,NEW HEBRIDES ARC - VANUATU ARCHIPELAGO / CENTRAL NEW HEBRIDES ARC / EPI / EAST EPI,,-16.89,-16.89,168.3,168.3,SAE,,,s_71049 [4052],BASALT [4052],,,,,,,,APHYRIC [4052] ,VOL,,,,,WR [4052] ,57.3,0.87,,15.8,,10.5,,,6.7,2.97,0.21,,1.63,3.97,0.34,,,,,,,,,,,,,,,,-0.28,,,,,,,,,,,,,,,,,,,,,,,,,,,,31.0,,244.0,10.9,,,,2.5,,,,,,,,31.0,473.0,32.0,87.0,3.0,,,,,,,,,,,,,489.0,11.5,28.0,3.8,17.7,4.3,1.6,4.7,,5.3,,3.5,,3.3,,,,,,,,,,,,,,,,,,,,,,,,,,,,,,,,,,,,,,,,75910.0,
[4052],CONVERGENT MARGIN,NEW HEBRIDES ARC - VANUATU ARCHIPELAGO / CENTRAL NEW HEBRIDES ARC / EPI / EAST EPI,,-16.89,-16.89,168.3,168.3,SAE,,,s_71050 [4052],BASALT [4052],,,,,,,,,VOL,,,,,WR [4052] ,59.7,0.76,,15.5,,7.6,,,4.8,1.8,0.14,,3.9,2.96,0.45,,,,,,,,,,,,,,,,1.85,,,,,,,,,,,,,,,,,,,,,,,,,,,,21.4,,125.0,5.4,,,,2.5,,,,,,,,90.0,401.0,36.0,191.0,5.0,,,,,,,,,,,,,890.0,25.9,55.8,6.96,29.4,6.07,1.44,5.88,,5.95,,3.74,,3.59,,,,,,,,,,,,11.0,,3.0,2.0,,,,,,,,,,,,,,,,,,,,,,,,,75911.0,
[4052],CONVERGENT MARGIN,NEW HEBRIDES ARC - VANUATU ARCHIPELAGO / CENTRAL NEW HEBRIDES ARC / EPI / EAST EPI,,-16.89,-16.89,168.3,168.3,SAE,,,s_71051 [4052],BASALT [4052],,,,,,,,,VOL,,,,,WR [4052] ,60.0,0.76,,15.7,,7.7,,,4.7,1.79,0.14,,3.46,3.34,0.46,,,,,,,,,,,,,,,,1.67,,,,,,,,,,,,,,,,,,,,,,,,,,,,20.0,,128.0,5.5,,,,2.9,,,,,,,,90.0,406.0,38.0,198.0,5.0,,,,,,,,,,,,,893.0,,,,,,,,,,,,,,,,,,,,,,,,,11.0,,4.5,3.0,,,,,,,,,,,,,,,,,,,,,,,,,75912.0,
[4052],CONVERGENT MARGIN,NEW HEBRIDES ARC - VANUATU ARCHIPELAGO / CENTRAL NEW HEBRIDES ARC / EPI / EAST EPI,,-16.89,-16.89,168.3,168.3,SAE,,,s_71056 [4052],BASALT [4052],,,,,,,,,VOL,,,,,WR [4052] ,61.6,0.81,,16.0,,7.2,,,5.0,1.81,0.14,,3.45,3.53,0.47,,,,,,,,,,,,,,,,0.0,,,,,,,,,,,,,,,,,,,,,,,,,,,,21.5,,136.0,6.0,,,,3.6,,,,,,,,78.0,400.0,37.0,191.0,5.0,,,,,,,,,,,,,854.0,,,,,,,,,,,,,,,,,,,,,,,,,12.0,,5.0,2.5,,,,,,,,,,,,,,,,,,,,,,,,,75913.0,
[4052],CONVERGENT MARGIN,NEW HEBRIDES ARC - VANUATU ARCHIPELAGO / CENTRAL NEW HEBRIDES ARC / EPI / EAST EPI,,-16.89,-16.89,168.3,168.3,SAE,,,s_71060 [4052],BASALT [4052],,,,,,,,APHYRIC [4052] ,VOL,,,,,WR [4052] ,61.6,0.76,,15.4,,7.87,,,4.66,1.8,0.21,,2.45,4.63,0.51,,,,,,,,,,,,,,,,-0.18,,,,,,,,,,,,,,,,,,,,,,,,,,,,16.4,,79.0,3.2,,,,2.0,,,,,,,,49.0,393.0,41.0,134.0,3.0,,,,,,,,,,,,,687.0,,,,,,,,,,,,,,,,,,,,,,,,,,,,,,,,,,,,,,,,,,,,,,,,,,,,,75914.0,
[4052],CONVERGENT MARGIN,NEW HEBRIDES ARC - VANUATU ARCHIPELAGO / CENTRAL NEW HEBRIDES ARC / EPI / EAST EPI,,-16.89,-16.89,168.3,168.3,SAE,,,s_71070 [4052],BASALT [4052],,,,,,,,,VOL,,,,,WR [4052] ,66.4,0.65,,14.5,,6.26,,,2.87,0.85,0.18,,2.97,4.74,0.24,,,,,,,,,,,,,,,,0.12,,,,,,,,,,,,,,,,,,,,,,,,,,,,17.0,,22.0,2.6,,,,1.8,,,,,,,,60.0,289.0,44.0,169.0,4.0,,,,,,,,,,,,,798.0,,,,,,,,,,,,,,,,,,,,,,,,,9.5,,2.0,0.0,,,,,,,,,,,,,,,,,,,,,,,,,75915.0,
[4052],CONVERGENT MARGIN,NEW HEBRIDES ARC - VANUATU ARCHIPELAGO / CENTRAL NEW HEBRIDES ARC / EPI / EAST EPI,,-16.89,-16.89,168.3,168.3,SAE,,,s_71053 [4052],BASALT [4052],,,,,,,,APHYRIC [4052] ,VOL,,,,,WR [4052] ,67.7,0.52,,14.6,,5.76,,,2.75,0.62,0.17,,2.85,4.65,0.15,,,,,,,,,,,,,,,,-0.01,,,,,,,,,,,,,,,,,,,,,,,,,,,,17.0,,15.3,3.0,,,,1.7,,,,,,,,56.0,283.0,46.0,171.0,4.0,,,,,,,,,,,,,830.0,17.9,41.0,5.4,24.0,5.4,1.5,5.7,,7.1,,5.4,,5.2,,,,,,,,,,,,9.0,,2.4,0.0,,,,,,,,,,,,,,,,,,,,,,,,,75916.0,
[4052],CONVERGENT MARGIN,NEW HEBRIDES ARC - VANUATU ARCHIPELAGO / CENTRAL NEW HEBRIDES ARC / EPI / EAST EPI,,-16.89,-16.89,168.3,168.3,SAE,,,s_71065 [4052],BASALT [4052],,,,,,,,,VOL,,,,,WR [4052] ,48.0,0.45,,13.9,,10.5,,,13.5,11.2,0.18,,0.35,1.55,0.05,,,,,,,,,,,,,,,,0.01,,,,,,,,,,,,,,,,,,,,,,,,,,,,57.0,,321.0,533.0,,,,124.0,,,,,,,,5.7,322.0,12.4,18.0,0.0,,,,,,,,,,,,,161.0,3.03,7.69,0.95,5.75,1.4,0.47,1.76,,2.1,,1.14,,1.07,,,,,,,,,,,,,,,,,,,,,,,,,,,,,,,,,,,,,,,,76070.0,
[17888],CONVERGENT MARGIN,NEW HEBRIDES ARC - VANUATU ARCHIPELAGO / BANKS ISLANDS / MOTO LAVA / MOTO LAVA,,-13.583,-13.583,167.616,167.616,SAE,,,s_MTL 4 [17888],BASALT [17888],416000 [17888],,,PLEISTOCENE [17888],,,,,VOL,,,,,WR [17888] ,49.88,0.61,,14.43,,,,8.71,11.48,11.36,0.17,,0.32,1.96,0.1,,,,,,,,,,,,,,,,0.36,,,,,,,,,,,,,,,,,,,,,,,,,,,,,3738.0,,,,,,,,,,,,,,3.0,359.0,14.8,30.9,0.7,,,,,,,,,,,,,117.0,2.9,7.1,,6.3,2.0,0.7,2.3,,2.4,0.5,1.4,,1.4,0.2,1.0,,,,,,,,,,2.8,,0.2,0.1,0.513057,,,0.703604,,18.3269,,,,38.353,,,,,,,,,,,,,,,765652.0,
[17888],CONVERGENT MARGIN,NEW HEBRIDES ARC - VANUATU ARCHIPELAGO / BANKS ISLANDS / MOTO LAVA / MOTO LAVA,,-13.583,-13.583,167.616,167.616,SAE,,,s_MTL 6 [17888],BASALT [17888],416000 [17888],,,PLEISTOCENE [17888],,,,,VOL,,,,,WR [17888] ,48.57,0.84,,17.78,,,,10.7,11.21,6.14,0.2,,0.59,2.61,0.16,,,,,,,,,,,,,,,,0.23,,,,,,,,,,,,,,,,,,,,,,,,,,,,,5014.0,,,,,,,,,,,,,,5.4,548.0,34.7,41.8,1.2,,,,,,,,,,,,,163.0,6.4,12.9,,12.4,3.7,1.4,4.7,,4.6,1.0,2.8,,2.7,0.4,1.3,,,,,,,,,,3.0,,0.2,0.1,0.513045,,,0.703488,,18.389,,,,38.094,,,,,,,,,,,,,,,765653.0,
[17888],CONVERGENT MARGIN,NEW HEBRIDES ARC - VANUATU ARCHIPELAGO / BANKS ISLANDS / MOTO LAVA / MOTO LAVA,,-13.583,-13.583,167.616,167.616,SAE,,,s_MTL 7 [17888],BASALT [17888],416000 [17888],,,PLEISTOCENE [17888],,,,,VOL,,,,,WR [17888] ,49.77,0.65,,14.76,,,,8.97,11.31,10.89,0.16,,0.37,2.01,0.11,,,,,,,,,,,,,,,,0.23,,,,,,,,,,,,,,,,,,,,,,,,,,,,,3872.0,,,,,,,,,,,,,,3.8,352.0,19.8,29.9,0.7,,,,,,,,,,,,,111.0,3.7,7.1,,7.6,2.3,0.9,2.8,,2.9,0.6,1.7,,1.7,0.3,0.9,,,,,,,,,,2.6,,0.2,0.1,0.513044,,,0.70357,,18.2993,,,,38.189,,,,,,,,,,,,,,,765654.0,
[17888],CONVERGENT MARGIN,NEW HEBRIDES ARC - VANUATU ARCHIPELAGO / BANKS ISLANDS / MOTO LAVA / MOTO LAVA,,-13.583,-13.583,167.616,167.616,SAE,,,s_MTL 1 [17888],BASALT [17888],0 [17888],200000 [17888],,QUATERNARY [17888],,,,,VOL,,,,,WR [17888] ,49.11,0.98,,15.07,,,,8.52,11.38,10.71,0.16,,0.53,2.44,0.17,,,,,,,,,,,,,,,,-0.15,,,,,,,,,,,,,,,,,,,,,,,,,,,,,5865.0,,,,,,,,,,,,,,7.9,334.0,18.5,63.2,7.0,,,,,,,,,,,,,128.0,7.4,15.5,,10.6,2.8,1.0,3.1,,3.2,0.7,1.8,,1.8,0.3,1.6,,,,,,,,,,2.6,,0.8,0.3,0.512974,,,0.70351,,18.4256,,,,38.17,,,,,,,,,,,,,,,765655.0,
[17888],CONVERGENT MARGIN,NEW HEBRIDES ARC - VANUATU ARCHIPELAGO / BANKS ISLANDS / MOTO LAVA / MOTO LAVA,,-13.583,-13.583,167.616,167.616,SAE,,,s_MTL 3 [17888],BASALT [17888],0 [17888],200000 [17888],,QUATERNARY [17888],,,,,VOL,,,,,WR [17888] ,49.03,1.02,,15.11,,,,8.56,11.34,10.6,0.16,,0.56,2.48,0.18,,,,,,,,,,,,,,,,-0.19,,,,,,,,,,,,,,,,,,,,,,,,,,,,,6144.0,,,,,,,,,,,,,,8.1,343.0,18.9,68.1,7.8,,,,,,,,,,,,,136.0,7.9,16.8,,10.8,3.0,1.1,3.2,,3.2,0.7,1.9,,1.9,0.3,1.7,,,,,,,,,,1.5,,0.8,0.3,0.512988,,,0.703517,,18.3897,,,,38.148,,,,,,,,,,,,,,,765656.0,
[17888],CONVERGENT MARGIN,NEW HEBRIDES ARC - VANUATU ARCHIPELAGO / BANKS ISLANDS / MOTO LAVA / MOTO LAVA,,-13.583,-13.583,167.616,167.616,SAE,,,s_MTL9 [17888],BASALT [17888],0 [17888],200000 [17888],,QUATERNARY [17888],,,,,VOL,,,,,WR [17888] ,48.62,0.7,,13.93,,,,8.58,11.87,12.79,0.16,,0.23,2.02,0.13,,,,,,,,,,,,,,,,0.57,,,,,,,,,,,,,,,,,,,,,,,,,,,,,4154.0,,,,,,,,,,,,,,1.8,318.0,14.2,40.4,2.8,,,,,,,,,,,,,77.0,4.1,9.2,,6.8,2.0,0.7,2.4,,2.4,0.5,1.4,,1.4,0.2,1.1,,,,,,,,,,1.4,,0.5,0.3,0.513021,,,0.703896,,18.3958,,,,38.318,,,,,,,,,,,,,,,765657.0,
[3786],CONVERGENT MARGIN,NEW HEBRIDES ARC - VANUATU ARCHIPELAGO / BANKS ISLANDS / GAUA (SANTA MARIA) / GAUA (SANTA MARIA),,-14.2,-14.2,167.4,167.4,SAE,,,s_607 [3786],BASALTIC-ANDESITE [3786],,,,,,,,,VOL,,,,,WR [3786] ,46.44,0.81,,11.69,,6.06,5.99,,13.01,11.0,0.3,,0.78,2.22,0.23,,,,,,,,,,,,,,,,1.33,,,,,,,,,,,,,,,,,,,,,,,,,,,,,,407.0,398.0,,,,120.0,,,,,,,,,687.0,13.0,53.0,1.0,0.7,,,,,,,,,,,,310.0,11.2,24.3,3.5,17.0,4.1,1.3,3.6,0.53,3.2,0.55,1.4,,1.5,,1.6,,,,,,,,,,5.3,,1.2,0.5,,,,,,,,,,,,,,,,,,,,,,,,,77333.0,
[3786],CONVERGENT MARGIN,NEW HEBRIDES ARC - VANUATU ARCHIPELAGO / BANKS ISLANDS / GAUA (SANTA MARIA) / GAUA (SANTA MARIA),,-14.2,-14.2,167.4,167.4,SAE,,,s_605 [3786],BASALTIC-ANDESITE [3786],,,,,,,,,VOL,,,,,WR [3786] ,46.5,0.74,,11.36,,5.52,5.48,,11.78,14.81,0.26,,0.6,2.04,0.15,,,,,,,,,,,,,,,,1.09,,,,,,,,,,,,,,,,,,,,,,,,,,,,,,328.0,854.0,,,,265.0,,,,,,,,9.0,502.0,13.0,48.0,1.0,0.5,,,,,,,,,,,,193.0,7.1,16.4,2.2,10.7,2.7,0.86,2.3,0.38,2.2,0.47,1.4,,1.2,,1.2,,,,,,,,,,2.1,,0.6,0.3,,,,,,,,,,,,,,,,,,,,,,,,,77334.0,
[3786],CONVERGENT MARGIN,NEW HEBRIDES ARC - VANUATU ARCHIPELAGO / BANKS ISLANDS / GAUA (SANTA MARIA) / GAUA (SANTA MARIA),,-14.2,-14.2,167.4,167.4,SAE,,,s_601 [3786],BASALTIC-ANDESITE [3786],,,,,,,,,VOL,,,,,WR [3786] ,50.8,0.82,,18.26,,4.68,4.93,,9.96,3.99,0.31,,1.57,3.52,0.29,,,,,,,,,,,,,,,,0.99,,,,,,,,,,,,,,,,,,,,,,,,,,,,,,,,,,,,,,,,,,,25.0,1014.0,,64.0,,,,,,,,,,,,,,,,,,,,,,,,,,,,,,,,,,,,,,,,,,,,,,,,,,,,,,,,,,,,,,,,,,,77336.0,
[3786],CONVERGENT MARGIN,NEW HEBRIDES ARC - VANUATU ARCHIPELAGO / BANKS ISLANDS / GAUA (SANTA MARIA) / GAUA (SANTA MARIA),,-14.2,-14.2,167.4,167.4,SAE,,,s_594 [3786],BASALTIC-ANDESITE [3786],,,,,,,,,VOL,,,,,WR [3786] ,57.04,0.82,,16.88,,2.76,4.74,,5.31,2.53,0.27,,3.48,4.51,0.42,,,,,,,,,,,,,,,,0.79,,,,,,,,,,,,,,,,,,,,,,,,,,,,,,218.0,5.0,,,,0.0,,,,,,,,56.0,671.0,,128.0,,,,,,,,,,,,,,,,,,,,,,,,,,,,,,,,,,,,,,,,,,,,,,,,,,,,,,,,,,,,,,,,,,,77337.0,
[3786],CONVERGENT MARGIN,NEW HEBRIDES ARC - VANUATU ARCHIPELAGO / BANKS ISLANDS / GAUA (SANTA MARIA) / GAUA (SANTA MARIA),,-14.2,-14.2,167.4,167.4,SAE,,,s_595 [3786],BASALTIC-ANDESITE [3786],,,,,,,,,VOL,,,,,WR [3786] ,64.15,0.52,,16.53,,0.98,2.65,,1.41,0.6,0.23,,6.01,5.45,0.65,,,,,,,,,,,,,,,,0.66,,,,,,,,,,,,,,,,,,,,,,,,,,,,,,36.0,0.0,,,,0.0,,,,,,,,96.0,203.0,,213.0,,,,,,,,,,,,,,,,,,,,,,,,,,,,,,,,,,,,,,,,,,,,,,,,,,,,,,,,,,,,,,,,,,,77338.0,
[3786],CONVERGENT MARGIN,NEW HEBRIDES ARC - VANUATU ARCHIPELAGO / BANKS ISLANDS / UREPARAPARA / UREPARAPARA,,-13.4,-13.4,167.3,167.3,SAE,,,s_588 [3786],BASALT [3786],,,,,,,,,VOL,,,,,WR [3786] ,49.64,0.82,,16.25,,4.86,5.05,,10.76,6.06,0.21,,1.0,2.77,0.2,,,,,,,,,,,,,,,,2.11,,,,,,,,,,,,,,,,,,,,,,,,,,,,,,,119.0,,,,32.0,,,,,,,,12.0,509.0,,61.0,,,,,,,,,,,,,,,,,,,,,,,,,,,,,,,,,,,,,,,,,,,,,,,,,,,,,,,,,,,,,,,,,,,77339.0,
[3786],CONVERGENT MARGIN,NEW HEBRIDES ARC - VANUATU ARCHIPELAGO / BANKS ISLANDS / UREPARAPARA / UREPARAPARA,,-13.4,-13.4,167.3,167.3,SAE,,,s_591 [3786],BASALT [3786],,,,,,,,,VOL,,,,,WR [3786] ,49.92,0.88,,15.92,,4.65,5.43,,10.92,6.09,0.22,,0.96,2.77,0.21,,,,,,,,,,,,,,,,1.15,,,,,,,,,,,,,,,,,,,,,,,,,,,,,,,102.0,,,,21.0,,,,,,,,13.0,520.0,,65.0,,,,,,,,,,,,,,,,,,,,,,,,,,,,,,,,,,,,,,,,,,,,,,,,,,,,,,,,,,,,,,,,,,,77340.0,
[3786],CONVERGENT MARGIN,NEW HEBRIDES ARC - VANUATU ARCHIPELAGO / BANKS ISLANDS / UREPARAPARA / UREPARAPARA,,-13.4,-13.4,167.3,167.3,SAE,,,s_585 [3786],BASALT [3786],,,,,,,,,VOL,,,,,WR [3786] ,55.36,0.82,,17.73,,3.74,4.32,,7.49,3.19,0.15,,1.58,3.71,0.26,,,,,,,,,,,,,,,,1.63,,,,,,,,,,,,,,,,,,,,,,,,,,,,,,,,,,,,,,,,,,,,,,,,,,,,,,,,,,,,,,,,,,,,,,,,,,,,,,,,,,,,,,,,,,,,,,,,,,,,,,,,,,,,,,,,,77341.0,
[3786],CONVERGENT MARGIN,NEW HEBRIDES ARC - VANUATU ARCHIPELAGO / BANKS ISLANDS / VANUA LAVA / VANUA LAVA,,-13.8,-13.8,167.4,167.4,SAE,,,s_581 [3786],BASALT [3786],,,,,,,,,VOL,,,,,WR [3786] ,47.21,0.85,,17.86,,4.61,7.23,,11.69,6.44,0.2,,0.91,2.52,0.21,,,,,,,,,,,,,,,,0.38,,,,,,,,,,,,,,,,,,,,,,,,,,,,,,451.0,35.0,,,,20.0,,,,,,,,13.0,696.0,,48.0,,,,,,,,,,,,,,,,,,,,,,,,,,,,,,,,,,,,,,,,,,,,,,,,,,,,,,,,,,,,,,,,,,,77342.0,
[3786],CONVERGENT MARGIN,NEW HEBRIDES ARC - VANUATU ARCHIPELAGO / BANKS ISLANDS / VANUA LAVA / VANUA LAVA,,-13.8,-13.8,167.4,167.4,SAE,,,s_576 [3786],BASALT [3786],,,,,,,,,VOL,,,,,WR [3786] ,51.31,0.8,,19.54,,3.57,6.07,,9.97,3.54,0.22,,0.78,3.15,0.17,,,,,,,,,,,,,,,,0.62,,,,,,,,,,,,,,,,,,,,,,,,,,,,,,348.0,0.0,,,,0.0,,,,,,,,10.0,666.0,,48.0,,,,,,,,,,,,,,,,,,,,,,,,,,,,,,,,,,,,,,,,,,,,,,,,,,,,,,,,,,,,,,,,,,,77343.0,
[3786],CONVERGENT MARGIN,NEW HEBRIDES ARC - VANUATU ARCHIPELAGO / BANKS ISLANDS / VANUA LAVA / VANUA LAVA,,-13.8,-13.8,167.4,167.4,SAE,,,s_570 [3786],BASALT [3786],,,,,,,,,VOL,,,,,WR [3786] ,53.79,0.75,,17.25,,2.97,6.32,,8.87,4.49,0.11,,1.13,3.12,0.13,,,,,,,,,,,,,,,,0.72,,,,,,,,,,,,,,,,,,,,,,,,,,,,,,327.0,10.0,,,,7.0,,,,,,,,17.0,462.0,,73.0,,,,,,,,,,,,,,,,,,,,,,,,,,,,,,,,,,,,,,,,,,,,,,,,,,,,,,,,,,,,,,,,,,,77344.0,
[3786],CONVERGENT MARGIN,NEW HEBRIDES ARC - VANUATU ARCHIPELAGO / BANKS ISLANDS / VANUA LAVA / VANUA LAVA,,-13.8,-13.8,167.4,167.4,SAE,,,s_566 [3786],BASALT [3786],,,,,,,,,VOL,,,,,WR [3786] ,61.69,0.77,,15.75,,3.28,4.06,,3.44,1.45,0.24,,2.48,4.35,0.45,,,,,,,,,,,,,,,,1.58,,,,,,,,,,,,,,,,,,,,,,,,,,,,,,98.0,0.0,,,,0.0,,,,,,,,39.0,376.0,,133.0,,,,,,,,,,,,,,,,,,,,,,,,,,,,,,,,,,,,,,,,,,,,,,,,,,,,,,,,,,,,,,,,,,,77345.0,
[3786],CONVERGENT MARGIN,NEW HEBRIDES ARC - VANUATU ARCHIPELAGO / BANKS ISLANDS / MERIG / MERIG,,-14.3,-14.3,167.783,167.783,SAE,,,s_632 [3786],ANDESITE [3786],,,,,,,,,VOL,,,,,WR [3786] ,54.42,1.0,,16.82,,2.76,5.4,,8.62,5.26,0.28,,1.03,2.82,0.27,,,,,,,,,,,,,,,,1.02,,,,,,,,,,,,,,,,,,,,,,,,,,,,,,244.0,101.0,,,,37.0,,,,,,,,25.0,524.0,,108.0,,,,,,,,,,,,,,,,,,,,,,,,,,,,,,,,,,,,,,,,,,,,,,,,,,,,,,,,,,,,,,,,,,,77346.0,
[3786],CONVERGENT MARGIN,NEW HEBRIDES ARC - VANUATU ARCHIPELAGO / BANKS ISLANDS / MERIG / MERIG,,-14.3,-14.3,167.783,167.783,SAE,,,s_634 [3786],ANDESITE [3786],,,,,,,,,VOL,,,,,WR [3786] ,56.66,0.91,,17.44,,4.22,3.32,,7.81,3.72,0.29,,1.19,3.04,0.32,,,,,,,,,,,,,,,,0.91,,,,,,,,,,,,,,,,,,,,,,,,,,,,,,185.0,31.0,,,,25.0,,,,,,,,28.0,549.0,,127.0,,,,,,,,,,,,,,,,,,,,,,,,,,,,,,,,,,,,,,,,,,,,,,,,,,,,,,,,,,,,,,,,,,,77347.0,
[3786],CONVERGENT MARGIN,NEW HEBRIDES ARC - VANUATU ARCHIPELAGO / BANKS ISLANDS / MERIG / MERIG,,-14.3,-14.3,167.783,167.783,SAE,,,s_630 [3786],ANDESITE [3786],,,,,,,,,VOL,,,,,WR [3786] ,62.79,0.52,,17.17,,2.15,2.36,,6.08,2.04,0.21,,1.37,3.66,0.26,,,,,,,,,,,,,,,,0.94,,,,,,,,,,,,,,,,,,,,,,,,,,,,,,85.0,43.0,,,,16.0,,,,,,,,34.0,525.0,,156.0,,,,,,,,,,,,,,,,,,,,,,,,,,,,,,,,,,,,,,,,,,,,,,,,,,,,,,,,,,,,,,,,,,,77348.0,
[3786],CONVERGENT MARGIN,NEW HEBRIDES ARC - VANUATU ARCHIPELAGO / BANKS ISLANDS / MOTO LAVA / MOTO LAVA,,-13.583,-13.583,167.616,167.616,SAE,,,s_611 [3786],BASALT [3786],0 [3786],2500000 [3786],,QUATERNARY [3786],,,,,VOL,,,,,WR [3786] ,48.88,0.73,,18.32,,5.39,5.3,,10.49,7.31,0.21,,0.37,2.38,0.18,,,,,,,,,,,,,,,,1.04,,,,,,,,,,,,,,,,,,,,,,,,,,,,,,,122.0,,,,46.0,,,,,,,,5.0,568.0,,38.0,,,,,,,,,,,,,,,,,,,,,,,,,,,,,,,,,,,,,,,,,,,,,,,,,,,,,,,,,,,,,,,,,,,77349.0,
[3786],CONVERGENT MARGIN,NEW HEBRIDES ARC - VANUATU ARCHIPELAGO / BANKS ISLANDS / MOTO LAVA / MOTO LAVA,,-13.583,-13.583,167.616,167.616,SAE,,,s_614 [3786],BASALT [3786],0 [3786],2500000 [3786],,QUATERNARY [3786],,,,,VOL,,,,,WR [3786] ,50.2,0.75,,15.82,,5.88,4.23,,11.79,7.5,0.21,,0.39,2.01,0.15,,,,,,,,,,,,,,,,0.89,,,,,,,,,,,,,,,,,,,,,,,,,,,,,,,248.0,,,,51.0,,,,,,,,6.0,384.0,,50.0,,,,,,,,,,,,,,,,,,,,,,,,,,,,,,,,,,,,,,,,,,,,,,,,,,,,,,,,,,,,,,,,,,,77350.0,
[3786],CONVERGENT MARGIN,NEW HEBRIDES ARC - VANUATU ARCHIPELAGO / BANKS ISLANDS / MOTO LAVA / MOTO LAVA,,-13.583,-13.583,167.616,167.616,SAE,,,s_615 [3786],BASALT [3786],0 [3786],2500000 [3786],,QUATERNARY [3786],,,,,VOL,,,,,WR [3786] ,51.35,0.79,,16.8,,3.45,6.17,,10.62,5.93,0.21,,0.74,2.54,0.21,,,,,,,,,,,,,,,,1.03,,,,,,,,,,,,,,,,,,,,,,,,,,,,,,,127.0,,,,39.0,,,,,,,,11.0,515.0,,63.0,,,,,,,,,,,,,,,,,,,,,,,,,,,,,,,,,,,,,,,,,,,,,,,,,,,,,,,,,,,,,,,,,,,77351.0,
[3786],CONVERGENT MARGIN,NEW HEBRIDES ARC - VANUATU ARCHIPELAGO / BANKS ISLANDS / MOTO LAVA / MOTO LAVA,,-13.583,-13.583,167.616,167.616,SAE,,,s_619 [3786],BASALT [3786],0 [3786],2500000 [3786],,QUATERNARY [3786],,,,,VOL,,,,,WR [3786] ,53.21,0.77,,19.39,,4.0,4.63,,8.73,3.31,0.2,,0.86,3.52,0.25,,,,,,,,,,,,,,,,1.08,,,,,,,,,,,,,,,,,,,,,,,,,,,,,,,12.0,,,,0.0,,,,,,,,11.0,578.0,,73.0,,,,,,,,,,,,,,,,,,,,,,,,,,,,,,,,,,,,,,,,,,,,,,,,,,,,,,,,,,,,,,,,,,,77352.0,
[3786],CONVERGENT MARGIN,NEW HEBRIDES ARC - VANUATU ARCHIPELAGO / BANKS ISLANDS / MOTO (=MOTA) / MOTO (=MOTA),,-13.8,-19.53,169.27,169.27,SAE,,,s_623 [3786],BASALT [3786],,,,,,,,,VOL,,,,,WR [3786] ,48.81,0.82,,16.6,,6.22,4.96,,10.54,6.66,0.29,,0.78,2.44,0.24,,,,,,,,,,,,,,,,1.1,,,,,,,,,,,,,,,,,,,,,,,,,,,,,,,93.0,,,,40.0,,,,,,,,11.0,586.0,,54.0,,,,,,,,,,,,,,,,,,,,,,,,,,,,,,,,,,,,,,,,,,,,,,,,,,,,,,,,,,,,,,,,,,,77353.0,
[3786],CONVERGENT MARGIN,NEW HEBRIDES ARC - VANUATU ARCHIPELAGO / BANKS ISLANDS / VOT TANDE (=VAT GANAI) / VOT TANDE (=VAT GANAI),,-13.25,-13.25,167.25,167.25,SAE,,,s_593 [3786],BASALT [3786],,,,,,,,,VOL,,,,,WR [3786] ,52.39,0.75,,17.34,,4.76,4.54,,9.44,4.99,0.17,,1.07,2.5,0.24,,,,,,,,,,,,,,,,1.37,,,,,,,,,,,,,,,,,,,,,,,,,,,,,,,29.0,,,,11.0,,,,,,,,15.0,509.0,,67.0,,,,,,,,,,,,,,,,,,,,,,,,,,,,,,,,,,,,,,,,,,,,,,,,,,,,,,,,,,,,,,,,,,,77354.0,
[3786],CONVERGENT MARGIN,NEW HEBRIDES ARC - VANUATU ARCHIPELAGO / BANKS ISLANDS / MERELAVA / MERELAVA,,-14.45,-14.45,168.0,168.0,SAE,,,s_541 [3786],BASALT [3786],,,,,,,,,VOL,,,,,WR [3786] ,50.82,0.64,,13.67,,2.73,6.79,,12.9,9.74,0.21,,0.38,1.89,0.12,,,,,,,,,,,,,,,,0.2,,,,,,,,,,,,,,,,,,,,,,,,,,,,,,,372.0,,,,75.0,,,,,,,,5.0,240.0,18.0,47.0,0.6,0.6,,,,,,,,,,,,123.0,1.9,4.9,0.81,4.4,1.5,0.51,1.8,0.33,2.1,0.48,1.4,,1.4,,0.87,,,,,,,,,,3.3,,0.2,0.1,,,,,,,,,,,,,,,,,,,,,,,,,77355.0,
[3786],CONVERGENT MARGIN,NEW HEBRIDES ARC - VANUATU ARCHIPELAGO / BANKS ISLANDS / MERELAVA / MERELAVA,,-14.45,-14.45,168.0,168.0,SAE,,,s_545 [3786],BASALT [3786],,,,,,,,,VOL,,,,,WR [3786] ,51.04,0.74,,16.72,,3.2,6.76,,11.39,6.23,0.19,,0.52,2.42,0.12,,,,,,,,,,,,,,,,0.32,,,,,,,,,,,,,,,,,,,,,,,,,,,,,,,94.0,,,,27.0,,,,,,,,8.0,337.0,,49.0,,,,,,,,,,,,,,,,,,,,,,,,,,,,,,,,,,,,,,,,,,,,,,,,,,,,,,,,,,,,,,,,,,,77356.0,
[3786],CONVERGENT MARGIN,NEW HEBRIDES ARC - VANUATU ARCHIPELAGO / BANKS ISLANDS / MERELAVA / MERELAVA,,-14.45,-14.45,168.0,168.0,SAE,,,s_546 [3786],BASALT [3786],,,,,,,,,VOL,,,,,WR [3786] ,52.0,0.74,,19.05,,3.47,5.75,,11.2,4.32,0.22,,0.53,2.51,0.12,,,,,,,,,,,,,,,,0.15,,,,,,,,,,,,,,,,,,,,,,,,,,,,,,,21.0,,,,16.0,,,,,,,,7.0,353.0,17.0,50.0,0.8,0.7,,,,,,,,,,,,224.0,2.6,6.8,1.03,5.3,1.6,0.6,2.0,0.37,2.4,0.52,1.5,,1.6,,0.96,,,,,,,,,,7.4,,0.2,0.1,,,,,,,,,,,,,,,,,,,,,,,,,77357.0,
[3786],CONVERGENT MARGIN,NEW HEBRIDES ARC - VANUATU ARCHIPELAGO / BANKS ISLANDS / MERELAVA / MERELAVA,,-14.45,-14.45,168.0,168.0,SAE,,,s_547 [3786],BASALT [3786],,,,,,,,,VOL,,,,,WR [3786] ,52.03,0.63,,15.7,,4.35,5.46,,11.23,7.36,0.18,,0.43,2.07,0.08,,,,,,,,,,,,,,,,0.16,,,,,,,,,,,,,,,,,,,,,,,,,,,,,,,179.0,,,,47.0,,,,,,,,7.0,255.0,,49.0,,,,,,,,,,,,,,162.0,2.3,5.6,0.88,4.7,1.6,0.59,2.0,0.36,2.4,0.51,1.5,,1.7,,0.99,,,,,,,,,,2.9,,0.2,0.2,,,,,,,,,,,,,,,,,,,,,,,,,77358.0,
[3792],CONVERGENT MARGIN,NEW HEBRIDES ARC - VANUATU ARCHIPELAGO / BANKS ISLANDS / GAUA (SANTA MARIA) / GAUA (SANTA MARIA),,-14.2,-14.2,167.4,167.4,SAE,,,s_G 18 [3792],BASALTIC-ANDESITE [3792],,,,,,,,,VOL,,,,,WR [3792] ,53.45,0.83,,17.22,,4.46,4.42,,7.65,3.68,0.27,,2.55,4.07,0.39,,,,,,,,,,,,,,,,0.88,,,,,,,,,,,,,,,,,,,,,,,,,,,,,,,,,,,,,,,,,,,,,,,,,,,,,,,,,,,,,,,,,,,,,,,,,,,,,,,,,,,,,,,,,,,,,,,,,,,,,,,,,,,,,,,,,783334.0,
[3792],CONVERGENT MARGIN,NEW HEBRIDES ARC - VANUATU ARCHIPELAGO / BANKS ISLANDS / GAUA (SANTA MARIA) / GAUA (SANTA MARIA),,-14.2,-14.2,167.4,167.4,SAE,,,s_G 21 [3792],BASALT [3792],,,,,,,,,VOL,,,,,WR [3792] ,49.33,0.96,,15.21,,6.04,6.08,,10.66,6.33,0.3,,0.79,2.9,0.22,,,,,,,,,,,,,,,,1.19,,,,,,,,,,,,,,,,,,,,,,,,,,,,,,,,,,,,,,,,,,,,,,,,,,,,,,,,,,,,,,,,,,,,,,,,,,,,,,,,,,,,,,,,,,,,,,,,,,,,,,,,,,,,,,,,,783335.0,
[3792],CONVERGENT MARGIN,NEW HEBRIDES ARC - VANUATU ARCHIPELAGO / BANKS ISLANDS / GAUA (SANTA MARIA) / GAUA (SANTA MARIA),,-14.2,-14.2,167.4,167.4,SAE,,,s_G 22 [3792],BASALT [3792],,,,,,,,,VOL,,,,,WR [3792] ,46.44,0.81,,11.69,,6.06,5.99,,13.01,11.0,0.3,,0.78,2.22,0.23,,,,,,,,,,,,,,,,1.33,,,,,,,,,,,,,,,,,,,,,,,,,,,,,,,,,,,,,,,,,,,,,,,,,,,,,,,,,,,,,,,,,,,,,,,,,,,,,,,,,,,,,,,,,,,,,,,,,,,,,,,,,,,,,,,,,783336.0,
[3792],CONVERGENT MARGIN,NEW HEBRIDES ARC - VANUATU ARCHIPELAGO / BANKS ISLANDS / GAUA (SANTA MARIA) / GAUA (SANTA MARIA),,-14.2,-14.2,167.4,167.4,SAE,,,s_G 24 [3792],BASALT [3792],,,,,,,,,VOL,,,,,WR [3792] ,48.22,0.91,,14.74,,5.65,6.28,,11.59,6.22,0.29,,1.48,2.94,0.35,,,,,,,,,,,,,,,,1.43,,,,,,,,,,,,,,,,,,,,,,,,,,,,,,,,,,,,,,,,,,,,,,,,,,,,,,,,,,,,,,,,,,,,,,,,,,,,,,,,,,,,,,,,,,,,,,,,,,,,,,,,,,,,,,,,,783337.0,
[18719],CONVERGENT MARGIN,NEW HEBRIDES ARC - VANUATU ARCHIPELAGO / SOUTHERN NEW HEBRIDES ARC / TANNA (=TANUA) / YASUR(=YASOWA),,-19.5161,-19.5161,169.447,169.447,SAE,,,s_TAN 3 [18719],BASALTIC-TRACHYANDESITE [18719],,,,,,,,,VOL,,,,,WR [18719] ,55.53,0.95,,15.85,,,,8.5,5.43,2.63,0.16,,3.13,3.67,0.53,,,,,,,,,,,,,,,,1.7,,,,,,,,,,,,,,,,,,,,,,,,,,,,,,,0.0,,,17.0,,,,,,,,,42.0,469.0,25.9,116.0,1.4,,,,,,,,,,,,1.4,600.0,15.3,34.2,4.9,21.6,5.2,1.4,4.9,0.73,4.4,0.9,2.7,0.4,2.8,0.44,3.5,0.11,,,,,,,,,15.4,,2.55,1.44,,,,,,,,,,,,,,,,,,,,,,,,,846696.0,
[18719],CONVERGENT MARGIN,NEW HEBRIDES ARC - VANUATU ARCHIPELAGO / SOUTHERN NEW HEBRIDES ARC / TANNA (=TANUA) / YASUR(=YASOWA),,-19.5161,-19.5161,169.447,169.447,SAE,,,s_TAN 6 [18719],BASALTIC-TRACHYANDESITE [18719],,,,,,,,,VOL,,,,,WR [18719] ,55.65,0.85,,15.83,,,,8.53,7.37,4.1,0.17,,2.64,3.62,0.43,,,,,,,,,,,,,,,,0.3,,,,,,,,,,,,,,,,,,,,,,,,,,,,,,,49.0,,,21.0,,,,,,,,,34.0,522.0,20.8,90.0,1.1,,,,,,,,,,,,1.1,464.0,11.7,26.1,3.4,17.0,4.1,1.2,3.8,0.58,3.5,0.7,2.0,0.31,2.1,0.33,2.4,0.08,,,,,,,,,11.1,,1.8,1.02,,,,,,,,,,,,,,,,,,,,,,,,,846697.0,
[18719],CONVERGENT MARGIN,NEW HEBRIDES ARC - VANUATU ARCHIPELAGO / SOUTHERN NEW HEBRIDES ARC / TANNA (=TANUA) / YASUR(=YASOWA),,-19.5161,-19.5161,169.447,169.447,SAE,,,s_13/1-B [18719],BASALTIC-TRACHYANDESITE [18719],,,,,,,,,VOL,,,,,WR [18719] ,55.59,0.82,,16.2,,,,8.54,7.09,4.03,0.17,,2.61,3.57,0.41,,,,,,,,,,,,,,,,,,,,,,,,,,,,,,,,,,,,,,,,,,,,,,,14.0,,,20.0,,,,,,,,,46.0,643.0,26.6,116.0,1.4,,,,,,,,,,,,1.5,621.0,16.0,35.7,5.1,22.7,5.5,1.6,4.9,0.75,4.5,0.9,2.7,0.39,2.7,0.43,3.2,0.1,,,,,,,,,15.0,,2.54,1.37,,,,,,,,,,,,,,,,,,,,,,,,,846698.0,
[18719],CONVERGENT MARGIN,NEW HEBRIDES ARC - VANUATU ARCHIPELAGO / SOUTHERN NEW HEBRIDES ARC / TANNA (=TANUA) / YASUR(=YASOWA),,-19.5161,-19.5161,169.447,169.447,SAE,,,s_TAN 21 [18719],BASALTIC-TRACHYANDESITE [18719],,,,,,,,,VOL,,,,,WR [18719] ,56.84,0.87,,16.14,,,,8.0,6.54,3.0,0.16,,2.93,3.84,0.47,,,,,,,,,,,,,,,,0.9,,,,,,,,,,,,,,,,,,,,,,,,,,,,,,,9.0,,,15.0,,,,,,,,,44.0,431.0,24.0,114.0,1.4,,,,,,,,,,,,1.5,560.0,14.4,32.2,4.2,20.5,4.8,1.3,4.4,0.66,4.0,0.8,2.4,0.36,2.5,0.39,3.1,0.1,,,,,,,,,14.6,,2.3,1.32,,,,,,,,,,,,,,,,,,,,,,,,,846699.0,
[18719],CONVERGENT MARGIN,NEW HEBRIDES ARC - VANUATU ARCHIPELAGO / SOUTHERN NEW HEBRIDES ARC / TANNA (=TANUA) / YASUR(=YASOWA),,-19.5161,-19.5161,169.447,169.447,SAE,,,s_TAN 8 [18719],TRACHYANDESITE [18719],,,,,,,,,VOL,,,,,WR [18719] ,58.59,0.94,,15.1,,,,7.8,5.5,2.68,0.16,,3.38,3.95,0.54,,,,,,,,,,,,,,,,0.5,,,,,,,,,,,,,,,,,,,,,,,,,,,,,,,26.0,,,18.0,,,,,,,,,40.0,750.0,22.7,102.0,1.3,,,,,,,,,,,,1.3,570.0,13.9,31.0,4.3,19.4,4.7,1.4,4.1,0.64,3.7,0.8,2.2,0.33,2.3,0.36,2.7,0.09,,,,,,,,,14.0,,2.12,1.14,,,,,,,,,,,,,,,,,,,,,,,,,846700.0,
[18719],CONVERGENT MARGIN,NEW HEBRIDES ARC - VANUATU ARCHIPELAGO / SOUTHERN NEW HEBRIDES ARC / TANNA (=TANUA) / YASUR(=YASOWA),,-19.5161,-19.5161,169.447,169.447,SAE,,,s_TAN 12 [18719],BASALTIC-TRACHYANDESITE [18719],,,,,,,,,VOL,,,,,WR [18719] ,55.85,0.7,,18.77,,,,6.93,7.47,2.36,0.14,,2.53,3.85,0.42,,,,,,,,,,,,,,,,-0.2,,,,,,,,,,,,,,,,,,,,,,,,,,,,,,,20.0,,,15.0,,,,,,,,,33.0,720.0,18.5,81.0,1.0,,,,,,,,,,,,1.1,484.0,11.0,24.3,3.5,15.7,3.7,1.2,3.5,0.53,3.2,0.6,1.9,0.3,2.0,0.3,2.3,0.08,,,,,,,,,10.9,,1.72,0.98,,,,,,,,,,,,,,,,,,,,,,,,,846701.0,
[18719],CONVERGENT MARGIN,NEW HEBRIDES ARC - VANUATU ARCHIPELAGO / SOUTHERN NEW HEBRIDES ARC / TANNA (=TANUA) / YASUR(=YASOWA),,-19.5161,-19.5161,169.447,169.447,SAE,,,s_TAN 10 [18719],BASALTIC-TRACHYANDESITE [18719],,,,,,,,,VOL,,,,,WR [18719] ,54.53,0.65,,19.46,,,,6.48,7.93,2.13,0.12,,2.39,3.87,0.38,,,,,,,,,,,,,,,,0.0,,,,,,,,,,,,,,,,,,,,,,,,,,,,,,,10.0,,,18.0,,,,,,,,,40.0,537.0,23.2,101.0,1.2,,,,,,,,,,,,1.3,544.0,14.0,30.9,4.4,19.8,4.7,1.4,4.4,0.65,3.9,0.8,2.3,0.4,2.4,0.4,2.9,0.1,,,,,,,,,13.0,,2.17,1.25,,,,,,,,,,,,,,,,,,,,,,,,,846702.0,
[18719],CONVERGENT MARGIN,NEW HEBRIDES ARC - VANUATU ARCHIPELAGO / SOUTHERN NEW HEBRIDES ARC / TANNA (=TANUA) / YASUR(=YASOWA),SIWI,-19.5161,-19.5161,169.447,169.447,SAE,,,s_TAN 1 [18719],BASALTIC-TRACHYANDESITE [18719],,,,,,,,,VOL,,,,,WR [18719] ,55.26,0.87,,16.37,,,,8.1,6.52,2.95,0.16,,2.96,3.81,0.48,,,,,,,,,,,,,,,,0.8,,,,,,,,,,,,,,,,,,,,,,,,,,,,,,,20.0,,,20.0,,,,,,,,,49.0,653.0,28.0,126.0,1.6,,,,,,,,,,,,1.6,659.0,17.2,38.2,5.4,24.2,5.8,1.6,5.1,0.78,4.7,0.9,2.7,0.41,2.8,0.45,3.4,0.12,,,,,,,,,14.9,,2.62,1.45,,,,,,,,,,,,,,,,,,,,,,,,,846703.0,
[18719],CONVERGENT MARGIN,NEW HEBRIDES ARC - VANUATU ARCHIPELAGO / SOUTHERN NEW HEBRIDES ARC / TANNA (=TANUA) / YASUR(=YASOWA),SIWI,-19.5161,-19.5161,169.447,169.447,SAE,,,s_TAN 17 [18719],BASALTIC-TRACHYANDESITE [18719],,,,,,,,,VOL,,,,,WR [18719] ,56.39,0.84,,16.3,,,,8.03,6.36,2.86,0.16,,2.94,3.87,0.5,,,,,,,,,,,,,,,,0.0,,,,,,,,,,,,,,,,,,,,,,,,,,,,,,,23.0,,,19.0,,,,,,,,,49.0,633.0,27.4,123.0,1.5,,,,,,,,,,,,1.6,649.0,17.1,37.9,5.4,24.2,5.8,1.6,5.1,0.79,4.6,0.9,2.7,0.41,2.8,0.44,3.3,0.11,,,,,,,,,15.0,,2.66,1.45,,,,,,,,,,,,,,,,,,,,,,,,,846704.0,
[18719],CONVERGENT MARGIN,NEW HEBRIDES ARC - VANUATU ARCHIPELAGO / SOUTHERN NEW HEBRIDES ARC / TANNA (=TANUA) / YASUR(=YASOWA),SIWI,-19.5161,-19.5161,169.447,169.447,SAE,,,s_TAN 18 [18719],BASALTIC-TRACHYANDESITE [18719],,,,,,,,,VOL,,,,,WR [18719] ,56.39,0.85,,16.16,,,,8.01,6.25,2.83,0.16,,2.96,3.87,0.5,,,,,,,,,,,,,,,,0.1,,,,,,,,,,,,,,,,,,,,,,,,,,,,,,,6.0,,,16.0,,,,,,,,,53.0,452.0,30.3,137.0,1.7,,,,,,,,,,,,1.8,700.0,17.7,40.3,5.7,25.6,6.1,1.6,5.4,0.85,5.1,1.1,3.1,0.5,3.3,0.5,3.9,0.13,,,,,,,,,16.8,,2.92,1.67,,,,,,,,,,,,,,,,,,,,,,,,,846705.0,
[18719],CONVERGENT MARGIN,NEW HEBRIDES ARC - VANUATU ARCHIPELAGO / SOUTHERN NEW HEBRIDES ARC / TANNA (=TANUA) / YASUR(=YASOWA),SIWI,-19.5161,-19.5161,169.447,169.447,SAE,,,s_TAN 9 [18719],TRACHYANDESITE [18719],,,,,,,,,VOL,,,,,WR [18719] ,58.79,0.88,,15.35,,,,7.95,4.91,2.14,0.18,,3.61,4.08,0.62,,,,,,,,,,,,,,,,-0.2,,,,,,,,,,,,,,,,,,,,,,,,,,,,,,,12.0,,,17.0,,,,,,,,,61.0,485.0,34.1,156.0,1.9,,,,,,,,,,,,2.1,771.0,20.4,46.0,6.4,29.2,6.9,1.8,6.2,0.95,5.6,1.1,3.4,0.51,3.4,0.53,4.1,0.14,,,,,,,,,18.6,,3.27,1.78,,,,,,,,,,,,,,,,,,,,,,,,,846706.0,
[18719],CONVERGENT MARGIN,NEW HEBRIDES ARC - VANUATU ARCHIPELAGO / SOUTHERN NEW HEBRIDES ARC / TANNA (=TANUA) / YASUR(=YASOWA),SIWI,-19.5161,-19.5161,169.447,169.447,SAE,,,s_TAN 23 [18719],TRACHYANDESITE [18719],,,,,,,,,VOL,,,,,WR [18719] ,59.87,0.93,,15.32,,,,7.64,4.67,2.03,0.19,,3.83,4.28,0.65,,,,,,,,,,,,,,,,0.0,,,,,,,,,,,,,,,,,,,,,,,,,,,,,,,12.0,,,16.0,,,,,,,,,60.0,489.0,34.3,157.0,1.9,,,,,,,,,,,,2.1,781.0,20.7,46.4,6.6,29.1,7.0,1.9,6.2,0.96,5.8,1.2,3.4,0.51,3.5,0.55,4.2,0.14,,,,,,,,,19.0,,3.29,1.81,,,,,,,,,,,,,,,,,,,,,,,,,846707.0,
[18719],CONVERGENT MARGIN,NEW HEBRIDES ARC - VANUATU ARCHIPELAGO / SOUTHERN NEW HEBRIDES ARC / TANNA (=TANUA) / YASUR(=YASOWA),SIWI,-19.5161,-19.5161,169.447,169.447,SAE,,,s_TAN 24 [18719],TRACHYANDESITE [18719],,,,,,,,,VOL,,,,,WR [18719] ,60.22,0.93,,15.39,,,,7.75,4.7,2.03,0.19,,3.85,4.29,0.66,,,,,,,,,,,,,,,,0.1,,,,,,,,,,,,,,,,,,,,,,,,,,,,,,,0.0,,,15.0,,,,,,,,,53.0,436.0,30.7,136.0,1.7,,,,,,,,,,,,1.8,699.0,18.2,40.7,5.7,25.4,6.1,1.6,5.7,0.85,5.3,1.1,3.1,0.5,3.2,0.5,4.0,0.13,,,,,,,,,17.9,,2.96,1.68,,,,,,,,,,,,,,,,,,,,,,,,,846708.0,
[18719],CONVERGENT MARGIN,NEW HEBRIDES ARC - VANUATU ARCHIPELAGO / SOUTHERN NEW HEBRIDES ARC / TANNA (=TANUA) / YASUR(=YASOWA),SIWI,-19.5161,-19.5161,169.447,169.447,SAE,,,s_TAN 25 [18719],TRACHYANDESITE [18719],,,,,,,,,VOL,,,,,WR [18719] ,58.05,0.91,,15.47,,,,8.02,4.73,2.07,0.19,,3.77,4.16,0.65,,,,,,,,,,,,,,,,-0.2,,,,,,,,,,,,,,,,,,,,,,,,,,,,,,,11.0,,,19.0,,,,,,,,,48.0,640.0,27.4,123.0,1.5,,,,,,,,,,,,1.4,644.0,16.9,37.6,5.3,24.0,5.8,1.6,5.1,0.77,4.6,0.9,2.7,0.41,2.8,0.44,3.4,0.11,,,,,,,,,14.8,,2.57,1.42,,,,,,,,,,,,,,,,,,,,,,,,,846709.0,
[18719],CONVERGENT MARGIN,NEW HEBRIDES ARC - VANUATU ARCHIPELAGO / SOUTHERN NEW HEBRIDES ARC / TANNA (=TANUA) / YASUR(=YASOWA),SIWI,-19.5161,-19.5161,169.447,169.447,SAE,,,s_TAN 19 [18719],TRACHYANDESITE [18719],,,,,,,,,VOL,,,,,WR [18719] ,56.2,0.84,,16.25,,,,8.04,6.41,2.89,0.16,,2.94,3.83,0.48,,,,,,,,,,,,,,,,-0.1,,,,,,,,,,,,,,,,,,,,,,,,,,,,,,,8.0,,,34.0,,,,,,,,,10.0,1039.0,17.8,49.0,0.64,,,,,,,,,,,,0.34,237.0,6.56,17.7,2.5,13.1,3.2,1.1,3.5,0.46,3.0,0.7,1.8,0.25,1.7,0.26,1.6,0.04,,,,,,,,,4.8,,0.89,0.3,,,,,,,,,,,,,,,,,,,,,,,,,846710.0,
[18719],CONVERGENT MARGIN,NEW HEBRIDES ARC - VANUATU ARCHIPELAGO / SOUTHERN NEW HEBRIDES ARC / TANNA (=TANUA) / YASUR(=YASOWA),SIWI,-19.5161,-19.5161,169.447,169.447,SAE,,,s_TAN 75 [18719],BASALT [18719],,,,,,,,,VOL,,,,,WR [18719] ,49.07,0.82,,19.61,,,,10.33,10.39,4.57,0.21,,0.92,2.76,0.19,,,,,,,,,,,,,,,,0.08,,,,,,,,,,,,,,,,,,,,,,,,,,,,,,,81.0,,,45.0,,,,,,,,,7.7,424.0,12.9,25.0,0.36,,,,,,,,,,,,0.31,120.0,3.54,8.1,1.2,6.47,1.7,0.7,1.7,0.27,2.0,0.5,1.1,0.27,1.1,0.2,0.8,0.03,,,,,,,,,2.6,,0.41,0.22,,,,,,,,,,,,,,,,,,,,,,,,,846711.0,
[18719],CONVERGENT MARGIN,NEW HEBRIDES ARC - VANUATU ARCHIPELAGO / SOUTHERN NEW HEBRIDES ARC / TANNA (=TANUA) / YASUR(=YASOWA),SIWI,-19.5161,-19.5161,169.447,169.447,SAE,,,s_TAN93 [18719],BASALT [18719],,,,,,,,,VOL,,,,,WR [18719] ,47.51,0.82,,16.08,,,,11.3,12.46,7.77,0.22,,0.59,1.83,0.16,,,,,,,,,,,,,,,,0.8,,,,,,,,,,,,,,,,,,,,,,,,,,,,,,,5.0,,,28.0,,,,,,,,,14.0,760.0,18.2,51.0,0.68,,,,,,,,,,,,0.39,320.0,7.36,15.3,2.2,10.6,3.0,1.0,0.6,0.56,3.0,0.58,1.9,0.28,1.8,0.28,1.5,0.05,,,,,,,,,5.6,,0.97,0.49,,,,,,,,,,,,,,,,,,,,,,,,,846712.0,
[18719],CONVERGENT MARGIN,NEW HEBRIDES ARC - VANUATU ARCHIPELAGO / SOUTHERN NEW HEBRIDES ARC / TANNA (=TANUA) / YASUR(=YASOWA),SIWI,-19.5161,-19.5161,169.447,169.447,SAE,,,s_TAN 82 [18719],BASALTIC-TRACHYANDESITE [18719],,,,,,,,,VOL,,,,,WR [18719] ,52.01,0.71,,18.78,,,,9.0,9.9,3.67,0.17,,1.26,3.3,0.22,,,,,,,,,,,,,,,,0.04,,,,,,,,,,,,,,,,,,,,,,,,,,,,,,,5.0,,,28.0,,,,,,,,,14.0,760.0,18.2,51.0,0.68,,,,,,,,,,,,0.39,320.0,7.36,15.3,2.2,10.6,3.0,1.0,0.6,0.56,3.0,0.58,1.9,0.28,1.8,0.28,1.5,0.05,,,,,,,,,5.6,,0.97,0.49,,,,,,,,,,,,,,,,,,,,,,,,,846713.0,
[4051],CONVERGENT MARGIN,NEW HEBRIDES ARC - VANUATU ARCHIPELAGO / BANKS ISLANDS / MERELAVA / MERELAVA,,-14.45,-14.45,168.0,168.0,SAE,,,s_MLM7 [4051],THOLEIITIC BASALT [4051],,,,,,,,,VOL,,,,,WR [4051] ,51.3,0.5,,13.4,,9.08,,,12.7,11.0,0.16,,0.38,1.74,0.07,,,,,,,,,,,,,,,,-0.05,,,,,,,,,,,,,,,,,,,,,,,,,,,,54.0,,284.0,633.0,,,,126.0,,,,,,,,6.0,206.0,14.4,24.6,0.0,,,,,,,,,,,,,144.0,,,,,,,,,,,,,,,,,,,,,,,,,,,,,,,,,,,,,,,,,,,,,,,,,,,,,85492.0,
[4051],CONVERGENT MARGIN,NEW HEBRIDES ARC - VANUATU ARCHIPELAGO / BANKS ISLANDS / MERELAVA / MERELAVA,,-14.45,-14.45,168.0,168.0,SAE,,,s_31554 [4051],THOLEIITIC BASALT [4051],,,,,,,,,VOL,,,,,WR [4051] ,50.58,0.58,,12.75,,3.58,5.68,,12.94,11.0,0.2,,0.38,1.81,0.1,,,,,,,,,,,,,,,,0.29,,,,,,,,,,,,,,,,,,,,,,,,,,,,,,,,,,,,,,,,,,,,,,,,,,,,,,,,,,,,,,,,,,,,,,,,,,,,,,,,,,,,,,,,,,,,,,,,,,,,,,,,,,,,,,,,,85493.0,
[4051],CONVERGENT MARGIN,NEW HEBRIDES ARC - VANUATU ARCHIPELAGO / BANKS ISLANDS / MERELAVA / MERELAVA,,-14.45,-14.45,168.0,168.0,SAE,,,s_31555 [4051],THOLEIITIC BASALT [4051],,,,,,,,,VOL,,,,,WR [4051] ,51.11,0.58,,12.75,,2.66,6.37,,12.8,11.0,0.16,,0.4,1.83,0.09,,,,,,,,,,,,,,,,0.3,,,,,,,,,,,,,,,,,,,,,,,,,,,,,,,,,,,,,,,,,,,,,,,,,,,,,,,,,,,,,,,,,,,,,,,,,,,,,,,,,,,,,,,,,,,,,,,,,,,,,,,,,,,,,,,,,85494.0,
[4051],CONVERGENT MARGIN,NEW HEBRIDES ARC - VANUATU ARCHIPELAGO / BANKS ISLANDS / MERELAVA / MERELAVA,,-14.45,-14.45,168.0,168.0,SAE,,,s_31541 [4051],THOLEIITIC BASALT [4051],,,,,,,,,VOL,,,,,WR [4051] ,50.82,0.64,,13.67,,2.73,6.79,,12.9,9.74,0.21,,0.38,1.89,0.12,,,,,,,,,,,,,,,,0.2,,,,,,,,,,,,,,,,,,,,,,,,,,,,,,,372.0,,,,75.0,,,,,,,,5.4,240.0,17.8,30.0,0.61,,,,,,,,,,,,,123.0,1.86,4.92,0.81,4.36,1.48,0.51,1.8,0.33,2.08,0.48,1.41,,1.39,,0.87,,,,,,,,,,3.27,,0.17,0.1,,,,,,,,,,,,,,,,,,,,,,,,,85496.0,
[4051],CONVERGENT MARGIN,NEW HEBRIDES ARC - VANUATU ARCHIPELAGO / BANKS ISLANDS / MERELAVA / MERELAVA,,-14.45,-14.45,168.0,168.0,SAE,,,s_31544 [4051],THOLEIITIC BASALT [4051],,,,,,,,,VOL,,,,,WR [4051] ,50.81,0.64,,14.05,,3.4,6.37,,12.36,9.2,0.18,,0.46,2.0,0.08,,,,,,,,,,,,,,,,0.25,,,,,,,,,,,,,,,,,,,,,,,,,,,,,,,,,,,,,,,,,,,,,,,,,,,,,,,,,,,,,,,,,,,,,,,,,,,,,,,,,,,,,,,,,,,,,,,,,,,,,,,,,,,,,,,,,85497.0,
[4051],CONVERGENT MARGIN,NEW HEBRIDES ARC - VANUATU ARCHIPELAGO / BANKS ISLANDS / MERELAVA / MERELAVA,,-14.45,-14.45,168.0,168.0,SAE,,,s_31552 [4051],THOLEIITIC BASALT [4051],,,,,,,,,VOL,,,,,WR [4051] ,51.43,0.69,,14.85,,3.04,6.07,,12.2,8.88,0.16,,0.43,2.0,0.11,,,,,,,,,,,,,,,,0.26,,,,,,,,,,,,,,,,,,,,,,,,,,,,,,,,,,,,,,,,,,,,,,,,,,,,,,,,,,,,,,,,,,,,,,,,,,,,,,,,,,,,,,,,,,,,,,,,,,,,,,,,,,,,,,,,,85498.0,
[4051],CONVERGENT MARGIN,NEW HEBRIDES ARC - VANUATU ARCHIPELAGO / BANKS ISLANDS / MERELAVA / MERELAVA,,-14.45,-14.45,168.0,168.0,SAE,,,s_31542 [4051],THOLEIITIC BASALT [4051],,,,,,,,,VOL,,,,,WR [4051] ,51.77,0.72,,14.71,,2.53,6.55,,12.0,8.86,0.17,,0.44,2.1,0.11,,,,,,,,,,,,,,,,0.15,,,,,,,,,,,,,,,,,,,,,,,,,,,,,,,319.0,,,,74.0,,,,,,,,6.7,258.0,,33.0,,,,,,,,,,,,,,,,,,,,,,,,,,,,,,,,,,,,,,,,,,,,,,,,,,,,,,,,,,,,,,,,,,,85499.0,
[4051],CONVERGENT MARGIN,NEW HEBRIDES ARC - VANUATU ARCHIPELAGO / BANKS ISLANDS / MERELAVA / MERELAVA,,-14.45,-14.45,168.0,168.0,SAE,,,s_31549 [4051],THOLEIITIC BASALT [4051],,,,,,,,,VOL,,,,,WR [4051] ,51.41,0.69,,14.73,,3.04,6.37,,12.19,8.21,0.2,,0.49,2.2,0.1,,,,,,,,,,,,,,,,0.16,,,,,,,,,,,,,,,,,,,,,,,,,,,,,,,304.0,,,,63.0,,,,,,,,6.6,277.0,,34.0,,,,,,,,,,,,,,,,,,,,,,,,,,,,,,,,,,,,,,,,,,,,,,,,,,,,,,,,,,,,,,,,,,,85501.0,
[4051],CONVERGENT MARGIN,NEW HEBRIDES ARC - VANUATU ARCHIPELAGO / BANKS ISLANDS / MERELAVA / MERELAVA,,-14.45,-14.45,168.0,168.0,SAE,,,s_31550 [4051],THOLEIITIC BASALT [4051],,,,,,,,,VOL,,,,,WR [4051] ,51.87,0.68,,15.38,,3.32,5.6,,11.65,7.8,0.23,,0.42,2.38,0.09,,,,,,,,,,,,,,,,0.39,,,,,,,,,,,,,,,,,,,,,,,,,,,,,,,,,,,,,,,,,,,,,,,,,,,,,,,,,,,,,,,,,,,,,,,,,,,,,,,,,,,,,,,,,,,,,,,,,,,,,,,,,,,,,,,,,85502.0,
[4051],CONVERGENT MARGIN,NEW HEBRIDES ARC - VANUATU ARCHIPELAGO / BANKS ISLANDS / MERELAVA / MERELAVA,,-14.45,-14.45,168.0,168.0,SAE,,,s_31547 [4051],THOLEIITIC BASALT [4051],,,,,,,,,VOL,,,,,WR [4051] ,52.03,0.63,,15.7,,4.35,5.46,,11.23,7.36,0.18,,0.43,2.07,0.08,,,,,,,,,,,,,,,,0.16,,,,,,,,,,,,,,,,,,,,,,,,,,,,,,,179.0,,,,47.0,,,,,,,,6.7,255.0,,38.0,,,,,,,,,,,,,,162.0,2.34,5.55,0.88,4.69,1.59,0.59,1.97,0.36,2.38,0.51,1.52,,1.7,,0.99,,,,,,,,,,2.9,,0.22,0.16,,,,,,,,,,,,,,,,,,,,,,,,,85503.0,
[4051],CONVERGENT MARGIN,NEW HEBRIDES ARC - VANUATU ARCHIPELAGO / BANKS ISLANDS / MERELAVA / MERELAVA,,-14.45,-14.45,168.0,168.0,SAE,,,s_31556 [4051],THOLEIITIC BASALT [4051],,,,,,,,,VOL,,,,,WR [4051] ,51.14,0.71,,16.38,,3.26,5.96,,11.75,7.06,0.23,,0.5,2.24,0.1,,,,,,,,,,,,,,,,0.33,,,,,,,,,,,,,,,,,,,,,,,,,,,,,,,,,,,,,,,,,,,,,,,,,,,,,,,,,,,,,,,,,,,,,,,,,,,,,,,,,,,,,,,,,,,,,,,,,,,,,,,,,,,,,,,,,85504.0,
[4051],CONVERGENT MARGIN,NEW HEBRIDES ARC - VANUATU ARCHIPELAGO / BANKS ISLANDS / MERELAVA / MERELAVA,,-14.45,-14.45,168.0,168.0,SAE,,,s_31545 [4051],THOLEIITIC BASALT [4051],,,,,,,,,VOL,,,,,WR [4051] ,51.04,0.74,,16.72,,3.2,6.76,,11.39,6.23,0.19,,0.52,2.42,0.12,,,,,,,,,,,,,,,,0.32,,,,,,,,,,,,,,,,,,,,,,,,,,,,,,,94.0,,,,27.0,,,,,,,,8.3,337.0,,39.0,,,,,,,,,,,,,,,,,,,,,,,,,,,,,,,,,,,,,,,,,,,,,,,,,,,,,,,,,,,,,,,,,,,85505.0,
[4051],CONVERGENT MARGIN,NEW HEBRIDES ARC - VANUATU ARCHIPELAGO / BANKS ISLANDS / MERELAVA / MERELAVA,,-14.45,-14.45,168.0,168.0,SAE,,,s_31553 [4051],THOLEIITIC BASALT [4051],,,,,,,,,VOL,,,,,WR [4051] ,51.54,0.75,,16.74,,3.49,6.24,,11.02,6.14,0.22,,0.45,2.5,0.14,,,,,,,,,,,,,,,,0.27,,,,,,,,,,,,,,,,,,,,,,,,,,,,,,,,,,,,,,,,,,,,,,,,,,,,,,,,,,,,,,,,,,,,,,,,,,,,,,,,,,,,,,,,,,,,,,,,,,,,,,,,,,,,,,,,,85506.0,
[4051],CONVERGENT MARGIN,NEW HEBRIDES ARC - VANUATU ARCHIPELAGO / BANKS ISLANDS / MERELAVA / MERELAVA,,-14.45,-14.45,168.0,168.0,SAE,,,s_31557 [4051],THOLEIITIC BASALT [4051],,,,,,,,,VOL,,,,,WR [4051] ,52.35,0.7,,17.58,,2.42,5.91,,11.33,6.0,0.23,,0.48,2.2,0.09,,,,,,,,,,,,,,,,0.35,,,,,,,,,,,,,,,,,,,,,,,,,,,,,,,,,,,,,,,,,,,,,,,,,,,,,,,,,,,,,,,,,,,,,,,,,,,,,,,,,,,,,,,,,,,,,,,,,,,,,,,,,,,,,,,,,85508.0,
[4051],CONVERGENT MARGIN,NEW HEBRIDES ARC - VANUATU ARCHIPELAGO / BANKS ISLANDS / MERELAVA / MERELAVA,,-14.45,-14.45,168.0,168.0,SAE,,,s_31543 [4051],THOLEIITIC BASALT [4051],,,,,,,,,VOL,,,,,WR [4051] ,51.48,0.72,,17.64,,3.57,6.32,,11.25,5.4,0.18,,0.62,2.34,0.12,,,,,,,,,,,,,,,,0.33,,,,,,,,,,,,,,,,,,,,,,,,,,,,,,,,,,,,,,,,,,,,,,,,,,,,,,,,,,,,,,,,,,,,,,,,,,,,,,,,,,,,,,,,,,,,,,,,,,,,,,,,,,,,,,,,,85509.0,
[4051],CONVERGENT MARGIN,NEW HEBRIDES ARC - VANUATU ARCHIPELAGO / BANKS ISLANDS / MERELAVA / MERELAVA,,-14.45,-14.45,168.0,168.0,SAE,,,s_31548 [4051],THOLEIITIC BASALT [4051],,,,,,,,,VOL,,,,,WR [4051] ,51.9,0.74,,18.14,,2.59,6.65,,11.54,4.95,0.17,,0.55,2.5,0.12,,,,,,,,,,,,,,,,0.41,,,,,,,,,,,,,,,,,,,,,,,,,,,,40.0,,375.0,35.0,,,,21.0,,,,,,,,8.0,332.0,19.6,35.0,0.0,,,,,,,,,,,,,214.0,,,,,,,,,,,,,,,,,,,,,,,,,,,,,,,,,,,,,,,,,,,,,,,,,,,,,85511.0,
[4051],CONVERGENT MARGIN,NEW HEBRIDES ARC - VANUATU ARCHIPELAGO / BANKS ISLANDS / MERELAVA / MERELAVA,,-14.45,-14.45,168.0,168.0,SAE,,,s_31549 [4051],THOLEIITIC BASALT [4051],,,,,,,,,VOL,,,,,WR [4051] ,52.0,0.76,,17.7,,10.5,,,10.7,4.83,0.18,,0.67,2.78,0.11,,,,,,,,,,,,,,,,-0.43,,,,,,,,,,,,,,,,,,,,,,,,,,,,38.0,,397.0,41.2,,,,22.5,,,,,,,,11.0,361.0,22.2,45.0,0.0,,,,,,,,,,,,,259.0,,,,,,,,,,,,,,,,,,,,,,,,,,,,,,,,,,,,,,,,,,,,,,,,,,,,,85513.0,
[4051],CONVERGENT MARGIN,NEW HEBRIDES ARC - VANUATU ARCHIPELAGO / BANKS ISLANDS / MERELAVA / MERELAVA,,-14.45,-14.45,168.0,168.0,SAE,,,s_31546 [4051],THOLEIITIC BASALT [4051],,,,,,,,,VOL,,,,,WR [4051] ,52.0,0.74,,19.05,,3.47,5.75,,11.2,4.32,0.22,,0.53,2.51,0.12,,,,,,,,,,,,,,,,0.15,,,,,,,,,,,,,,,,,,,,,,,,,,,,,,,21.0,,,,16.0,,,,,,,,7.0,353.0,17.4,50.0,0.75,,,,,,,,,,,,,224.0,2.6,6.8,1.03,5.33,1.6,1.6,2.02,0.37,2.38,0.52,1.47,,1.56,,0.96,,,,,,,,,,7.38,,0.18,0.13,,,,,,,,,,,,,,,,,,,,,,,,,85514.0,
[3090],CONVERGENT MARGIN,NEW HEBRIDES ARC - VANUATU ARCHIPELAGO / CENTRAL NEW HEBRIDES ARC / AOBA (=AMBAE) / AOBA (=AMBAE),,-15.38,-15.38,167.83,167.83,SAE,,,s_492 [3090],BASALT [3090],,,,,,,,,VOL,,,,,WR [3090] ,46.38,0.47,,8.84,,1.75,8.76,,8.53,22.61,0.21,,0.81,1.43,0.21,,,,,,,,,,,,,,,,0.47,,,,,,,,,,,,,,,,,,,,,,,,,,,,29.0,,230.0,1160.0,,,,480.0,,,,,,,,13.9,422.0,12.1,33.0,0.84,,,,,,,,,,,,,230.0,8.22,16.9,2.2,10.03,2.2,0.69,2.13,0.33,1.97,0.39,1.09,,1.06,,1.04,,,,,,,,,,,,1.07,0.3,,,,,,,,,,,,,,,,,,,,,,,,,88484.0,
[3090],CONVERGENT MARGIN,NEW HEBRIDES ARC - VANUATU ARCHIPELAGO / CENTRAL NEW HEBRIDES ARC / AOBA (=AMBAE) / AOBA (=AMBAE),,-15.38,-15.38,167.83,167.83,SAE,,,s_531 [3090],BASALT [3090],,,,,,,,,VOL,,,,,WR [3090] ,47.26,0.59,,10.7,,1.74,8.68,,11.94,16.19,0.21,,0.85,1.67,0.17,,,,,,,,,,,,,,,,0.42,,,,,,,,,,,,,,,,,,,,,,,,,,,,44.0,,330.0,1250.0,,,,260.0,,,,,,,,14.2,476.0,15.8,40.0,,,,,,,,,,,,,,250.0,,,,,,,,,,,,,,,,,,,,,,,,,,,,,,,,,,,,,,,,,,,,,,,,,,,,,88485.0,
[3090],CONVERGENT MARGIN,NEW HEBRIDES ARC - VANUATU ARCHIPELAGO / CENTRAL NEW HEBRIDES ARC / AOBA (=AMBAE) / AOBA (=AMBAE),,-15.38,-15.38,167.83,167.83,SAE,,,s_576 [3090],BASALT [3090],,,,,,,,,VOL,,,,,WR [3090] ,48.93,0.74,,13.49,,1.69,8.47,,11.64,11.08,0.21,,1.18,2.34,0.18,,,,,,,,,,,,,,,,0.58,,,,,,,,,,,,,,,,,,,,,,,,,,,,36.0,,380.0,590.0,,,,165.0,,,,,,,,18.7,677.0,17.9,50.0,1.16,,,,,,,,,,,,,360.0,12.76,28.4,3.38,15.38,3.17,1.01,3.15,0.49,2.94,0.59,1.7,,1.68,,1.79,,,,,,,,,,,,1.73,0.58,,,,,,,,,,,,,,,,,,,,,,,,,88486.0,
[3090],CONVERGENT MARGIN,NEW HEBRIDES ARC - VANUATU ARCHIPELAGO / CENTRAL NEW HEBRIDES ARC / AOBA (=AMBAE) / AOBA (=AMBAE),,-15.38,-15.38,167.83,167.83,SAE,,,s_505 [3090],BASALT [3090],,,,,,,,,VOL,,,,,WR [3090] ,49.4,0.7,,13.29,,1.72,8.6,,12.22,10.44,0.2,,1.06,2.16,0.2,,,,,,,,,,,,,,,,0.62,,,,,,,,,,,,,,,,,,,,,,,,,,,,39.0,,350.0,490.0,,,,150.0,,,,,,,,17.2,601.0,17.4,43.0,1.35,,,,,,,,,,,,,310.0,10.46,24.1,2.99,13.38,2.84,0.88,2.52,0.42,2.51,0.56,1.48,,1.38,,1.37,,,,,,,,,,,,1.16,0.36,,,,,,,,,,,,,,,,,,,,,,,,,88487.0,
[3090],CONVERGENT MARGIN,NEW HEBRIDES ARC - VANUATU ARCHIPELAGO / CENTRAL NEW HEBRIDES ARC / AOBA (=AMBAE) / AOBA (=AMBAE),,-15.38,-15.38,167.83,167.83,SAE,,,s_507 [3090],BASALT [3090],,,,,,,,,VOL,,,,,WR [3090] ,49.68,0.81,,15.42,,1.7,8.51,,10.87,8.31,0.2,,1.52,2.73,0.26,,,,,,,,,,,,,,,,0.36,,,,,,,,,,,,,,,,,,,,,,,,,,,,33.0,,480.0,270.0,,,,115.0,,,,,,,,24.5,761.0,20.3,59.0,,,,,,,,,,,,,,510.0,,,,,,,,,,,,,,,,,,,,,,,,,,,,,,,,,,,,,,,,,,,,,,,,,,,,,88488.0,
[3090],CONVERGENT MARGIN,NEW HEBRIDES ARC - VANUATU ARCHIPELAGO / CENTRAL NEW HEBRIDES ARC / AOBA (=AMBAE) / AOBA (=AMBAE),,-15.38,-15.38,167.83,167.83,SAE,,,s_548 [3090],BASALT [3090],,,,,,,,,VOL,,,,,WR [3090] ,49.96,1.09,,16.79,,1.71,8.53,,11.06,6.36,0.2,,1.19,2.84,0.29,,,,,,,,,,,,,,,,0.58,,,,,,,,,,,,,,,,,,,,,,,,,,,,38.0,,490.0,160.0,,,,63.0,,,,,,,,16.7,620.0,29.4,91.0,5.06,,,,,,,,,,,,,420.0,14.61,32.6,4.21,19.5,4.29,1.41,4.54,0.73,4.43,0.94,2.75,,2.64,,2.59,,,,,,,,,,,,1.74,0.5,,,,,,,,,,,,,,,,,,,,,,,,,88489.0,
[3090],CONVERGENT MARGIN,NEW HEBRIDES ARC - VANUATU ARCHIPELAGO / CENTRAL NEW HEBRIDES ARC / AOBA (=AMBAE) / AOBA (=AMBAE),,-15.38,-15.38,167.83,167.83,SAE,,,s_538 [3090],BASALT [3090],,,,,,,,,VOL,,,,,WR [3090] ,49.98,0.9,,16.6,,1.78,8.9,,10.87,5.62,0.2,,1.83,3.0,0.33,,,,,,,,,,,,,,,,0.45,,,,,,,,,,,,,,,,,,,,,,,,,,,,27.0,,450.0,29.0,,,,35.0,,,,,,,,28.2,935.0,21.3,67.0,1.9,,,,,,,,,,,,,510.0,15.51,36.4,4.75,21.53,4.73,1.38,4.07,0.65,3.6,0.72,2.04,,1.96,,2.22,,,,,,,,,,,,2.51,0.8,,,,,,,,,,,,,,,,,,,,,,,,,88491.0,
[3090],CONVERGENT MARGIN,NEW HEBRIDES ARC - VANUATU ARCHIPELAGO / CENTRAL NEW HEBRIDES ARC / AMBRYM (=AMBRIM) / AMBRYM,,-16.25,-16.25,168.13,168.13,SAE,,,s_1566 [3090],BASALT [3090],,,,,,,,,VOL,,,,,WR [3090] ,51.23,0.87,,17.47,,1.64,8.2,,10.31,5.14,0.19,,1.87,2.81,0.26,,,,,,,,,,,,,,,,0.81,,,,,,,,,,,,,,,,,,,,,,,,,,,,,,,,,,,,,,,,,,,34.2,672.0,20.8,74.0,,,,,,,,,,,,,,,,,,,,,,,,,,,,,,,,,,,,,,,,,,,,,,,,,,,,,,,,,,,,,,,,,,,88492.0,
[3090],CONVERGENT MARGIN,NEW HEBRIDES ARC - VANUATU ARCHIPELAGO / CENTRAL NEW HEBRIDES ARC / AMBRYM (=AMBRIM) / AMBRYM,,-16.25,-16.25,168.13,168.13,SAE,,,s_1567 [3090],BASALT [3090],,,,,,,,,VOL,,,,,WR [3090] ,48.92,0.63,,13.4,,1.71,8.51,,11.96,11.5,0.2,,1.03,1.99,0.17,,,,,,,,,,,,,,,,0.43,,,,,,,,,,,,,,,,,,,,,,,,,,,,,,,,,,,,,,,,,,,18.2,480.0,15.1,45.0,1.48,,,,,,,,,,,,,240.0,9.49,,2.95,13.17,2.63,0.83,2.63,0.41,2.44,0.48,1.32,,1.26,,1.36,,,,,,,,,,,,1.38,0.35,,,,,,,,,,,,,,,,,,,,,,,,,88493.0,
[3090],CONVERGENT MARGIN,NEW HEBRIDES ARC - VANUATU ARCHIPELAGO / CENTRAL NEW HEBRIDES ARC / AMBRYM (=AMBRIM) / AMBRYM,,-16.25,-16.25,168.13,168.13,SAE,,,s_1568 [3090],BASALT [3090],,,,,,,,,VOL,,,,,WR [3090] ,52.57,0.99,,16.7,,1.65,8.25,,8.83,4.65,0.19,,2.55,3.27,0.35,,,,,,,,,,,,,,,,0.49,,,,,,,,,,,,,,,,,,,,,,,,,,,,,,,,,,,,,,,,,,,50.1,690.0,22.9,92.0,4.17,,,,,,,,,,,,,400.0,13.03,,3.94,18.76,4.23,1.33,4.29,0.68,3.83,0.83,2.37,,2.22,,3.02,,,,,,,,,,,,2.32,0.81,,,,,,,,,,,,,,,,,,,,,,,,,88494.0,
[3090],CONVERGENT MARGIN,NEW HEBRIDES ARC - VANUATU ARCHIPELAGO / CENTRAL NEW HEBRIDES ARC / AMBRYM (=AMBRIM) / AMBRYM,,-16.25,-16.25,168.13,168.13,SAE,,,s_1569 [3090],BASALT [3090],,,,,,,,,VOL,,,,,WR [3090] ,52.43,1.07,,16.74,,1.98,9.91,,9.13,4.13,0.23,,0.97,3.24,0.17,,,,,,,,,,,,,,,,0.93,,,,,,,,,,,,,,,,,,,,,,,,,,,,,,,,,,,,,,,,,,,15.8,416.0,29.0,73.0,2.59,,,,,,,,,,,,,310.0,8.28,20.4,2.78,13.38,3.57,1.18,4.06,0.7,4.44,1.02,3.05,,2.84,,2.47,,,,,,,,,,,,1.05,0.36,,,,,,,,,,,,,,,,,,,,,,,,,88495.0,
[3090],CONVERGENT MARGIN,NEW HEBRIDES ARC - VANUATU ARCHIPELAGO / CENTRAL NEW HEBRIDES ARC / EPI / EAST EPI,,-16.89,-16.89,168.3,168.3,SAE,,,s_684 [3090],"BASALT, OLIVINE [3090]",,,,,,,,,VOL,,,,,WR [3090] ,48.95,0.59,,13.08,,1.67,8.37,,11.54,12.68,0.21,,0.84,1.89,0.19,,,,,,,,,,,,,,,,0.6,,,,,,,,,,,,,,,,,,,,,,,,,,,,34.0,,330.0,970.0,,,,210.0,,,,,,,,14.9,516.0,14.4,32.0,,,,,,,,,,,,,,170.0,,,,,,,,,,,,,,,,,,,,,,,,,,,,,,,,,,,,,,,,,,,,,,,,,,,,,88496.0,
[3090],CONVERGENT MARGIN,NEW HEBRIDES ARC - VANUATU ARCHIPELAGO / CENTRAL NEW HEBRIDES ARC / EPI / EAST EPI,,-16.89,-16.89,168.3,168.3,SAE,,,s_670 [3090],"BASALT, OLIVINE [3090]",,,,,,,,,VOL,,,,,WR [3090] ,47.79,0.54,,16.49,,1.76,8.8,,13.24,8.94,0.2,,0.38,1.78,0.09,,,,,,,,,,,,,,,,0.59,,,,,,,,,,,,,,,,,,,,,,,,,,,,,,,,,,,,,,,,,,,6.2,378.0,14.4,19.0,0.46,,,,,,,,,,,,,120.0,2.78,7.03,0.94,4.85,1.31,0.52,1.65,0.28,1.88,0.39,1.21,,1.07,,,,,,,,,,,,,,0.26,0.11,,,,,,,,,,,,,,,,,,,,,,,,,88497.0,
[3090],CONVERGENT MARGIN,NEW HEBRIDES ARC - VANUATU ARCHIPELAGO / CENTRAL NEW HEBRIDES ARC / EPI / EAST EPI,,-16.89,-16.89,168.3,168.3,SAE,,,s_663 [3090],"BASALT, OLIVINE [3090]",,,,,,,,,VOL,,,,,WR [3090] ,49.61,0.69,,17.52,,1.78,8.9,,11.42,6.55,0.2,,0.79,2.36,0.18,,,,,,,,,,,,,,,,0.59,,,,,,,,,,,,,,,,,,,,,,,,,,,,,,,,,,,,,,,,,,,12.7,769.0,21.3,47.0,,,,,,,,,,,,,,,,,,,,,,,,,,,,,,,,,,,,,,,,,,,,,,,,,,,,,,,,,,,,,,,,,,,88498.0,
[3090],CONVERGENT MARGIN,NEW HEBRIDES ARC - VANUATU ARCHIPELAGO / CENTRAL NEW HEBRIDES ARC / EPI / EAST EPI,,-16.89,-16.89,168.3,168.3,SAE,,,s_689 [3090],"BASALT, PLAGIOCLASE [3090]",,,,,,,,,VOL,,,,,WR [3090] ,53.96,0.85,,17.13,,1.69,8.43,,8.83,3.85,0.19,,1.6,3.23,0.24,,,,,,,,,,,,,,,,0.54,,,,,,,,,,,,,,,,,,,,,,,,,,,,,,,,,,,,,,,,,,,29.6,480.0,25.6,79.0,1.12,,,,,,,,,,,,,,6.37,15.63,2.06,10.0,2.41,0.8,,0.43,2.62,0.59,1.76,,1.62,,,,,,,,,,,,,,1.12,0.38,,,,,,,,,,,,,,,,,,,,,,,,,88499.0,
[3090],CONVERGENT MARGIN,NEW HEBRIDES ARC - VANUATU ARCHIPELAGO / CENTRAL NEW HEBRIDES ARC / TONGOA / TONGOA,NEAR MOERIHOU,-17.9333,-17.9333,-168.541,-168.541,SAE,,,s_698 [3090],BASALT [3090],,,,,,,,APHYRIC [3090] ,VOL,,,,,WR [3090] ,51.14,0.71,,14.03,,1.7,8.51,,12.06,8.54,0.2,,0.87,2.05,0.2,,,,,,,,,,,,,,,,0.57,,,,,,,,,,,,,,,,,,,,,,,,,,,,28.0,,240.0,200.0,,,,58.0,,,,,,,,13.8,400.0,17.5,46.0,,,,,,,,,,,,,,140.0,,,,,,,,,,,,,,,,,,,,,,,,,,,,,,,,,,,,,,,,,,,,,,,,,,,,,88501.0,
[3090],CONVERGENT MARGIN,NEW HEBRIDES ARC - VANUATU ARCHIPELAGO / CENTRAL NEW HEBRIDES ARC / TONGOA / TONGOA,POINT NAMAHIHA,-17.936,-17.936,-168.52,-168.52,SAE,,,s_695 [3090],"BASALT, OLIVINE [3090]",,,,,,,,,VOL,,,,,WR [3090] ,48.51,0.67,,19.66,,1.72,8.58,,12.25,5.09,0.19,,0.86,2.2,0.19,,,,,,,,,,,,,,,,0.44,,,,,,,,,,,,,,,,,,,,,,,,,,,,19.0,,270.0,32.0,,,,20.0,,,,,,,,15.2,673.0,16.5,37.0,,,,,,,,,,,,,,140.0,,,,,,,,,,,,,,,,,,,,,,,,,,,,,,,,,,,,,,,,,,,,,,,,,,,,,88502.0,
[3090],CONVERGENT MARGIN,NEW HEBRIDES ARC - VANUATU ARCHIPELAGO / CENTRAL NEW HEBRIDES ARC / TONGOA / TONGOA,POINT FIRIFIRIHIN,-17.886,-17.886,-168.591,-168.591,SAE,,,s_715 [3090],DACITE [3090],,,,,,,,,VOL,,,,,WR [3090] ,63.64,0.62,,15.77,,1.06,5.29,,4.97,1.79,0.16,,2.45,4.0,0.24,,,,,,,,,,,,,,,,0.56,,,,,,,,,,,,,,,,,,,,,,,,,,,,13.0,,110.0,4.0,,,,0.5,,,,,,,,47.7,368.0,31.4,121.0,3.28,,,,,,,,,,,,,330.0,12.99,29.9,3.86,16.66,3.81,1.07,3.85,0.64,4.02,0.91,2.71,,2.8,,,,,,,,,,,,,,2.71,1.11,,,,,,,,,,,,,,,,,,,,,,,,,88503.0,
[3090],CONVERGENT MARGIN,NEW HEBRIDES ARC - VANUATU ARCHIPELAGO / CENTRAL NEW HEBRIDES ARC / EPI / WEST EPII,,-16.89,-16.89,-168.3,-168.3,SAE,,,s_666 [3090],BASALTIC-ANDESITE [3090],,,,,,,,,VOL,,,,,WR [3090] ,55.25,0.67,,15.94,,1.43,7.15,,9.18,5.49,0.16,,2.0,2.49,0.23,,,,,,,,,,,,,,,,1.52,,,,,,,,,,,,,,,,,,,,,,,,,,,,,,,,,,,,,,,,,,,44.7,496.0,23.5,101.0,,,,,,,,,,,,,,600.0,17.2,38.0,4.22,17.87,3.8,1.1,3.75,0.58,3.43,0.72,2.12,,2.1,,3.54,,,,,,,,,,,,3.28,1.05,,,,,,,,,,,,,,,,,,,,,,,,,88504.0,
[3090],CONVERGENT MARGIN,NEW HEBRIDES ARC - VANUATU ARCHIPELAGO / CENTRAL NEW HEBRIDES ARC / EPI / WEST EPII,,-16.89,-16.89,-168.3,-168.3,SAE,,,s_672 [3090],ANDESITE [3090],,,,,,,,,VOL,,,,,WR [3090] ,57.46,0.69,,16.0,,1.38,6.89,,7.59,4.16,0.18,,2.25,3.13,0.27,,,,,,,,,,,,,,,,1.73,,,,,,,,,,,,,,,,,,,,,,,,,,,,19.0,,200.0,39.0,,,,16.0,,,,,,,,48.0,493.0,29.1,106.0,,,,,,,,,,,,,,,,,,,,,,,,,,,,,,,,,,,,,,,,,,,,,,,,,,,,,,,,,,,,,,,,,,,88505.0,
[3090],CONVERGENT MARGIN,NEW HEBRIDES ARC - VANUATU ARCHIPELAGO / CENTRAL NEW HEBRIDES ARC / EPI / WEST EPII,,-16.89,-16.89,-168.3,-168.3,SAE,,,s_677 [3090],ANDESITE [3090],,,,,,,,,VOL,,,,,WR [3090] ,60.74,0.86,,15.24,,1.27,6.37,,4.94,2.92,0.13,,3.48,3.59,0.46,,,,,,,,,,,,,,,,1.28,,,,,,,,,,,,,,,,,,,,,,,,,,,,15.0,,150.0,31.0,,,,9.0,,,,,,,,81.5,441.0,34.1,176.0,4.8,,,,,,,,,,,,,1350.0,29.7,69.9,7.64,30.8,6.27,1.59,,0.9,5.42,1.12,3.21,,3.21,,,,,,,,,,,,,,5.15,1.96,,,,,,,,,,,,,,,,,,,,,,,,,88506.0,
[3090],CONVERGENT MARGIN,NEW HEBRIDES ARC - VANUATU ARCHIPELAGO / CENTRAL NEW HEBRIDES ARC / EPI / WEST EPII,,-16.89,-16.89,-168.3,-168.3,SAE,,,s_675 [3090],ANDESITE [3090],,,,,,,,,VOL,,,,,WR [3090] ,61.02,0.79,,16.01,,1.18,5.9,,5.15,2.16,0.15,,3.65,3.53,0.46,,,,,,,,,,,,,,,,1.56,,,,,,,,,,,,,,,,,,,,,,,,,,,,18.0,,160.0,6.0,,,,2.5,,,,,,,,84.1,427.0,38.5,191.0,,,,,,,,,,,,,,,,,,,,,,,,,,,,,,,,,,,,,,,,,,,,,,,,,,,,,,,,,,,,,,,,,,,88507.0,
[3090],CONVERGENT MARGIN,NEW HEBRIDES ARC - VANUATU ARCHIPELAGO / CENTRAL NEW HEBRIDES ARC / EPI / WEST EPII,,-16.89,-16.89,-168.3,-168.3,SAE,,,s_720A [3090],"ANDESITE, PLAGIOCLASE [3090]",,,,,,,,,VOL,,,,,WR [3090] ,56.8,0.77,,17.73,,1.29,6.45,,6.9,2.77,0.15,,2.86,3.93,0.35,,,,,,,,,,,,,,,,0.44,,,,,,,,,,,,,,,,,,,,,,,,,,,,,,,,,,,,,,,,,,,43.1,639.0,28.7,111.0,,,,,,,,,,,,,,,,,,,,,,,,,,,,,,,,,,,,,,,,,,,,,,,,,,,,,,,,,,,,,,,,,,,88508.0,
[3090],CONVERGENT MARGIN,NEW HEBRIDES ARC - VANUATU ARCHIPELAGO / CENTRAL NEW HEBRIDES ARC / EPI / WEST EPII,,-16.89,-16.89,-168.3,-168.3,SAE,,,s_720B [3090],"ANDESITE, PLAGIOCLASE [3090]",,,,,,,,,VOL,,,,,WR [3090] ,57.44,0.73,,18.82,,1.21,6.07,,7.57,2.34,0.12,,2.09,3.27,0.34,,,,,,,,,,,,,,,,1.48,,,,,,,,,,,,,,,,,,,,,,,,,,,,,,,,,,,,,,,,,,,33.7,692.0,22.3,96.0,,,,,,,,,,,,,,,,,,,,,,,,,,,,,,,,,,,,,,,,,,,,,,,,,,,,,,,,,,,,,,,,,,,88509.0,
[3090],CONVERGENT MARGIN,NEW HEBRIDES ARC - VANUATU ARCHIPELAGO / CENTRAL NEW HEBRIDES ARC / EPI / WEST EPII,,-16.89,-16.89,-168.3,-168.3,SAE,,,s_720C [3090],"BASALT, OLIVINE [3090]",,,,,,,,,VOL,,,,,WR [3090] ,48.57,0.72,,18.48,,1.75,8.73,,12.17,6.34,0.19,,0.73,2.19,0.13,,,,,,,,,,,,,,,,0.75,,,,,,,,,,,,,,,,,,,,,,,,,,,,,,,,,,,,,,,,,,,6.1,476.0,18.1,32.0,,,,,,,,,,,,,,,,,,,,,,,,,,,,,,,,,,,,,,,,,,,,,,,,,,,,,,,,,,,,,,,,,,,88510.0,
[18924],CONVERGENT MARGIN,NEW HEBRIDES ARC - VANUATU ARCHIPELAGO / CENTRAL NEW HEBRIDES ARC / ESPIRITU SANTO / ESPIRITU SANTO,WESTERN BELT OF VANUATU ISLAND ARC,-15.27,-15.27,166.92,166.92,SAE,,,s_A01 [18924],"ANDESITE, HORNBLENDE [18924]",,,,,,,,APHANITIC [18924] ,VOL,,,,,WR [18924] ,62.23,0.61,,16.18,,,,5.49,5.67,2.58,0.1,,0.33,4.36,0.17,,,,,,,,,,,,,,,,1.81,,,,,,,,,,,,,,,,,,,,,,,,,,,,12.7,3660.0,158.0,23.0,,,,13.0,14.0,22.0,,,,,,5.79,294.0,17.1,73.7,3.27,,,,,,,,,,,,0.07,101.0,12.9,20.8,2.71,11.4,2.68,0.85,2.97,0.44,2.98,0.62,1.91,,1.94,0.29,2.03,,,,,,,,,,1.85,,1.65,0.58,0.512953,,,0.703545,,,,,,,,,,,,,,,,,,,,,889619.0,
[18924],CONVERGENT MARGIN,NEW HEBRIDES ARC - VANUATU ARCHIPELAGO / CENTRAL NEW HEBRIDES ARC / ESPIRITU SANTO / ESPIRITU SANTO,WESTERN BELT OF VANUATU ISLAND ARC,-15.27,-15.27,166.92,166.92,SAE,,,s_D01 [18924],"ANDESITE, HORNBLENDE [18924]",,,,,,,,APHANITIC [18924] ,VOL,,,,,WR [18924] ,57.94,0.6,,16.96,,,,5.97,5.37,2.53,0.16,,2.07,4.46,0.18,,,,,,,,,,,,,,,,3.11,,,,,,,,,,,,,,,,,,,,,,,,,,,,10.3,3600.0,164.0,18.0,,,,5.4,25.0,56.0,,,,,,24.6,390.0,18.7,79.6,4.22,,,,,,,,,,,,0.14,426.0,16.1,27.9,3.44,14.8,3.11,1.01,3.02,0.46,3.25,0.66,1.9,,2.0,0.31,2.26,,,,,,,,,,3.02,,2.45,0.79,0.512957,,,0.703869,,,,,,,,,,,,,,,,,,,,,889621.0,
[18924],CONVERGENT MARGIN,NEW HEBRIDES ARC - VANUATU ARCHIPELAGO / CENTRAL NEW HEBRIDES ARC / ESPIRITU SANTO / ESPIRITU SANTO,WESTERN BELT OF VANUATU ISLAND ARC,-15.27,-15.27,166.92,166.92,SAE,,,s_D02 [18924],BASALTIC-ANDESITE [18924],,,,,,,,PORPHYRITIC [18924] ,VOL,,,,,WR [18924] ,52.45,0.82,,17.72,,,,7.79,8.54,4.17,0.18,,0.86,3.2,0.13,,,,,,,,,,,,,,,,3.31,,,,,,,,,,,,,,,,,,,,,,,,,,,,22.0,4920.0,229.0,47.0,,,,27.0,36.0,73.0,,,,,,13.2,342.0,20.7,71.6,2.28,,,,,,,,,,,,0.23,181.0,18.8,17.2,2.27,11.2,2.89,0.96,3.37,0.52,3.69,0.73,2.35,,2.21,0.35,2.12,,,,,,,,,,2.38,,1.2,0.47,0.51296,,,0.703763,,,,,,,,,,,,,,,,,,,,,889622.0,
[18924],CONVERGENT MARGIN,NEW HEBRIDES ARC - VANUATU ARCHIPELAGO / CENTRAL NEW HEBRIDES ARC / ESPIRITU SANTO / ESPIRITU SANTO,WESTERN BELT OF VANUATU ISLAND ARC,-15.27,-15.27,166.92,166.92,SAE,,,s_D03 [18924],BASALTIC-ANDESITE [18924],,,,,,,,PORPHYRITIC [18924] ,VOL,,,,,WR [18924] ,53.12,0.8,,18.24,,,,7.4,6.39,3.52,0.17,,1.56,4.97,0.2,,,,,,,,,,,,,,,,2.71,,,,,,,,,,,,,,,,,,,,,,,,,,,,17.7,4740.0,209.0,35.0,,,,15.5,28.0,70.0,,,,,,28.1,490.0,21.4,81.6,2.97,,,,,,,,,,,,0.47,218.0,10.9,22.2,2.92,13.9,3.1,1.05,3.45,0.56,3.78,0.79,2.39,,2.33,0.38,2.22,,,,,,,,,,1.81,,1.47,0.6,0.512946,,,0.704236,,,,,,,,,,,,,,,,,,,,,889623.0,
[3876],CONVERGENT MARGIN,NEW HEBRIDES ARC - VANUATU ARCHIPELAGO / NEW HEBRIDES FORE-ARC / SITE 829,HOLE 829A,-15.3162,-15.3162,166.345,166.345,SAQ,-403.1,-581.3,"s_134-829A-43R-3,130-133 [3876]",BASALT [3876],,,,,,,,,VOL,403.5,403.5,,,WR [3876] ,49.51,0.99,,20.25,,1.21,7.26,,10.41,6.52,0.11,,0.53,3.08,0.11,,,,,,,,,,,,,,,,11.46,,,,,,,,,,,,,,,,,,,,,,,,,,,,,,267.0,77.0,,,34.0,33.0,,,,,,,,5.0,232.0,25.0,40.0,,,,,,,,,,,,,,29.0,1.4,5.8,,5.0,2.35,0.9,3.22,,3.55,,2.28,,2.18,0.33,,,,,,,,,,,,,,,,,,0.7045,,18.727,,15.55,,38.248,,,,,,,,,,,,,,,91016.0,
[3876],CONVERGENT MARGIN,NEW HEBRIDES ARC - VANUATU ARCHIPELAGO / NEW HEBRIDES FORE-ARC / SITE 830,HOLE 830B,-15.95,-15.95,166.7797,166.7797,SAQ,-1029.5,-1029.5,"s_134-830B-14R-1,13-17 [3876]",BASALT [3876],,,,,,,,,VOL,175.0,175.0,,,WR [3876] ,47.68,0.78,,17.37,,1.42,8.5,,10.01,10.35,0.19,,0.59,2.99,0.13,,,,,,,,,,,,,,,,3.56,,,,,,,,,,,,,,,,,,,,,,,,,,,,,,381.0,290.0,,,44.0,86.0,,,,,,,,6.0,499.0,14.0,42.0,1.0,,,,,,,,,,,,,122.0,4.74,12.1,,7.62,2.29,0.7,2.3,,2.35,,1.5,,1.32,0.19,,,,,,,,,,,,,,,,,,0.70379,,18.696,,15.556,,38.388,,,,,,,,,,,,,,,91035.0,
[4533],CONVERGENT MARGIN,NEW HEBRIDES ARC - VANUATU ARCHIPELAGO / NORTH FIJI BASIN / DREDGE 5,WESTERN FLANK OF RIDGE,-16.303,-16.312,173.518,173.552,SAQ,-3500.0,-3930.0,s_S5 [4533],BASALT [4533],,,,,,,,,VOL,,,,,WR [4533] ,49.1,1.61,,16.02,,8.98,,,12.13,7.43,0.15,,0.31,2.66,0.2,,0.58,0.41,,,,,,,,,,,,,,,,,,,,,,,,,,,,,,,,,,,,,,,,,,,237.0,303.0,,,46.0,119.0,71.0,76.0,,,,,,5.0,191.0,,,,,,,,,,,,,,,,45.0,,,,,,,,,,,,,,,,,,,,,,,,,,,,,,,,,,,,,,,,,,,,,,,,,,,,,94505.0,
[4533],CONVERGENT MARGIN,NEW HEBRIDES ARC - VANUATU ARCHIPELAGO / NORTH FIJI BASIN / DREDGE 5,WESTERN FLANK OF RIDGE,-16.303,-16.312,173.518,173.552,SAQ,-3500.0,-3930.0,s_S5 [4533],BASALT [4533],,,,,,,,,VOL,,,,,WR [4533] ,49.8,1.59,,16.02,,8.79,,,12.22,7.54,0.15,,0.36,2.55,0.1,,0.35,0.27,,,,,,,,,,,,,,,,,,,,,,,,,,,,,,,,,,,,,,,,,,,246.0,308.0,,,46.0,128.0,71.0,75.0,,,,,,6.0,190.0,,,,,,,,,,,,,,,,70.0,,,,,,,,,,,,,,,,,,,,,,,,,,,,,,,,,,,,,,,,,,,,,,,,,,,,,94506.0,
[4533],CONVERGENT MARGIN,NEW HEBRIDES ARC - VANUATU ARCHIPELAGO / NORTH FIJI BASIN / DREDGE 5,WESTERN FLANK OF RIDGE,-16.303,-16.312,173.518,173.552,SAQ,-3500.0,-3930.0,s_S5 [4533],BASALT [4533],,,,,,,,,VOL,,,,,WR [4533] ,50.0,1.63,,16.29,,8.65,,,12.23,7.09,0.15,,0.31,2.6,0.1,,0.43,0.41,,,,,,,,,,,,,,,,,,,,,,,,,,,,,,,,,,,,,,,,,,,239.0,306.0,,,43.0,120.0,69.0,74.0,,,,,,5.0,211.0,,,,,,,,,,,,,,,,70.0,,,,,,,,,,,,,,,,,,,,,,,,,,,,,,,,,,,,,,,,,,,,,,,,,,,,,94507.0,
[4533],CONVERGENT MARGIN,NEW HEBRIDES ARC - VANUATU ARCHIPELAGO / NORTH FIJI BASIN / DREDGE 5,WESTERN FLANK OF RIDGE,-16.303,-16.312,173.518,173.552,SAQ,-3500.0,-3930.0,s_S5 [4533],BASALT [4533],,,,,,,,,VOL,,,,,WR [4533] ,50.0,1.54,,15.92,,9.84,,,12.04,7.69,0.17,,0.29,2.5,0.1,,0.12,0.19,,,,,,,,,,,,,,,,,,,,,,,,,,,,,,,,,,,,,,,,,,,239.0,292.0,,,41.0,104.0,68.0,77.0,,,,,,5.0,175.0,,,,,,,,,,,,,,,,64.0,,,,,,,,,,,,,,,,,,,,,,,,,,,,,,,,,,,,,,,,,,,,,,,,,,,,,94508.0,
[4533],CONVERGENT MARGIN,NEW HEBRIDES ARC - VANUATU ARCHIPELAGO / NORTH FIJI BASIN / DREDGE 5,WESTERN FLANK OF RIDGE,-16.303,-16.312,173.518,173.552,SAQ,-3500.0,-3930.0,s_S5 [4533],BASALT [4533],,,,,,,,,VOL,,,,,WR [4533] ,50.0,1.61,,15.99,,9.0,,,12.18,7.97,0.16,,0.39,2.58,0.1,,0.02,0.15,,,,,,,,,,,,,,,,,,,,,,,,,,,,,,,,,,,,,,,,,,,249.0,305.0,,,43.0,114.0,70.0,74.0,,,,,,7.0,181.0,,,,,,,,,,,,,,,,64.0,,,,,,,,,,,,,,,,,,,,,,,,,,,,,,,,,,,,,,,,,,,,,,,,,,,,,94509.0,
[4533],CONVERGENT MARGIN,NEW HEBRIDES ARC - VANUATU ARCHIPELAGO / NORTH FIJI BASIN / DREDGE 5,WESTERN FLANK OF RIDGE,-16.303,-16.312,173.518,173.552,SAQ,-3500.0,-3930.0,s_S5 [4533],BASALT [4533],,,,,,,,,VOL,,,,,WR [4533] ,50.0,1.58,,16.09,,9.04,,,12.33,7.49,0.15,,0.4,2.54,0.1,,0.2,0.15,,,,,,,,,,,,,,,,,,,,,,,,,,,,,,,,,,,,,,,,,,,236.0,300.0,,,44.0,116.0,73.0,76.0,,,,,,7.0,217.0,,,,,,,,,,,,,,,,70.0,,,,,,,,,,,,,,,,,,,,,,,,,,,,,,,,,,,,,,,,,,,,,,,,,,,,,94510.0,
[4533],CONVERGENT MARGIN,NEW HEBRIDES ARC - VANUATU ARCHIPELAGO / NORTH FIJI BASIN / DREDGE 5,WESTERN FLANK OF RIDGE,-16.303,-16.312,173.518,173.552,SAQ,-3500.0,-3930.0,s_S5 [4533],BASALT [4533],,,,,,,,,VOL,,,,,WR [4533] ,49.8,1.53,,16.0,,8.72,,,12.34,7.78,0.14,,0.34,2.53,0.1,,0.56,0.43,,,,,,,,,,,,,,,,,,,,,,,,,,,,,,,,,,,,,,,,,,,237.0,294.0,,,46.0,118.0,68.0,73.0,,,,,,6.0,184.0,,,,,,,,,,,,,,,,70.0,,,,,,,,,,,,,,,,,,,,,,,,,,,,,,,,,,,,,,,,,,,,,,,,,,,,,94511.0,
[4533],CONVERGENT MARGIN,NEW HEBRIDES ARC - VANUATU ARCHIPELAGO / NORTH FIJI BASIN / DREDGE 5,WESTERN FLANK OF RIDGE,-16.303,-16.312,173.518,173.552,SAQ,-3500.0,-3930.0,s_S5 [4533],BASALT [4533],,,,,,,,,VOL,,,,,WR [4533] ,50.1,1.57,,15.78,,9.62,,,12.08,7.64,0.17,,0.42,2.55,0.1,,0.14,0.21,,,,,,,,,,,,,,,,,,,,,,,,,,,,,,,,,,,,,,,,,,,230.0,300.0,,,45.0,114.0,70.0,73.0,,,,,,9.0,178.0,,,,,,,,,,,,,,,,58.0,,,,,,,,,,,,,,,,,,,,,,,,,,,,,,,,,,,,,,,,,,,,,,,,,,,,,94512.0,
[4533],CONVERGENT MARGIN,NEW HEBRIDES ARC - VANUATU ARCHIPELAGO / NORTH FIJI BASIN / DREDGE 6,RIDGE NEAR THE N160 GRABEN AXIS,-16.6648,-16.674,173.817,173.82,SAQ,,,s_K29 [4533],BASALT [4533],,,,,,,,MODERATELY PHYRIC [4533] ,VOL,,,,,WR [4533] ,49.5,1.87,,14.71,,10.49,,,11.66,7.27,0.2,,0.26,2.82,0.1,,0.06,0.11,,,,,,,,,,,,,,,,,,,,,,,,,,,,,,,,,,,,,,,,,,,268.0,200.0,,,41.0,84.0,72.0,81.0,,,,,,6.0,185.0,,,,,,,,,,,,,,,,27.0,,,,,,,,,,,,,,,,,,,,,,,,,,,,,,,,,,,,,,,,,,,,,,,,,,,,,94513.0,
[4533],CONVERGENT MARGIN,NEW HEBRIDES ARC - VANUATU ARCHIPELAGO / NORTH FIJI BASIN / DREDGE 6,RIDGE NEAR THE N160 GRABEN AXIS,-16.6648,-16.674,173.817,173.82,SAQ,,,s_K29 [4533],BASALT [4533],,,,,,,,MODERATELY PHYRIC [4533] ,VOL,,,,,WR [4533] ,49.3,1.8,,15.65,,10.83,,,11.36,7.08,0.18,,0.28,2.57,0.2,,0.32,0.21,,,,,,,,,,,,,,,,,,,,,,,,,,,,,,,,,,,,,,,,,,,272.0,253.0,,,42.0,100.0,61.0,88.0,,,,,,5.0,158.0,,,,,,,,,,,,,,,,42.0,,,,,,,,,,,,,,,,,,,,,,,,,,,,,,,,,,,,,,,,,,,,,,,,,,,,,94514.0,
[4533],CONVERGENT MARGIN,NEW HEBRIDES ARC - VANUATU ARCHIPELAGO / NORTH FIJI BASIN / DREDGE 6,RIDGE NEAR THE N160 GRABEN AXIS,-16.6648,-16.674,173.817,173.82,SAQ,,,s_K29 [4533],BASALT [4533],,,,,,,,MODERATELY PHYRIC [4533] ,VOL,,,,,WR [4533] ,50.1,1.78,,14.86,,10.05,,,11.8,7.37,0.17,,0.22,2.86,0.2,,0.03,0.11,,,,,,,,,,,,,,,,,,,,,,,,,,,,,,,,,,,,,,,,,,,270.0,208.0,,,40.0,71.0,60.0,80.0,,,,,,4.0,185.0,,,,,,,,,,,,,,,,30.0,,,,,,,,,,,,,,,,,,,,,,,,,,,,,,,,,,,,,,,,,,,,,,,,,,,,,94515.0,
[4533],CONVERGENT MARGIN,NEW HEBRIDES ARC - VANUATU ARCHIPELAGO / NORTH FIJI BASIN / DREDGE 6,RIDGE NEAR THE N160 GRABEN AXIS,-16.6648,-16.674,173.817,173.82,SAQ,,,s_K29 [4533],BASALT [4533],,,,,,,,MODERATELY PHYRIC [4533] ,VOL,,,,,WR [4533] ,50.15,1.77,,14.73,,10.43,,,11.64,7.24,0.17,,0.29,2.86,0.2,,0.22,0.12,,,,,,,,,,,,,,,,,,,,,,,,,,,,,,,,,,,,,,,,,,,275.0,204.0,,,41.0,76.0,70.0,79.0,,,,,,6.0,184.0,,,,,,,,,,,,,,,,27.0,,,,,,,,,,,,,,,,,,,,,,,,,,,,,,,,,,,,,,,,,,,,,,,,,,,,,94516.0,
[4533],CONVERGENT MARGIN,NEW HEBRIDES ARC - VANUATU ARCHIPELAGO / NORTH FIJI BASIN / DREDGE 6,RIDGE NEAR THE N160 GRABEN AXIS,-16.6648,-16.674,173.817,173.82,SAQ,,,s_K29 [4533],BASALT [4533],,,,,,,,MODERATELY PHYRIC [4533] ,VOL,,,,,WR [4533] ,49.5,1.76,,14.52,,10.63,,,11.5,7.18,0.18,,0.33,2.87,0.2,,0.15,0.12,,,,,,,,,,,,,,,,,,,,,,,,,,,,,,,,,,,,,,,,,,,257.0,205.0,,,39.0,70.0,76.0,79.0,,,,,,7.0,185.0,,,,,,,,,,,,,,,,27.0,,,,,,,,,,,,,,,,,,,,,,,,,,,,,,,,,,,,,,,,,,,,,,,,,,,,,94517.0,
[4533],CONVERGENT MARGIN,NEW HEBRIDES ARC - VANUATU ARCHIPELAGO / NORTH FIJI BASIN / DREDGE 6,RIDGE NEAR THE N160 GRABEN AXIS,-16.6648,-16.674,173.817,173.82,SAQ,,,s_K29 [4533],BASALT [4533],,,,,,,,MODERATELY PHYRIC [4533] ,VOL,,,,,WR [4533] ,49.6,1.74,,14.54,,10.85,,,11.54,7.0,0.18,,0.37,2.82,0.2,,0.25,0.17,,,,,,,,,,,,,,,,,,,,,,,,,,,,,,,,,,,,,,,,,,,263.0,225.0,,,40.0,92.0,70.0,81.0,,,,,,8.0,181.0,,,,,,,,,,,,,,,,30.0,,,,,,,,,,,,,,,,,,,,,,,,,,,,,,,,,,,,,,,,,,,,,,,,,,,,,94518.0,
[4533],CONVERGENT MARGIN,NEW HEBRIDES ARC - VANUATU ARCHIPELAGO / NORTH FIJI BASIN / DREDGE 1T,TRIPLE JUNCTION AEREA,-16.792,-16.7983,174.0243,174.0281,SAQ,-2667.0,-2778.0,s_K17 [4533],BASALT [4533],,,,,,,,,VOL,,,,,WR [4533] ,49.3,1.27,,18.48,,8.96,,,12.41,6.11,0.15,,0.19,2.51,0.05,,0.22,0.07,,,,,,,,,,,,,,,,,,,,,,,,,,,,,,,,,,,,,,,,,,,223.0,140.0,,,36.0,73.0,65.0,66.0,,,,,,4.0,141.0,,,,,,,,,,,,,,,,24.0,,,,,,,,,,,,,,,,,,,,,,,,,,,,,,,,,,,,,,,,,,,,,,,,,,,,,94519.0,
[4533],CONVERGENT MARGIN,NEW HEBRIDES ARC - VANUATU ARCHIPELAGO / NORTH FIJI BASIN / DREDGE 1T,TRIPLE JUNCTION AEREA,-16.792,-16.7983,174.0243,174.0281,SAQ,-2667.0,-2778.0,s_K17 [4533],BASALT [4533],,,,,,,,,VOL,,,,,WR [4533] ,49.8,1.47,,14.81,,10.62,,,11.93,7.63,0.18,,0.11,2.91,0.05,,0.54,0.05,,,,,,,,,,,,,,,,,,,,,,,,,,,,,,,,,,,,,,,,,,,258.0,259.0,,,43.0,71.0,94.0,75.0,,,,,,3.0,131.0,,,,,,,,,,,,,,,,26.0,,,,,,,,,,,,,,,,,,,,,,,,,,,,,,,,,,,,,,,,,,,,,,,,,,,,,94520.0,
[4533],CONVERGENT MARGIN,NEW HEBRIDES ARC - VANUATU ARCHIPELAGO / NORTH FIJI BASIN / DREDGE 5,WESTERN FLANK OF RIDGE,-16.303,-16.312,173.518,173.552,SAQ,-3500.0,-3930.0,s_K-5 [4533],BASALT [4533],,,,,,,,,VOL,,,,,WR [4533] ,48.8,0.69,,23.96,,5.0,,,13.86,5.38,0.09,,0.06,1.79,0.1,,-0.22,0.08,,,,,,,,,,,,,,,,,,,,,,,,,,,,,,,,,,,,,,,,,,,124.0,207.0,,,23.0,101.0,50.0,44.0,,,,,,2.5,127.0,,,,,,,,,,,,,,,,15.0,,,,,,,,,,,,,,,,,,,,,,,,,,,,,,,,,,,,,,,,,,,,,,,,,,,,,94521.0,
[4533],CONVERGENT MARGIN,NEW HEBRIDES ARC - VANUATU ARCHIPELAGO / NORTH FIJI BASIN / DREDGE 5,WESTERN FLANK OF RIDGE,-16.303,-16.312,173.518,173.552,SAQ,-3500.0,-3930.0,s_K-5 [4533],BASALT [4533],,,,,,,,,VOL,,,,,WR [4533] ,49.5,0.9,,20.2,,7.17,,,12.62,7.2,0.14,,0.08,2.06,0.1,,-0.35,0.12,,,,,,,,,,,,,,,,,,,,,,,,,,,,,,,,,,,,,,,,,,,175.0,282.0,,,33.0,124.0,67.0,60.0,,,,,,3.0,116.0,,,,,,,,,,,,,,,,15.0,,,,,,,,,,,,,,,,,,,,,,,,,,,,,,,,,,,,,,,,,,,,,,,,,,,,,94522.0,
[4533],CONVERGENT MARGIN,NEW HEBRIDES ARC - VANUATU ARCHIPELAGO / NORTH FIJI BASIN / DREDGE 5,"STATION 8, AXIAL GRABEN",-17.1528,-17.158,173.872,173.8735,SAQ,-2306.0,-2323.0,s_K8 [4533],BASALT [4533],,,,,,,,,VOL,,,F,,WR [4533] ,51.5,1.47,,13.78,,12.47,,,11.05,6.78,0.21,,0.2,2.95,0.1,,-0.47,0.13,,,,,,,,,,,,,,,,,,,,,,,,,,,,,,,,,,,,,,,,,,,275.0,110.0,,,46.0,43.0,80.0,99.0,,,,,,5.0,110.0,,,,,,,,,,,,,,,,57.0,,,,,,,,,,,,,,,,,,,,,,,,,,,,,,,,,,,,,,,,,,,,,,,,,,,,,94587.0,
[4533],CONVERGENT MARGIN,NEW HEBRIDES ARC - VANUATU ARCHIPELAGO / NORTH FIJI BASIN / DREDGE 5,"STATION 8, AXIAL GRABEN",-17.1528,-17.158,173.872,173.8735,SAQ,-2306.0,-2323.0,s_K8 [4533],BASALT [4533],,,,,,,,,VOL,,,F,,WR [4533] ,51.5,1.44,,13.92,,12.51,,,10.98,6.67,0.21,,0.2,2.97,0.12,,-0.44,0.14,,,,,,,,,,,,,,,,,,,,,,,,,,,,,,,,,,,,,,,,,,,273.0,109.0,,,46.0,40.0,81.0,94.0,,,,,,5.0,113.0,,,,,,,,,,,,,,,,33.0,,,,,,,,,,,,,,,,,,,,,,,,,,,,,,,,,,,,,,,,,,,,,,,,,,,,,94588.0,
[4533],CONVERGENT MARGIN,NEW HEBRIDES ARC - VANUATU ARCHIPELAGO / NORTH FIJI BASIN / DREDGE 5,"STATION 8, AXIAL GRABEN",-17.1528,-17.158,173.872,173.8735,SAQ,-2306.0,-2323.0,s_K8 [4533],BASALT [4533],,,,,,,,,VOL,,,F,,WR [4533] ,51.5,1.44,,13.68,,12.32,,,10.78,6.65,0.21,,0.2,2.92,0.12,,-0.45,0.16,,,,,,,,,,,,,,,,,,,,,,,,,,,,,,,,,,,,,,,,,,,260.0,106.0,,,46.0,41.0,82.0,95.0,,,,,,5.0,109.0,,,,,,,,,,,,,,,,25.0,,,,,,,,,,,,,,,,,,,,,,,,,,,,,,,,,,,,,,,,,,,,,,,,,,,,,94589.0,
[4533],CONVERGENT MARGIN,NEW HEBRIDES ARC - VANUATU ARCHIPELAGO / NORTH FIJI BASIN / DREDGE 5,"STATION 8, AXIAL GRABEN",-17.1528,-17.158,173.872,173.8735,SAQ,-2306.0,-2323.0,s_K8 [4533],BASALT [4533],,,,,,,,,VOL,,,F,,WR [4533] ,51.3,1.47,,13.7,,12.31,,,10.85,6.72,0.21,,0.15,2.92,0.12,,-0.51,0.1,,,,,,,,,,,,,,,,,,,,,,,,,,,,,,,,,,,,,,,,,,,255.0,108.0,,,47.0,40.0,80.0,98.0,,,,,,4.0,112.0,,,,,,,,,,,,,,,,33.0,,,,,,,,,,,,,,,,,,,,,,,,,,,,,,,,,,,,,,,,,,,,,,,,,,,,,94590.0,
[4533],CONVERGENT MARGIN,NEW HEBRIDES ARC - VANUATU ARCHIPELAGO / NORTH FIJI BASIN / DREDGE 5,"STATION 8, AXIAL GRABEN",-17.1528,-17.158,173.872,173.8735,SAQ,-2306.0,-2323.0,s_K8 [4533],BASALT [4533],,,,,,,,,VOL,,,F,,WR [4533] ,50.1,2.47,,13.9,,12.9,,,11.06,6.87,0.2,,0.19,2.88,0.1,,-0.56,0.19,,,,,,,,,,,,,,,,,,,,,,,,,,,,,,,,,,,,,,,,,,,316.0,93.0,,,43.0,42.0,78.0,98.0,,,,,,5.0,114.0,,,,,,,,,,,,,,,,25.0,,,,,,,,,,,,,,,,,,,,,,,,,,,,,,,,,,,,,,,,,,,,,,,,,,,,,94591.0,
[4533],CONVERGENT MARGIN,NEW HEBRIDES ARC - VANUATU ARCHIPELAGO / NORTH FIJI BASIN / DREDGE 5,"STATION 8, AXIAL GRABEN",-17.1528,-17.158,173.872,173.8735,SAQ,-2306.0,-2323.0,s_K8 [4533],BASALT [4533],,,,,,,,,VOL,,,F,,WR [4533] ,50.15,2.48,,13.92,,12.71,,,11.03,6.76,0.2,,0.21,2.85,0.1,,-0.5,0.17,,,,,,,,,,,,,,,,,,,,,,,,,,,,,,,,,,,,,,,,,,,326.0,92.0,,,43.0,42.0,77.0,97.0,,,,,,5.0,113.0,,,,,,,,,,,,,,,,25.0,,,,,,,,,,,,,,,,,,,,,,,,,,,,,,,,,,,,,,,,,,,,,,,,,,,,,94592.0,
[4533],CONVERGENT MARGIN,NEW HEBRIDES ARC - VANUATU ARCHIPELAGO / NORTH FIJI BASIN / DREDGE 6,STATION 9,-17.32,-17.331,173.81,173.821,SAQ,-2506.0,-2539.0,s_K9 [4533],BASALT [4533],,,,,,,,,VOL,,,,,WR [4533] ,50.35,1.34,,14.67,,11.08,,,11.84,7.38,0.17,,0.13,2.75,0.1,,-0.09,0.11,,,,,,,,,,,,,,,,,,,,,,,,,,,,,,,,,,,,,,,,,,,270.0,159.0,,,40.0,49.0,91.0,79.0,,,,,,4.0,121.0,,,,,,,,,,,,,,,,10.0,,,,,,,,,,,,,,,,,,,,,,,,,,,,,,,,,,,,,,,,,,,,,,,,,,,,,94593.0,
[4533],CONVERGENT MARGIN,NEW HEBRIDES ARC - VANUATU ARCHIPELAGO / NORTH FIJI BASIN / DREDGE 6,STATION 9,-17.32,-17.331,173.81,173.821,SAQ,-2506.0,-2539.0,s_K9 [4533],BASALT [4533],,,,,,,,,VOL,,,,,WR [4533] ,50.5,1.52,,14.78,,10.99,,,11.97,7.48,0.17,,0.13,2.76,0.1,,-0.43,0.1,,,,,,,,,,,,,,,,,,,,,,,,,,,,,,,,,,,,,,,,,,,257.0,160.0,,,41.0,50.0,91.0,82.0,,,,,,3.5,121.0,,,,,,,,,,,,,,,,20.0,,,,,,,,,,,,,,,,,,,,,,,,,,,,,,,,,,,,,,,,,,,,,,,,,,,,,94594.0,
[4533],CONVERGENT MARGIN,NEW HEBRIDES ARC - VANUATU ARCHIPELAGO / NORTH FIJI BASIN / DREDGE 6,STATION 9,-17.32,-17.331,173.81,173.821,SAQ,-2506.0,-2539.0,s_K9 [4533],BASALT [4533],,,,,,,,,VOL,,,,,WR [4533] ,51.0,1.24,,14.24,,10.73,,,11.76,7.39,0.18,,0.12,2.81,0.1,,-0.4,0.1,,,,,,,,,,,,,,,,,,,,,,,,,,,,,,,,,,,,,,,,,,,232.0,183.0,,,46.0,49.0,93.0,79.0,,,,,,3.5,118.0,,,,,,,,,,,,,,,,45.0,,,,,,,,,,,,,,,,,,,,,,,,,,,,,,,,,,,,,,,,,,,,,,,,,,,,,94595.0,
[4533],CONVERGENT MARGIN,NEW HEBRIDES ARC - VANUATU ARCHIPELAGO / NORTH FIJI BASIN / DREDGE 6,STATION 9,-17.32,-17.331,173.81,173.821,SAQ,-2506.0,-2539.0,s_K9 [4533],BASALT [4533],,,,,,,,,VOL,,,,,WR [4533] ,50.75,1.41,,14.44,,11.18,,,11.98,7.43,0.17,,0.13,2.76,0.1,,-0.4,0.09,,,,,,,,,,,,,,,,,,,,,,,,,,,,,,,,,,,,,,,,,,,254.0,162.0,,,40.0,49.0,90.0,80.0,,,,,,4.0,123.0,,,,,,,,,,,,,,,,25.0,,,,,,,,,,,,,,,,,,,,,,,,,,,,,,,,,,,,,,,,,,,,,,,,,,,,,94596.0,
[4533],CONVERGENT MARGIN,NEW HEBRIDES ARC - VANUATU ARCHIPELAGO / NORTH FIJI BASIN / DREDGE 6,STATION 9,-17.32,-17.331,173.81,173.821,SAQ,-2506.0,-2539.0,s_K9 [4533],BASALT [4533],,,,,,,,,VOL,,,,,WR [4533] ,51.15,1.59,,13.68,,12.55,,,10.47,6.38,0.21,,0.26,2.97,0.12,,-0.47,0.15,,,,,,,,,,,,,,,,,,,,,,,,,,,,,,,,,,,,,,,,,,,290.0,115.0,,,46.0,41.0,74.0,97.0,,,,,,,120.0,,,,,,,,,,,,,,,,66.0,,,,,,,,,,,,,,,,,,,,,,,,,,,,,,,,,,,,,,,,,,,,,,,,,,,,,94597.0,
[4533],CONVERGENT MARGIN,NEW HEBRIDES ARC - VANUATU ARCHIPELAGO / NORTH FIJI BASIN / DREDGE 6,STATION 9,-17.32,-17.331,173.81,173.821,SAQ,-2506.0,-2539.0,s_K9 [4533],BASALT [4533],,,,,,,,,VOL,,,,,WR [4533] ,51.0,1.62,,13.66,,12.88,,,10.53,6.41,0.21,,0.19,2.94,0.12,,-0.57,0.09,,,,,,,,,,,,,,,,,,,,,,,,,,,,,,,,,,,,,,,,,,,266.0,116.0,,,46.0,42.0,114.0,96.0,,,,,,5.0,118.0,,,,,,,,,,,,,,,,49.0,,,,,,,,,,,,,,,,,,,,,,,,,,,,,,,,,,,,,,,,,,,,,,,,,,,,,94598.0,
[4533],CONVERGENT MARGIN,NEW HEBRIDES ARC - VANUATU ARCHIPELAGO / NORTH FIJI BASIN / STATION 12,AXIAL RIDGE,-17.569,-17.6008,173.758,173.769,SAQ,-2494.0,-2517.0,s_K12 [4533],BASALT [4533],,,,,,,,,VOL,,,,,WR [4533] ,50.0,0.95,,17.38,,8.7,,,12.35,7.35,0.17,,0.11,2.39,0.05,,-0.44,0.06,,,,,,,,,,,,,,,,,,,,,,,,,,,,,,,,,,,,,,,,,,,166.0,322.0,,,40.0,88.0,86.0,64.0,,,,,,3.0,145.0,,,,,,,,,,,,,,,,43.0,,,,,,,,,,,,,,,,,,,,,,,,,,,,,,,,,,,,,,,,,,,,,,,,,,,,,94599.0,
[4533],CONVERGENT MARGIN,NEW HEBRIDES ARC - VANUATU ARCHIPELAGO / NORTH FIJI BASIN / STATION 12,AXIAL RIDGE,-17.569,-17.6008,173.758,173.769,SAQ,-2494.0,-2517.0,s_K12 [4533],BASALT [4533],,,,,,,,,VOL,,,,,WR [4533] ,48.3,0.89,,16.98,,9.3,,,11.94,7.16,0.58,,0.12,2.36,0.12,,0.39,0.36,,,,,,,,,,,,,,,,,,,,,,,,,,,,,,,,,,,,,,,,,,,174.0,284.0,,,48.0,117.0,94.0,78.0,,,,,,3.0,172.0,,,,,,,,,,,,,,,,77.0,,,,,,,,,,,,,,,,,,,,,,,,,,,,,,,,,,,,,,,,,,,,,,,,,,,,,94601.0,
[4533],CONVERGENT MARGIN,NEW HEBRIDES ARC - VANUATU ARCHIPELAGO / NORTH FIJI BASIN / STATION 12,AXIAL RIDGE,-17.569,-17.6008,173.758,173.769,SAQ,-2494.0,-2517.0,s_K12 [4533],BASALT [4533],,,,,,,,,VOL,,,,,WR [4533] ,48.0,0.93,,16.26,,9.62,,,12.02,7.23,0.56,,0.16,2.4,0.1,,0.68,0.62,,,,,,,,,,,,,,,,,,,,,,,,,,,,,,,,,,,,,,,,,,,180.0,315.0,,,52.0,106.0,160.0,86.0,,,,,,3.5,178.0,,,,,,,,,,,,,,,,77.0,,,,,,,,,,,,,,,,,,,,,,,,,,,,,,,,,,,,,,,,,,,,,,,,,,,,,94602.0,
[4533],CONVERGENT MARGIN,NEW HEBRIDES ARC - VANUATU ARCHIPELAGO / NORTH FIJI BASIN / STATION 12,AXIAL RIDGE,-17.569,-17.6008,173.758,173.769,SAQ,-2494.0,-2517.0,s_K12 [4533],BASALT [4533],,,,,,,,,VOL,,,,,WR [4533] ,49.1,0.93,,16.87,,9.04,,,12.11,7.3,0.34,,0.13,2.42,0.1,,0.04,0.28,,,,,,,,,,,,,,,,,,,,,,,,,,,,,,,,,,,,,,,,,,,167.0,315.0,,,48.0,101.0,144.0,78.0,,,,,,3.5,157.0,,,,,,,,,,,,,,,,34.0,,,,,,,,,,,,,,,,,,,,,,,,,,,,,,,,,,,,,,,,,,,,,,,,,,,,,94603.0,
[4533],CONVERGENT MARGIN,NEW HEBRIDES ARC - VANUATU ARCHIPELAGO / NORTH FIJI BASIN / STATION 12,AXIAL RIDGE,-17.569,-17.6008,173.758,173.769,SAQ,-2494.0,-2517.0,s_K12 [4533],BASALT [4533],,,,,,,,,VOL,,,,,WR [4533] ,49.6,1.02,,16.1,,9.6,,,11.89,7.48,0.45,,0.15,2.49,0.12,,0.21,0.27,,,,,,,,,,,,,,,,,,,,,,,,,,,,,,,,,,,,,,,,,,,175.0,322.0,,,51.0,101.0,135.0,79.0,,,,,,3.5,166.0,,,,,,,,,,,,,,,,60.0,,,,,,,,,,,,,,,,,,,,,,,,,,,,,,,,,,,,,,,,,,,,,,,,,,,,,94604.0,
[4533],CONVERGENT MARGIN,NEW HEBRIDES ARC - VANUATU ARCHIPELAGO / NORTH FIJI BASIN / STATION 12,AXIAL RIDGE,-17.569,-17.6008,173.758,173.769,SAQ,-2494.0,-2517.0,s_K12 [4533],BASALT [4533],,,,,,,,,VOL,,,,,WR [4533] ,49.75,0.94,,16.69,,9.2,,,12.08,7.4,0.39,,0.13,2.41,0.1,,0.15,0.2,,,,,,,,,,,,,,,,,,,,,,,,,,,,,,,,,,,,,,,,,,,178.0,313.0,,,50.0,101.0,127.0,74.0,,,,,,3.5,160.0,,,,,,,,,,,,,,,,43.0,,,,,,,,,,,,,,,,,,,,,,,,,,,,,,,,,,,,,,,,,,,,,,,,,,,,,94605.0,
[4533],CONVERGENT MARGIN,NEW HEBRIDES ARC - VANUATU ARCHIPELAGO / NORTH FIJI BASIN / STATION 12,AXIAL RIDGE,-17.569,-17.6008,173.758,173.769,SAQ,-2494.0,-2517.0,s_K12 [4533],BASALT [4533],,,,,,,,,VOL,,,,,WR [4533] ,49.4,0.93,,17.0,,9.04,,,12.21,7.56,0.34,,0.11,2.38,0.08,,-0.12,0.12,,,,,,,,,,,,,,,,,,,,,,,,,,,,,,,,,,,,,,,,,,,187.0,322.0,,,45.0,102.0,104.0,70.0,,,,,,3.0,153.0,,,,,,,,,,,,,,,,51.0,,,,,,,,,,,,,,,,,,,,,,,,,,,,,,,,,,,,,,,,,,,,,,,,,,,,,94606.0,
[4533],CONVERGENT MARGIN,NEW HEBRIDES ARC - VANUATU ARCHIPELAGO / NORTH FIJI BASIN / STATION 6,AXIAL RIDGE,-18.1108,-18.128,173.477,173.499,SAQ,-2696.0,-2820.0,s_K6A [4533],BASALT [4533],,,,,,,,,VOL,,,,,WR [4533] ,50.3,1.33,,14.83,,10.54,,,11.12,7.48,0.16,,0.55,2.61,0.3,,-0.11,0.34,,,,,,,,,,,,,,,,,,,,,,,,,,,,,,,,,,,,,,,,,,,241.0,256.0,,,38.0,115.0,66.0,89.0,,,,,,10.0,134.0,,,,,,,,,,,,,,,,85.0,,,,,,,,,,,,,,,,,,,,,,,,,,,,,,,,,,,,,,,,,,,,,,,,,,,,,94607.0,
[4533],CONVERGENT MARGIN,NEW HEBRIDES ARC - VANUATU ARCHIPELAGO / NORTH FIJI BASIN / STATION 6,AXIAL RIDGE,-18.1108,-18.128,173.477,173.499,SAQ,-2696.0,-2820.0,s_K6A [4533],BASALT [4533],,,,,,,,,VOL,,,,,WR [4533] ,51.3,1.22,,15.04,,10.18,,,10.84,7.47,0.17,,0.51,2.62,0.25,,-0.06,0.2,,,,,,,,,,,,,,,,,,,,,,,,,,,,,,,,,,,,,,,,,,,230.0,285.0,,,40.0,110.0,66.0,87.0,,,,,,10.0,129.0,,,,,,,,,,,,,,,,125.0,,,,,,,,,,,,,,,,,,,,,,,,,,,,,,,,,,,,,,,,,,,,,,,,,,,,,94608.0,
[4533],CONVERGENT MARGIN,NEW HEBRIDES ARC - VANUATU ARCHIPELAGO / NORTH FIJI BASIN / STATION 6,AXIAL RIDGE,-18.1108,-18.128,173.477,173.499,SAQ,-2696.0,-2820.0,s_K6A [4533],BASALT [4533],,,,,,,,,VOL,,,,,WR [4533] ,51.15,1.23,,15.08,,10.22,,,10.79,7.47,0.17,,0.51,2.65,0.2,,-0.06,0.18,,,,,,,,,,,,,,,,,,,,,,,,,,,,,,,,,,,,,,,,,,,247.0,284.0,,,40.0,108.0,65.0,89.0,,,,,,10.0,130.0,,,,,,,,,,,,,,,,109.0,,,,,,,,,,,,,,,,,,,,,,,,,,,,,,,,,,,,,,,,,,,,,,,,,,,,,94609.0,
[4533],CONVERGENT MARGIN,NEW HEBRIDES ARC - VANUATU ARCHIPELAGO / NORTH FIJI BASIN / STATION 6,AXIAL RIDGE,-18.099,-18.148,173.483,173.49,SAQ,-2638.0,-2816.0,s_K6 [4533],BASALT [4533],,,,,,,,APHYRIC [4533] ,VOL,,,F,,WR [4533] ,51.5,1.39,,14.33,,11.2,,,11.35,7.51,0.8,,0.1,2.41,0.1,,-0.44,0.11,,,,,,,,,,,,,,,,,,,,,,,,,,,,,,,,,,,,,,,,,,,305.0,286.0,,,38.0,78.0,73.0,89.0,,,,,,4.0,91.0,,,,,,,,,,,,,,,,15.0,,,,,,,,,,,,,,,,,,,,,,,,,,,,,,,,,,,,,,,,,,,,,,,,,,,,,94610.0,
[4533],CONVERGENT MARGIN,NEW HEBRIDES ARC - VANUATU ARCHIPELAGO / NORTH FIJI BASIN / STATION 6,AXIAL RIDGE,-18.099,-18.148,173.483,173.49,SAQ,-2638.0,-2816.0,s_K6 [4533],BASALT [4533],,,,,,,,APHYRIC [4533] ,VOL,,,F,,WR [4533] ,51.8,1.42,,14.47,,11.11,,,11.31,7.6,1.18,,0.1,2.38,0.08,,-0.58,0.12,,,,,,,,,,,,,,,,,,,,,,,,,,,,,,,,,,,,,,,,,,,295.0,292.0,,,41.0,86.0,73.0,89.0,,,,,,4.0,93.0,,,,,,,,,,,,,,,,15.0,,,,,,,,,,,,,,,,,,,,,,,,,,,,,,,,,,,,,,,,,,,,,,,,,,,,,94611.0,
[4533],CONVERGENT MARGIN,NEW HEBRIDES ARC - VANUATU ARCHIPELAGO / NORTH FIJI BASIN / STATION 6,AXIAL RIDGE,-18.099,-18.148,173.483,173.49,SAQ,-2638.0,-2816.0,s_K6 [4533],BASALT [4533],,,,,,,,APHYRIC [4533] ,VOL,,,F,,WR [4533] ,51.5,1.55,,14.5,,11.25,,,11.33,7.58,0.18,,0.1,2.39,0.08,,-0.49,0.14,,,,,,,,,,,,,,,,,,,,,,,,,,,,,,,,,,,,,,,,,,,313.0,287.0,,,40.0,79.0,74.0,89.0,,,,,,3.5,93.0,,,,,,,,,,,,,,,,10.0,,,,,,,,,,,,,,,,,,,,,,,,,,,,,,,,,,,,,,,,,,,,,,,,,,,,,94612.0,
[4533],CONVERGENT MARGIN,NEW HEBRIDES ARC - VANUATU ARCHIPELAGO / NORTH FIJI BASIN / STATION 6,AXIAL RIDGE,-18.099,-18.148,173.483,173.49,SAQ,-2638.0,-2816.0,s_K6 [4533],BASALT [4533],,,,,,,,APHYRIC [4533] ,VOL,,,F,,WR [4533] ,51.3,1.48,,14.33,,11.24,,,11.36,7.52,0.18,,0.11,2.33,0.08,,-0.57,0.13,,,,,,,,,,,,,,,,,,,,,,,,,,,,,,,,,,,,,,,,,,,320.0,282.0,,,43.0,75.0,74.0,89.0,,,,,,3.5,93.0,,,,,,,,,,,,,,,,10.0,,,,,,,,,,,,,,,,,,,,,,,,,,,,,,,,,,,,,,,,,,,,,,,,,,,,,94613.0,
[4533],CONVERGENT MARGIN,NEW HEBRIDES ARC - VANUATU ARCHIPELAGO / NORTH FIJI BASIN / STATION 6,AXIAL RIDGE,-18.099,-18.148,173.483,173.49,SAQ,-2638.0,-2816.0,s_K6 [4533],BASALT [4533],,,,,,,,APHYRIC [4533] ,VOL,,,F,,WR [4533] ,51.4,1.39,,14.43,,11.22,,,11.28,7.43,0.18,,0.1,2.33,0.1,,-0.62,0.12,,,,,,,,,,,,,,,,,,,,,,,,,,,,,,,,,,,,,,,,,,,300.0,283.0,,,41.0,78.0,74.0,86.0,,,,,,3.5,93.0,,,,,,,,,,,,,,,,10.0,,,,,,,,,,,,,,,,,,,,,,,,,,,,,,,,,,,,,,,,,,,,,,,,,,,,,94614.0,
[4533],CONVERGENT MARGIN,NEW HEBRIDES ARC - VANUATU ARCHIPELAGO / NORTH FIJI BASIN / STATION 6,AXIAL RIDGE,-18.099,-18.148,173.483,173.49,SAQ,-2638.0,-2816.0,s_K6 [4533],BASALT [4533],,,,,,,,APHYRIC [4533] ,VOL,,,F,,WR [4533] ,51.2,1.42,,14.41,,11.55,,,11.68,7.64,0.18,,0.1,2.39,0.1,,-0.56,0.14,,,,,,,,,,,,,,,,,,,,,,,,,,,,,,,,,,,,,,,,,,,314.0,283.0,,,41.0,76.0,75.0,90.0,,,,,,3.5,93.0,,,,,,,,,,,,,,,,10.0,,,,,,,,,,,,,,,,,,,,,,,,,,,,,,,,,,,,,,,,,,,,,,,,,,,,,94615.0,
[4533],CONVERGENT MARGIN,NEW HEBRIDES ARC - VANUATU ARCHIPELAGO / NORTH FIJI BASIN / DREDGE 2,OFF AXIS RIDGE,-18.189,-18.2,173.5826,173.615,SAQ,-2550.0,-2800.0,s_S2 [4533],BASALT [4533],,,,,,,,,VOL,,,S,,WR [4533] ,50.35,1.79,,14.55,,11.68,,,11.43,6.99,0.18,,0.2,2.55,0.1,,-0.28,0.12,,,,,,,,,,,,,,,,,,,,,,,,,,,,,,,,,,,,,,,,,,,295.0,232.0,,,44.0,106.0,78.0,99.0,,,,,,3.6,117.0,,,,,,,,,,,,,,,,20.0,,,,,,,,,,,,,,,,,,,,,,,,,,,,,,,,,,,,,,,,,,,,,,,,,,,,,94629.0,
[4533],CONVERGENT MARGIN,NEW HEBRIDES ARC - VANUATU ARCHIPELAGO / NORTH FIJI BASIN / DREDGE 2,OFF AXIS RIDGE,-18.189,-18.2,173.5826,173.615,SAQ,-2550.0,-2800.0,s_S2 [4533],BASALT [4533],,,,,,,,,VOL,,,S,,WR [4533] ,50.0,1.79,,14.48,,11.83,,,11.45,7.12,0.18,,0.21,2.52,0.1,,-0.32,0.15,,,,,,,,,,,,,,,,,,,,,,,,,,,,,,,,,,,,,,,,,,,300.0,232.0,,,43.0,104.0,79.0,99.0,,,,,,4.5,117.0,,,,,,,,,,,,,,,,20.0,,,,,,,,,,,,,,,,,,,,,,,,,,,,,,,,,,,,,,,,,,,,,,,,,,,,,94630.0,
[4533],CONVERGENT MARGIN,NEW HEBRIDES ARC - VANUATU ARCHIPELAGO / NORTH FIJI BASIN / DREDGE 4,AXIAL GRABEN,-18.543,-18.566,173.518,173.522,SAQ,-2800.0,-2870.0,s_S4 [4533],BASALT [4533],,,,,,,,,VOL,,,F,,WR [4533] ,50.0,1.59,,14.92,,11.65,,,12.12,7.4,0.18,,0.07,2.46,0.1,,-0.8,0.07,,,,,,,,,,,,,,,,,,,,,,,,,,,,,,,,,,,,,,,,,,,292.0,299.0,,,44.0,92.0,71.0,87.0,,,,,,2.0,96.0,,,,,,,,,,,,,,,,40.0,,,,,,,,,,,,,,,,,,,,,,,,,,,,,,,,,,,,,,,,,,,,,,,,,,,,,94631.0,
[4533],CONVERGENT MARGIN,NEW HEBRIDES ARC - VANUATU ARCHIPELAGO / NORTH FIJI BASIN / DREDGE 4,AXIAL GRABEN,-18.543,-18.566,173.518,173.522,SAQ,-2800.0,-2870.0,s_S4 [4533],BASALT [4533],,,,,,,,,VOL,,,F,,WR [4533] ,49.0,1.53,,14.88,,11.59,,,12.19,7.77,0.19,,0.06,2.5,0.1,,-0.88,0.07,,,,,,,,,,,,,,,,,,,,,,,,,,,,,,,,,,,,,,,,,,,294.0,295.0,,,44.0,97.0,71.0,87.0,,,,,,2.0,94.0,,,,,,,,,,,,,,,,25.0,,,,,,,,,,,,,,,,,,,,,,,,,,,,,,,,,,,,,,,,,,,,,,,,,,,,,94632.0,
[4533],CONVERGENT MARGIN,NEW HEBRIDES ARC - VANUATU ARCHIPELAGO / NORTH FIJI BASIN / DREDGE 4,AXIAL GRABEN,-18.543,-18.566,173.518,173.522,SAQ,-2800.0,-2870.0,s_S4 [4533],BASALT [4533],,,,,,,,,VOL,,,F,,WR [4533] ,49.5,1.55,,14.88,,11.72,,,12.19,7.78,0.18,,0.07,2.52,0.1,,-0.68,0.1,,,,,,,,,,,,,,,,,,,,,,,,,,,,,,,,,,,,,,,,,,,285.0,297.0,,,43.0,94.0,71.0,86.0,,,,,,2.0,94.0,,,,,,,,,,,,,,,,30.0,,,,,,,,,,,,,,,,,,,,,,,,,,,,,,,,,,,,,,,,,,,,,,,,,,,,,94633.0,
[4533],CONVERGENT MARGIN,NEW HEBRIDES ARC - VANUATU ARCHIPELAGO / NORTH FIJI BASIN / DREDGE 4,AXIAL GRABEN,-18.543,-18.566,173.518,173.522,SAQ,-2800.0,-2870.0,s_S4 [4533],BASALT [4533],,,,,,,,,VOL,,,F,,WR [4533] ,49.75,1.56,,14.93,,11.66,,,12.15,7.8,0.18,,0.07,2.51,0.1,,-0.64,0.1,,,,,,,,,,,,,,,,,,,,,,,,,,,,,,,,,,,,,,,,,,,287.0,295.0,,,43.0,93.0,71.0,85.0,,,,,,2.0,96.0,,,,,,,,,,,,,,,,23.0,,,,,,,,,,,,,,,,,,,,,,,,,,,,,,,,,,,,,,,,,,,,,,,,,,,,,94634.0,
[4533],CONVERGENT MARGIN,NEW HEBRIDES ARC - VANUATU ARCHIPELAGO / NORTH FIJI BASIN / DREDGE 4,AXIAL GRABEN,-18.543,-18.566,173.518,173.522,SAQ,-2800.0,-2870.0,s_S4 [4533],BASALT [4533],,,,,,,,,VOL,,,F,,WR [4533] ,49.95,1.57,,14.92,,11.52,,,12.06,7.73,0.18,,0.07,2.49,0.1,,-0.64,0.11,,,,,,,,,,,,,,,,,,,,,,,,,,,,,,,,,,,,,,,,,,,291.0,297.0,,,44.0,93.0,73.0,85.0,,,,,,2.0,96.0,,,,,,,,,,,,,,,,17.0,,,,,,,,,,,,,,,,,,,,,,,,,,,,,,,,,,,,,,,,,,,,,,,,,,,,,94635.0,
[4533],CONVERGENT MARGIN,NEW HEBRIDES ARC - VANUATU ARCHIPELAGO / NORTH FIJI BASIN / DREDGE 4,AXIAL GRABEN,-18.543,-18.566,173.518,173.522,SAQ,-2800.0,-2870.0,s_S4 [4533],BASALT [4533],,,,,,,,,VOL,,,F,,WR [4533] ,49.8,1.48,,14.61,,11.91,,,11.21,7.85,0.19,,0.1,2.44,0.1,,-0.6,0.03,,,,,,,,,,,,,,,,,,,,,,,,,,,,,,,,,,,,,,,,,,,300.0,315.0,,,45.0,102.0,68.0,89.0,,,,,,2.4,95.0,,,,,,,,,,,,,,,,10.0,,,,,,,,,,,,,,,,,,,,,,,,,,,,,,,,,,,,,,,,,,,,,,,,,,,,,94636.0,
[4533],CONVERGENT MARGIN,NEW HEBRIDES ARC - VANUATU ARCHIPELAGO / NORTH FIJI BASIN / DREDGE 4,AXIAL GRABEN,-18.543,-18.566,173.518,173.522,SAQ,-2800.0,-2870.0,s_S4 [4533],BASALT [4533],,,,,,,,,VOL,,,F,,WR [4533] ,49.9,1.5,,14.87,,11.64,,,12.06,7.84,0.18,,0.07,2.49,0.1,,-0.68,0.09,,,,,,,,,,,,,,,,,,,,,,,,,,,,,,,,,,,,,,,,,,,285.0,297.0,,,44.0,93.0,91.0,86.0,,,,,,2.0,93.0,,,,,,,,,,,,,,,,17.0,,,,,,,,,,,,,,,,,,,,,,,,,,,,,,,,,,,,,,,,,,,,,,,,,,,,,94637.0,
[4533],CONVERGENT MARGIN,NEW HEBRIDES ARC - VANUATU ARCHIPELAGO / NORTH FIJI BASIN / DREDGE 4,AXIAL GRABEN,-18.543,-18.566,173.518,173.522,SAQ,-2800.0,-2870.0,s_S4 [4533],BASALT [4533],,,,,,,,,VOL,,,F,,WR [4533] ,50.0,1.56,,14.87,,11.75,,,12.1,7.81,0.18,,0.07,2.49,0.1,,-0.72,0.08,,,,,,,,,,,,,,,,,,,,,,,,,,,,,,,,,,,,,,,,,,,290.0,297.0,,,44.0,94.0,72.0,86.0,,,,,,2.0,96.0,,,,,,,,,,,,,,,,30.0,,,,,,,,,,,,,,,,,,,,,,,,,,,,,,,,,,,,,,,,,,,,,,,,,,,,,94638.0,
[4533],CONVERGENT MARGIN,NEW HEBRIDES ARC - VANUATU ARCHIPELAGO / NORTH FIJI BASIN / DREDGE 4,AXIAL GRABEN,-18.543,-18.566,173.518,173.522,SAQ,-2800.0,-2870.0,s_S4 [4533],BASALT [4533],,,,,,,,,VOL,,,F,,WR [4533] ,48.75,1.58,,14.93,,11.56,,,12.17,7.89,0.18,,0.07,2.53,0.1,,-0.65,0.08,,,,,,,,,,,,,,,,,,,,,,,,,,,,,,,,,,,,,,,,,,,291.0,295.0,,,44.0,93.0,72.0,86.0,,,,,,2.0,97.0,,,,,,,,,,,,,,,,35.0,,,,,,,,,,,,,,,,,,,,,,,,,,,,,,,,,,,,,,,,,,,,,,,,,,,,,94639.0,
[4533],CONVERGENT MARGIN,NEW HEBRIDES ARC - VANUATU ARCHIPELAGO / NORTH FIJI BASIN / DREDGE 4,AXIAL GRABEN,-18.543,-18.566,173.518,173.522,SAQ,-2800.0,-2870.0,s_S4 [4533],BASALT [4533],,,,,,,,,VOL,,,F,,WR [4533] ,50.0,1.55,,14.89,,11.67,,,12.23,7.87,0.18,,0.07,2.52,0.1,,-0.53,0.07,,,,,,,,,,,,,,,,,,,,,,,,,,,,,,,,,,,,,,,,,,,293.0,297.0,,,44.0,94.0,75.0,86.0,,,,,,2.0,96.0,,,,,,,,,,,,,,,,25.0,,,,,,,,,,,,,,,,,,,,,,,,,,,,,,,,,,,,,,,,,,,,,,,,,,,,,94640.0,
[4533],CONVERGENT MARGIN,NEW HEBRIDES ARC - VANUATU ARCHIPELAGO / NORTH FIJI BASIN / DREDGE 10,"AXIAL RIDGE, STATION 14",-18.812,-18.825,173.518,173.522,SAQ,-2713.0,-2729.0,s_K14 [4533],BASALT [4533],,,,,,,,APHYRIC [4533] ,VOL,,,,,WR [4533] ,49.8,1.54,,14.43,,12.2,,,11.69,7.74,0.19,,0.09,2.31,0.1,,-0.83,0.04,,,,,,,,,,,,,,,,,,,,,,,,,,,,,,,,,,,,,,,,,,,300.0,272.0,,,41.0,98.0,76.0,95.0,,,,,,3.0,84.0,,,,,,,,,,,,,,,,20.0,,,,,,,,,,,,,,,,,,,,,,,,,,,,,,,,,,,,,,,,,,,,,,,,,,,,,94641.0,
[4533],CONVERGENT MARGIN,NEW HEBRIDES ARC - VANUATU ARCHIPELAGO / NORTH FIJI BASIN / DREDGE 10,"AXIAL RIDGE, STATION 14",-18.812,-18.825,173.518,173.522,SAQ,-2713.0,-2729.0,s_K14 [4533],BASALT [4533],,,,,,,,APHYRIC [4533] ,VOL,,,,,WR [4533] ,50.5,1.58,,14.22,,12.17,,,11.73,7.77,0.19,,0.09,2.32,0.08,,-0.64,0.06,,,,,,,,,,,,,,,,,,,,,,,,,,,,,,,,,,,,,,,,,,,307.0,272.0,,,40.0,98.0,71.0,94.0,,,,,,3.5,84.0,,,,,,,,,,,,,,,,20.0,,,,,,,,,,,,,,,,,,,,,,,,,,,,,,,,,,,,,,,,,,,,,,,,,,,,,94642.0,
[4533],CONVERGENT MARGIN,NEW HEBRIDES ARC - VANUATU ARCHIPELAGO / NORTH FIJI BASIN / DREDGE 10,"AXIAL RIDGE, STATION 14",-18.812,-18.825,173.518,173.522,SAQ,-2713.0,-2729.0,s_K14 [4533],BASALT [4533],,,,,,,,APHYRIC [4533] ,VOL,,,,,WR [4533] ,50.3,1.48,,14.38,,12.14,,,11.72,7.82,0.19,,0.09,2.31,0.1,,-0.82,0.04,,,,,,,,,,,,,,,,,,,,,,,,,,,,,,,,,,,,,,,,,,,305.0,273.0,,,42.0,98.0,73.0,93.0,,,,,,3.0,83.0,,,,,,,,,,,,,,,,30.0,,,,,,,,,,,,,,,,,,,,,,,,,,,,,,,,,,,,,,,,,,,,,,,,,,,,,94643.0,
[4533],CONVERGENT MARGIN,NEW HEBRIDES ARC - VANUATU ARCHIPELAGO / NORTH FIJI BASIN / DREDGE 10,"AXIAL RIDGE, STATION 14",-18.812,-18.825,173.518,173.522,SAQ,-2713.0,-2729.0,s_K14 [4533],BASALT [4533],,,,,,,,APHYRIC [4533] ,VOL,,,,,WR [4533] ,50.3,1.8,,14.25,,12.4,,,11.21,7.3,0.19,,0.22,2.59,0.2,,-0.64,0.07,,,,,,,,,,,,,,,,,,,,,,,,,,,,,,,,,,,,,,,,,,,306.0,137.0,,,40.0,69.0,68.0,97.0,,,,,,5.0,141.0,,,,,,,,,,,,,,,,49.0,,,,,,,,,,,,,,,,,,,,,,,,,,,,,,,,,,,,,,,,,,,,,,,,,,,,,94644.0,
[4533],CONVERGENT MARGIN,NEW HEBRIDES ARC - VANUATU ARCHIPELAGO / NORTH FIJI BASIN / DREDGE 10,"AXIAL RIDGE, STATION 14",-18.812,-18.825,173.518,173.522,SAQ,-2713.0,-2729.0,s_K14 [4533],BASALT [4533],,,,,,,,APHYRIC [4533] ,VOL,,,,,WR [4533] ,50.0,1.48,,14.1,,12.4,,,11.74,7.84,0.19,,0.1,2.34,0.12,,-0.64,0.06,,,,,,,,,,,,,,,,,,,,,,,,,,,,,,,,,,,,,,,,,,,312.0,284.0,,,43.0,100.0,76.0,96.0,,,,,,3.5,83.0,,,,,,,,,,,,,,,,15.0,,,,,,,,,,,,,,,,,,,,,,,,,,,,,,,,,,,,,,,,,,,,,,,,,,,,,94645.0,
[4533],CONVERGENT MARGIN,NEW HEBRIDES ARC - VANUATU ARCHIPELAGO / NORTH FIJI BASIN / DREDGE 10,"AXIAL RIDGE, STATION 14",-18.812,-18.825,173.518,173.522,SAQ,-2713.0,-2729.0,s_K14 [4533],BASALT [4533],,,,,,,,APHYRIC [4533] ,VOL,,,,,WR [4533] ,50.0,1.8,,14.2,,12.37,,,11.21,7.3,0.19,,0.22,2.56,0.15,,-0.64,0.05,,,,,,,,,,,,,,,,,,,,,,,,,,,,,,,,,,,,,,,,,,,298.0,148.0,,,44.0,71.0,69.0,97.0,,,,,,5.5,141.0,,,,,,,,,,,,,,,,40.0,,,,,,,,,,,,,,,,,,,,,,,,,,,,,,,,,,,,,,,,,,,,,,,,,,,,,94646.0,
[4533],CONVERGENT MARGIN,NEW HEBRIDES ARC - VANUATU ARCHIPELAGO / NORTH FIJI BASIN / DREDGE 11,"AXIAL RIDGE, STATION 15",-19.257,-19.284,173.4555,173.46,SAQ,-2696.0,-2755.0,s_K15 [4533],BASALT [4533],,,,,,,,APHYRIC [4533] ,VOL,,,F,,WR [4533] ,49.2,1.82,,14.8,,11.69,,,11.47,7.73,0.18,,0.16,2.65,0.2,,-0.5,0.11,,,,,,,,,,,,,,,,,,,,,,,,,,,,,,,,,,,,,,,,,,,291.0,264.0,,,40.0,101.0,69.0,93.0,,,,,,3.5,117.0,,,,,,,,,,,,,,,,20.0,,,,,,,,,,,,,,,,,,,,,,,,,,,,,,,,,,,,,,,,,,,,,,,,,,,,,94647.0,
[4533],CONVERGENT MARGIN,NEW HEBRIDES ARC - VANUATU ARCHIPELAGO / NORTH FIJI BASIN / DREDGE 11,"AXIAL RIDGE, STATION 15",-19.257,-19.284,173.4555,173.46,SAQ,-2696.0,-2755.0,s_K15 [4533],BASALT [4533],,,,,,,,APHYRIC [4533] ,VOL,,,F,,WR [4533] ,49.7,1.82,,14.76,,11.75,,,11.45,7.73,0.18,,0.16,2.65,0.2,,-0.62,0.07,,,,,,,,,,,,,,,,,,,,,,,,,,,,,,,,,,,,,,,,,,,301.0,265.0,,,39.0,101.0,70.0,92.0,,,,,,3.5,116.0,,,,,,,,,,,,,,,,20.0,,,,,,,,,,,,,,,,,,,,,,,,,,,,,,,,,,,,,,,,,,,,,,,,,,,,,94648.0,
[4533],CONVERGENT MARGIN,NEW HEBRIDES ARC - VANUATU ARCHIPELAGO / NORTH FIJI BASIN / DREDGE 11,"AXIAL RIDGE, STATION 15",-19.257,-19.284,173.4555,173.46,SAQ,-2696.0,-2755.0,s_K15 [4533],BASALT [4533],,,,,,,,APHYRIC [4533] ,VOL,,,F,,WR [4533] ,49.75,1.89,,14.79,,11.69,,,11.39,7.69,0.18,,0.16,2.69,0.15,,-0.52,0.07,,,,,,,,,,,,,,,,,,,,,,,,,,,,,,,,,,,,,,,,,,,289.0,265.0,,,40.0,103.0,71.0,95.0,,,,,,3.5,118.0,,,,,,,,,,,,,,,,20.0,,,,,,,,,,,,,,,,,,,,,,,,,,,,,,,,,,,,,,,,,,,,,,,,,,,,,94649.0,
[4533],CONVERGENT MARGIN,NEW HEBRIDES ARC - VANUATU ARCHIPELAGO / NORTH FIJI BASIN / DREDGE 11,"AXIAL RIDGE, STATION 15",-19.257,-19.284,173.4555,173.46,SAQ,-2696.0,-2755.0,s_K15 [4533],BASALT [4533],,,,,,,,APHYRIC [4533] ,VOL,,,F,,WR [4533] ,49.75,1.85,,14.95,,11.75,,,11.37,7.71,0.18,,0.16,2.67,0.15,,-0.53,0.12,,,,,,,,,,,,,,,,,,,,,,,,,,,,,,,,,,,,,,,,,,,292.0,262.0,,,40.0,104.0,70.0,91.0,,,,,,3.5,118.0,,,,,,,,,,,,,,,,25.0,,,,,,,,,,,,,,,,,,,,,,,,,,,,,,,,,,,,,,,,,,,,,,,,,,,,,94650.0,
[4533],CONVERGENT MARGIN,NEW HEBRIDES ARC - VANUATU ARCHIPELAGO / NORTH FIJI BASIN / DREDGE 11,"AXIAL RIDGE, STATION 15",-19.257,-19.284,173.4555,173.46,SAQ,-2696.0,-2755.0,s_K15 [4533],BASALT [4533],,,,,,,,APHYRIC [4533] ,VOL,,,F,,WR [4533] ,49.25,1.78,,14.56,,11.81,,,11.61,7.77,0.18,,0.16,2.67,0.2,,-0.53,0.11,,,,,,,,,,,,,,,,,,,,,,,,,,,,,,,,,,,,,,,,,,,280.0,268.0,,,42.0,104.0,69.0,92.0,,,,,,3.5,120.0,,,,,,,,,,,,,,,,20.0,,,,,,,,,,,,,,,,,,,,,,,,,,,,,,,,,,,,,,,,,,,,,,,,,,,,,94651.0,
[4533],CONVERGENT MARGIN,NEW HEBRIDES ARC - VANUATU ARCHIPELAGO / NORTH FIJI BASIN / DREDGE 11,"AXIAL RIDGE, STATION 15",-19.257,-19.284,173.4555,173.46,SAQ,-2696.0,-2755.0,s_K15 [4533],BASALT [4533],,,,,,,,APHYRIC [4533] ,VOL,,,F,,WR [4533] ,50.0,1.58,,14.59,,11.5,,,11.11,7.74,0.19,,0.15,2.72,0.15,,-0.69,0.06,,,,,,,,,,,,,,,,,,,,,,,,,,,,,,,,,,,,,,,,,,,270.0,290.0,,,44.0,105.0,74.0,89.0,,,,,,4.0,116.0,,,,,,,,,,,,,,,,66.0,,,,,,,,,,,,,,,,,,,,,,,,,,,,,,,,,,,,,,,,,,,,,,,,,,,,,94652.0,
[4533],CONVERGENT MARGIN,NEW HEBRIDES ARC - VANUATU ARCHIPELAGO / NORTH FIJI BASIN / DREDGE 11,"AXIAL RIDGE, STATION 15",-19.257,-19.284,173.4555,173.46,SAQ,-2696.0,-2755.0,s_K15 [4533],BASALT [4533],,,,,,,,APHYRIC [4533] ,VOL,,,F,,WR [4533] ,49.5,1.88,,13.79,,12.8,,,11.6,7.49,0.2,,0.09,2.51,0.12,,-0.89,0.08,,,,,,,,,,,,,,,,,,,,,,,,,,,,,,,,,,,,,,,,,,,340.0,224.0,,,42.0,83.0,69.0,102.0,,,,,,3.0,95.0,,,,,,,,,,,,,,,,10.0,,,,,,,,,,,,,,,,,,,,,,,,,,,,,,,,,,,,,,,,,,,,,,,,,,,,,94653.0,
[4533],CONVERGENT MARGIN,NEW HEBRIDES ARC - VANUATU ARCHIPELAGO / NORTH FIJI BASIN,AXIAL GRABEN,-19.878,-19.9933,173.375,173.385,SAQ,-2700.0,-2900.0,s_SDT [4533],BASALT [4533],,,,,,,,,VOL,,,,,WR [4533] ,49.8,1.61,,14.43,,11.79,,,12.5,7.57,0.19,,0.11,2.47,0.1,,-0.57,0.09,,,,,,,,,,,,,,,,,,,,,,,,,,,,,,,,,,,,,,,,,,,302.0,240.0,,,43.0,71.0,82.0,86.0,,,,,,2.5,112.0,,,,,,,,,,,,,,,,20.0,,,,,,,,,,,,,,,,,,,,,,,,,,,,,,,,,,,,,,,,,,,,,,,,,,,,,94654.0,
[4533],CONVERGENT MARGIN,NEW HEBRIDES ARC - VANUATU ARCHIPELAGO / NORTH FIJI BASIN,AXIAL GRABEN,-19.878,-19.9933,173.375,173.385,SAQ,-2700.0,-2900.0,s_SDT [4533],BASALT [4533],,,,,,,,,VOL,,,,,WR [4533] ,50.55,1.38,,14.86,,11.07,,,12.72,7.86,0.18,,0.08,2.35,0.1,,-0.78,0.05,,,,,,,,,,,,,,,,,,,,,,,,,,,,,,,,,,,,,,,,,,,282.0,201.0,,,43.0,80.0,82.0,81.0,,,,,,2.0,105.0,,,,,,,,,,,,,,,,23.0,,,,,,,,,,,,,,,,,,,,,,,,,,,,,,,,,,,,,,,,,,,,,,,,,,,,,94655.0,
[4533],CONVERGENT MARGIN,NEW HEBRIDES ARC - VANUATU ARCHIPELAGO / NORTH FIJI BASIN,AXIAL GRABEN,-19.878,-19.9933,173.375,173.385,SAQ,-2700.0,-2900.0,s_SDT [4533],BASALT [4533],,,,,,,,,VOL,,,,,WR [4533] ,50.2,1.37,,14.71,,11.03,,,12.74,7.83,0.18,,0.08,2.21,0.1,,-0.52,0.06,,,,,,,,,,,,,,,,,,,,,,,,,,,,,,,,,,,,,,,,,,,287.0,200.0,,,42.0,79.0,82.0,82.0,,,,,,2.0,105.0,,,,,,,,,,,,,,,,30.0,,,,,,,,,,,,,,,,,,,,,,,,,,,,,,,,,,,,,,,,,,,,,,,,,,,,,94656.0,
[4533],CONVERGENT MARGIN,NEW HEBRIDES ARC - VANUATU ARCHIPELAGO / NORTH FIJI BASIN,AXIAL GRABEN,-19.878,-19.9933,173.375,173.385,SAQ,-2700.0,-2900.0,s_SDT [4533],BASALT [4533],,,,,,,,,VOL,,,,,WR [4533] ,49.2,1.8,,14.04,,11.76,,,12.3,7.55,0.19,,0.14,2.54,0.1,,-0.29,0.2,,,,,,,,,,,,,,,,,,,,,,,,,,,,,,,,,,,,,,,,,,,308.0,241.0,,,44.0,72.0,80.0,88.0,,,,,,2.5,111.0,,,,,,,,,,,,,,,,23.0,,,,,,,,,,,,,,,,,,,,,,,,,,,,,,,,,,,,,,,,,,,,,,,,,,,,,94657.0,
[4533],CONVERGENT MARGIN,NEW HEBRIDES ARC - VANUATU ARCHIPELAGO / NORTH FIJI BASIN,AXIAL GRABEN,-19.878,-19.9933,173.375,173.385,SAQ,-2700.0,-2900.0,s_SDT [4533],BASALT [4533],,,,,,,,,VOL,,,,,WR [4533] ,50.0,1.47,,14.54,,11.17,,,12.68,7.89,0.18,,0.09,2.34,0.1,,-0.6,0.06,,,,,,,,,,,,,,,,,,,,,,,,,,,,,,,,,,,,,,,,,,,290.0,197.0,,,44.0,75.0,83.0,82.0,,,,,,2.0,1.04,,,,,,,,,,,,,,,,15.0,,,,,,,,,,,,,,,,,,,,,,,,,,,,,,,,,,,,,,,,,,,,,,,,,,,,,94658.0,
[4533],CONVERGENT MARGIN,NEW HEBRIDES ARC - VANUATU ARCHIPELAGO / NORTH FIJI BASIN,AXIAL GRABEN,-19.878,-19.9933,173.375,173.385,SAQ,-2700.0,-2900.0,s_SDT [4533],BASALT [4533],,,,,,,,,VOL,,,,,WR [4533] ,50.2,1.42,,14.59,,11.18,,,12.62,7.81,0.18,,0.1,2.36,0.1,,-0.48,0.1,,,,,,,,,,,,,,,,,,,,,,,,,,,,,,,,,,,,,,,,,,,285.0,197.0,,,42.0,78.0,88.0,80.0,,,,,,2.0,104.0,,,,,,,,,,,,,,,,20.0,,,,,,,,,,,,,,,,,,,,,,,,,,,,,,,,,,,,,,,,,,,,,,,,,,,,,94659.0,
[4533],CONVERGENT MARGIN,NEW HEBRIDES ARC - VANUATU ARCHIPELAGO / NORTH FIJI BASIN,AXIAL GRABEN,-19.878,-19.9933,173.375,173.385,SAQ,-2700.0,-2900.0,s_SDT [4533],BASALT [4533],,,,,,,,,VOL,,,,,WR [4533] ,49.5,1.44,,14.65,,11.25,,,12.59,7.86,0.18,,0.1,2.35,0.1,,-0.47,0.11,,,,,,,,,,,,,,,,,,,,,,,,,,,,,,,,,,,,,,,,,,,285.0,197.0,,,44.0,79.0,81.0,81.0,,,,,,2.0,104.0,,,,,,,,,,,,,,,,25.0,,,,,,,,,,,,,,,,,,,,,,,,,,,,,,,,,,,,,,,,,,,,,,,,,,,,,94660.0,
[4533],CONVERGENT MARGIN,NEW HEBRIDES ARC - VANUATU ARCHIPELAGO / NORTH FIJI BASIN,AXIAL GRABEN,-19.878,-19.9933,173.375,173.385,SAQ,-2700.0,-2900.0,s_SDT [4533],BASALT [4533],,,,,,,,,VOL,,,,,WR [4533] ,49.8,1.36,,14.66,,11.21,,,12.53,7.88,0.18,,0.1,2.37,0.1,,-0.39,0.12,,,,,,,,,,,,,,,,,,,,,,,,,,,,,,,,,,,,,,,,,,,280.0,199.0,,,44.0,83.0,81.0,82.0,,,,,,2.0,104.0,,,,,,,,,,,,,,,,17.0,,,,,,,,,,,,,,,,,,,,,,,,,,,,,,,,,,,,,,,,,,,,,,,,,,,,,94661.0,
[4533],CONVERGENT MARGIN,NEW HEBRIDES ARC - VANUATU ARCHIPELAGO / NORTH FIJI BASIN,AXIAL GRABEN,-19.878,-19.9933,173.375,173.385,SAQ,-2700.0,-2900.0,s_SDT [4533],BASALT [4533],,,,,,,,,VOL,,,,,WR [4533] ,49.75,1.38,,14.51,,11.21,,,12.55,7.84,0.18,,0.08,2.36,0.1,,-0.79,0.06,,,,,,,,,,,,,,,,,,,,,,,,,,,,,,,,,,,,,,,,,,,263.0,198.0,,,44.0,78.0,86.0,81.0,,,,,,2.0,104.0,,,,,,,,,,,,,,,,23.0,,,,,,,,,,,,,,,,,,,,,,,,,,,,,,,,,,,,,,,,,,,,,,,,,,,,,94662.0,
[4533],CONVERGENT MARGIN,NEW HEBRIDES ARC - VANUATU ARCHIPELAGO / NORTH FIJI BASIN,AXIAL GRABEN,-19.878,-19.9933,173.375,173.385,SAQ,-2700.0,-2900.0,s_SDT [4533],BASALT [4533],,,,,,,,,VOL,,,,,WR [4533] ,50.25,1.34,,14.65,,11.16,,,12.57,7.92,0.18,,0.08,2.34,0.1,,-0.68,0.06,,,,,,,,,,,,,,,,,,,,,,,,,,,,,,,,,,,,,,,,,,,266.0,196.0,,,46.0,80.0,81.0,80.0,,,,,,2.5,104.0,,,,,,,,,,,,,,,,14.0,,,,,,,,,,,,,,,,,,,,,,,,,,,,,,,,,,,,,,,,,,,,,,,,,,,,,94663.0,
[4533],CONVERGENT MARGIN,NEW HEBRIDES ARC - VANUATU ARCHIPELAGO / NORTH FIJI BASIN,AXIAL GRABEN,-19.9533,-19.9645,173.368,173.374,SAQ,-2770.0,-2900.0,s_S1 [4533],BASALT [4533],,,,,,,,,VOL,,,F,,WR [4533] ,50.2,1.53,,14.58,,11.32,,,12.26,7.85,0.18,,0.1,2.51,0.1,,-0.47,0.08,,,,,,,,,,,,,,,,,,,,,,,,,,,,,,,,,,,,,,,,,,,280.0,298.0,,,44.0,93.0,77.0,80.0,,,,,,2.0,112.0,,,,,,,,,,,,,,,,30.0,,,,,,,,,,,,,,,,,,,,,,,,,,,,,,,,,,,,,,,,,,,,,,,,,,,,,94664.0,
[4533],CONVERGENT MARGIN,NEW HEBRIDES ARC - VANUATU ARCHIPELAGO / NORTH FIJI BASIN,AXIAL GRABEN,-19.9533,-19.9645,173.368,173.374,SAQ,-2770.0,-2900.0,s_S1 [4533],BASALT [4533],,,,,,,,,VOL,,,F,,WR [4533] ,50.2,1.54,,14.49,,11.53,,,12.04,7.76,0.18,,0.09,2.55,0.1,,-0.59,0.06,,,,,,,,,,,,,,,,,,,,,,,,,,,,,,,,,,,,,,,,,,,294.0,278.0,,,44.0,91.0,82.0,84.0,,,,,,2.0,110.0,,,,,,,,,,,,,,,,25.0,,,,,,,,,,,,,,,,,,,,,,,,,,,,,,,,,,,,,,,,,,,,,,,,,,,,,94665.0,
[4533],CONVERGENT MARGIN,NEW HEBRIDES ARC - VANUATU ARCHIPELAGO / NORTH FIJI BASIN,AXIAL GRABEN,-19.9533,-19.9645,173.368,173.374,SAQ,-2770.0,-2900.0,s_S1 [4533],BASALT [4533],,,,,,,,,VOL,,,F,,WR [4533] ,50.0,1.54,,14.51,,11.61,,,12.06,7.85,0.18,,0.08,2.53,0.1,,-0.75,0.03,,,,,,,,,,,,,,,,,,,,,,,,,,,,,,,,,,,,,,,,,,,285.0,277.0,,,44.0,90.0,80.0,84.0,,,,,,2.0,112.0,,,,,,,,,,,,,,,,20.0,,,,,,,,,,,,,,,,,,,,,,,,,,,,,,,,,,,,,,,,,,,,,,,,,,,,,94666.0,
[4533],CONVERGENT MARGIN,NEW HEBRIDES ARC - VANUATU ARCHIPELAGO / NORTH FIJI BASIN,AXIAL GRABEN,-19.9533,-19.9645,173.368,173.374,SAQ,-2770.0,-2900.0,s_S1 [4533],BASALT [4533],,,,,,,,,VOL,,,F,,WR [4533] ,50.5,1.67,,14.13,,12.15,,,11.7,7.51,0.19,,0.09,2.58,0.1,,-0.75,0.05,,,,,,,,,,,,,,,,,,,,,,,,,,,,,,,,,,,,,,,,,,,294.0,213.0,,,44.0,74.0,76.0,89.0,,,,,,2.0,106.0,,,,,,,,,,,,,,,,17.0,,,,,,,,,,,,,,,,,,,,,,,,,,,,,,,,,,,,,,,,,,,,,,,,,,,,,94667.0,
[4533],CONVERGENT MARGIN,NEW HEBRIDES ARC - VANUATU ARCHIPELAGO / NORTH FIJI BASIN,AXIAL GRABEN,-19.9533,-19.9645,173.368,173.374,SAQ,-2770.0,-2900.0,s_S1 [4533],BASALT [4533],,,,,,,,,VOL,,,F,,WR [4533] ,50.6,1.63,,14.15,,12.03,,,11.74,7.51,0.19,,0.1,2.56,0.1,,-0.69,0.06,,,,,,,,,,,,,,,,,,,,,,,,,,,,,,,,,,,,,,,,,,,296.0,224.0,,,43.0,79.0,84.0,90.0,,,,,,2.0,108.0,,,,,,,,,,,,,,,,17.0,,,,,,,,,,,,,,,,,,,,,,,,,,,,,,,,,,,,,,,,,,,,,,,,,,,,,94668.0,
[4533],CONVERGENT MARGIN,NEW HEBRIDES ARC - VANUATU ARCHIPELAGO / NORTH FIJI BASIN,AXIAL GRABEN,-19.9533,-19.9645,173.368,173.374,SAQ,-2770.0,-2900.0,s_S1 [4533],BASALT [4533],,,,,,,,,VOL,,,F,,WR [4533] ,50.6,1.54,,14.47,,11.52,,,11.93,7.74,0.19,,0.08,2.55,0.1,,-0.79,0.04,,,,,,,,,,,,,,,,,,,,,,,,,,,,,,,,,,,,,,,,,,,285.0,272.0,,,44.0,86.0,83.0,83.0,,,,,,2.0,111.0,,,,,,,,,,,,,,,,17.0,,,,,,,,,,,,,,,,,,,,,,,,,,,,,,,,,,,,,,,,,,,,,,,,,,,,,94669.0,
[4533],CONVERGENT MARGIN,NEW HEBRIDES ARC - VANUATU ARCHIPELAGO / NORTH FIJI BASIN,AXIAL GRABEN,-19.9533,-19.9645,173.368,173.374,SAQ,-2770.0,-2900.0,s_S1 [4533],BASALT [4533],,,,,,,,,VOL,,,F,,WR [4533] ,50.0,1.53,,14.53,,11.4,,,12.06,7.85,0.2,,0.07,2.52,0.1,,-0.84,0.02,,,,,,,,,,,,,,,,,,,,,,,,,,,,,,,,,,,,,,,,,,,278.0,287.0,,,43.0,89.0,88.0,81.0,,,,,,2.0,112.0,,,,,,,,,,,,,,,,10.0,,,,,,,,,,,,,,,,,,,,,,,,,,,,,,,,,,,,,,,,,,,,,,,,,,,,,94670.0,
[4533],CONVERGENT MARGIN,NEW HEBRIDES ARC - VANUATU ARCHIPELAGO / NORTH FIJI BASIN,AXIAL GRABEN,-19.9533,-19.9645,173.368,173.374,SAQ,-2770.0,-2900.0,s_S1 [4533],BASALT [4533],,,,,,,,,VOL,,,F,,WR [4533] ,50.1,1.55,,14.38,,11.31,,,12.01,7.86,0.2,,0.07,2.5,0.1,,-0.83,0.02,,,,,,,,,,,,,,,,,,,,,,,,,,,,,,,,,,,,,,,,,,,281.0,289.0,,,43.0,89.0,81.0,80.0,,,,,,2.0,112.0,,,,,,,,,,,,,,,,10.0,,,,,,,,,,,,,,,,,,,,,,,,,,,,,,,,,,,,,,,,,,,,,,,,,,,,,94671.0,
[4533],CONVERGENT MARGIN,NEW HEBRIDES ARC - VANUATU ARCHIPELAGO / NORTH FIJI BASIN,AXIAL GRABEN,-19.9533,-19.9645,173.368,173.374,SAQ,-2770.0,-2900.0,s_S1 [4533],BASALT [4533],,,,,,,,,VOL,,,F,,WR [4533] ,50.5,1.55,,14.5,,11.33,,,11.99,7.73,0.2,,0.08,2.51,0.1,,-0.79,0.03,,,,,,,,,,,,,,,,,,,,,,,,,,,,,,,,,,,,,,,,,,,278.0,290.0,,,44.0,88.0,81.0,81.0,,,,,,2.0,112.0,,,,,,,,,,,,,,,,10.0,,,,,,,,,,,,,,,,,,,,,,,,,,,,,,,,,,,,,,,,,,,,,,,,,,,,,94672.0,
[4533],CONVERGENT MARGIN,NEW HEBRIDES ARC - VANUATU ARCHIPELAGO / NORTH FIJI BASIN,AXIAL GRABEN,-19.9533,-19.9645,173.368,173.374,SAQ,-2770.0,-2900.0,s_S1 [4533],BASALT [4533],,,,,,,,,VOL,,,F,,WR [4533] ,50.0,1.66,,14.06,,12.15,,,11.68,7.44,0.19,,0.09,2.54,0.1,,-0.64,0.09,,,,,,,,,,,,,,,,,,,,,,,,,,,,,,,,,,,,,,,,,,,300.0,225.0,,,44.0,72.0,77.0,91.0,,,,,,2.0,105.0,,,,,,,,,,,,,,,,20.0,,,,,,,,,,,,,,,,,,,,,,,,,,,,,,,,,,,,,,,,,,,,,,,,,,,,,94673.0,
[4533],CONVERGENT MARGIN,NEW HEBRIDES ARC - VANUATU ARCHIPELAGO / NORTH FIJI BASIN,AXIAL GRABEN,-19.9533,-19.9645,173.368,173.374,SAQ,-2770.0,-2900.0,s_S1 [4533],BASALT [4533],,,,,,,,,VOL,,,F,,WR [4533] ,50.5,1.66,,14.14,,12.05,,,11.77,7.47,0.19,,0.1,2.55,0.1,,-0.58,0.1,,,,,,,,,,,,,,,,,,,,,,,,,,,,,,,,,,,,,,,,,,,303.0,235.0,,,43.0,70.0,73.0,89.0,,,,,,2.0,107.0,,,,,,,,,,,,,,,,20.0,,,,,,,,,,,,,,,,,,,,,,,,,,,,,,,,,,,,,,,,,,,,,,,,,,,,,94674.0,
[4533],CONVERGENT MARGIN,NEW HEBRIDES ARC - VANUATU ARCHIPELAGO / NORTH FIJI BASIN / DREDGE 3,"AXIAL RIDGE, STATION 21",-21.031,-21.036,174.1471,174.1478,SAQ,-2820.0,-2844.0,s_K21 [4533],BASALT [4533],,,,,,,,,VOL,,,S,,WR [4533] ,48.5,2.26,,15.4,,10.39,,,10.16,9.0,0.18,,0.42,3.02,0.25,,-0.14,,,,,,,,,,,,,,,,,,,,,,,,,,,,,,,,,,,,,,,,,,,,305.0,293.0,,,41.0,178.0,51.0,81.0,,,,,,6.9,254.0,,,,,,,,,,,,,,,,100.0,,,,,,,,,,,,,,,,,,,,,,,,,,,,,,,,,,,,,,,,,,,,,,,,,,,,,94675.0,
[4533],CONVERGENT MARGIN,NEW HEBRIDES ARC - VANUATU ARCHIPELAGO / NORTH FIJI BASIN / DREDGE 3,"AXIAL RIDGE, STATION 21",-21.031,-21.036,174.1471,174.1478,SAQ,-2820.0,-2844.0,s_K21 [4533],BASALT [4533],,,,,,,,,VOL,,,S,,WR [4533] ,48.2,2.25,,15.27,,10.38,,,10.08,8.93,0.18,,0.43,3.07,0.25,,0.07,,,,,,,,,,,,,,,,,,,,,,,,,,,,,,,,,,,,,,,,,,,,250.0,298.0,,,41.0,174.0,51.0,77.0,,,,,,7.0,252.0,,,,,,,,,,,,,,,,60.0,,,,,,,,,,,,,,,,,,,,,,,,,,,,,,,,,,,,,,,,,,,,,,,,,,,,,94676.0,
[4533],CONVERGENT MARGIN,NEW HEBRIDES ARC - VANUATU ARCHIPELAGO / NORTH FIJI BASIN / DREDGE 3,"AXIAL RIDGE, STATION 21",-21.031,-21.036,174.1471,174.1478,SAQ,-2820.0,-2844.0,s_K21 [4533],BASALT [4533],,,,,,,,,VOL,,,S,,WR [4533] ,49.0,2.29,,15.35,,10.42,,,10.12,9.11,0.18,,0.41,3.04,0.25,,-0.14,,,,,,,,,,,,,,,,,,,,,,,,,,,,,,,,,,,,,,,,,,,,250.0,226.0,,,41.0,182.0,51.0,80.0,,,,,,7.2,253.0,,,,,,,,,,,,,,,,60.0,,,,,,,,,,,,,,,,,,,,,,,,,,,,,,,,,,,,,,,,,,,,,,,,,,,,,94677.0,
[4533],CONVERGENT MARGIN,NEW HEBRIDES ARC - VANUATU ARCHIPELAGO / NORTH FIJI BASIN / DREDGE 3,"AXIAL RIDGE, STATION 21",-21.031,-21.036,174.1471,174.1478,SAQ,-2820.0,-2844.0,s_K21 [4533],BASALT [4533],,,,,,,,,VOL,,,S,,WR [4533] ,49.0,1.8,,15.37,,10.26,,,10.47,9.42,0.18,,0.37,2.88,0.25,,-0.11,,,,,,,,,,,,,,,,,,,,,,,,,,,,,,,,,,,,,,,,,,,,250.0,299.0,,,42.0,184.0,52.0,73.0,,,,,,6.2,250.0,,,,,,,,,,,,,,,,80.0,,,,,,,,,,,,,,,,,,,,,,,,,,,,,,,,,,,,,,,,,,,,,,,,,,,,,94678.0,
[4533],CONVERGENT MARGIN,NEW HEBRIDES ARC - VANUATU ARCHIPELAGO / NORTH FIJI BASIN / DREDGE 3,"AXIAL RIDGE, STATION 21",-21.031,-21.036,174.1471,174.1478,SAQ,-2820.0,-2844.0,s_K21 [4533],BASALT [4533],,,,,,,,,VOL,,,S,,WR [4533] ,49.4,1.81,,15.51,,9.92,,,10.39,9.32,0.17,,0.39,2.95,0.2,,-0.19,0.07,,,,,,,,,,,,,,,,,,,,,,,,,,,,,,,,,,,,,,,,,,,256.0,286.0,,,43.0,190.0,54.0,75.0,,,,,,7.0,240.0,,,,,,,,,,,,,,,,60.0,,,,,,,,,,,,,,,,,,,,,,,,,,,,,,,,,,,,,,,,,,,,,,,,,,,,,94679.0,
[4533],CONVERGENT MARGIN,NEW HEBRIDES ARC - VANUATU ARCHIPELAGO / NORTH FIJI BASIN / DREDGE 3,"AXIAL RIDGE, STATION 21",-21.031,-21.036,174.1471,174.1478,SAQ,-2820.0,-2844.0,s_K21 [4533],BASALT [4533],,,,,,,,,VOL,,,S,,WR [4533] ,49.2,1.99,,15.38,,10.25,,,10.44,9.32,0.17,,0.4,2.83,0.25,,-0.03,,,,,,,,,,,,,,,,,,,,,,,,,,,,,,,,,,,,,,,,,,,,250.0,231.0,,,41.0,184.0,54.0,76.0,,,,,,6.6,246.0,,,,,,,,,,,,,,,,70.0,,,,,,,,,,,,,,,,,,,,,,,,,,,,,,,,,,,,,,,,,,,,,,,,,,,,,94680.0,
[4533],CONVERGENT MARGIN,NEW HEBRIDES ARC - VANUATU ARCHIPELAGO / NORTH FIJI BASIN / DREDGE 3,"AXIAL RIDGE, STATION 21",-21.031,-21.036,174.1471,174.1478,SAQ,-2820.0,-2844.0,s_K21 [4533],BASALT [4533],,,,,,,,,VOL,,,S,,WR [4533] ,48.3,1.94,,15.3,,10.2,,,10.46,9.41,0.18,,0.37,2.86,0.25,,-0.15,,,,,,,,,,,,,,,,,,,,,,,,,,,,,,,,,,,,,,,,,,,,250.0,300.0,,,43.0,184.0,57.0,76.0,,,,,,6.4,250.0,,,,,,,,,,,,,,,,80.0,,,,,,,,,,,,,,,,,,,,,,,,,,,,,,,,,,,,,,,,,,,,,,,,,,,,,94681.0,
[4533],CONVERGENT MARGIN,NEW HEBRIDES ARC - VANUATU ARCHIPELAGO / NORTH FIJI BASIN / EAST SEGMENT,"STAION 23, AXIAL RIDGE",-21.1715,-21.179,174.171,174.183,SAQ,-2834.0,-2844.0,s_K23 [4533],BASALT [4533],,,,,,,,,VOL,,,,,WR [4533] ,50.4,1.4,,15.5,,9.56,,,12.51,7.2,0.17,,0.14,2.59,0.05,,0.29,0.06,,,,,,,,,,,,,,,,,,,,,,,,,,,,,,,,,,,,,,,,,,,268.0,231.0,,,41.0,75.0,80.0,79.0,,,,,,3.0,113.0,,,,,,,,,,,,,,,,36.0,,,,,,,,,,,,,,,,,,,,,,,,,,,,,,,,,,,,,,,,,,,,,,,,,,,,,94682.0,
[4533],CONVERGENT MARGIN,NEW HEBRIDES ARC - VANUATU ARCHIPELAGO / NORTH FIJI BASIN / EAST SEGMENT,"STAION 23, AXIAL RIDGE",-21.1715,-21.179,174.171,174.183,SAQ,-2834.0,-2844.0,s_K23 [4533],BASALT [4533],,,,,,,,,VOL,,,,,WR [4533] ,50.0,1.4,,15.1,,9.98,,,12.27,7.53,0.18,,0.12,2.47,0.08,,-0.25,,,,,,,,,,,,,,,,,,,,,,,,,,,,,,,,,,,,,,,,,,,,280.0,236.0,,,41.0,69.0,77.0,88.0,,,,,,2.8,115.0,,,,,,,,,,,,,,,,50.0,,,,,,,,,,,,,,,,,,,,,,,,,,,,,,,,,,,,,,,,,,,,,,,,,,,,,94683.0,
[4533],CONVERGENT MARGIN,NEW HEBRIDES ARC - VANUATU ARCHIPELAGO / NORTH FIJI BASIN / EAST SEGMENT,"STAION 23, AXIAL RIDGE",-21.1715,-21.179,174.171,174.183,SAQ,-2834.0,-2844.0,s_K23 [4533],BASALT [4533],,,,,,,,,VOL,,,,,WR [4533] ,51.4,1.5,,14.9,,10.64,,,11.9,7.99,0.18,,0.07,2.47,0.08,,-0.53,,,,,,,,,,,,,,,,,,,,,,,,,,,,,,,,,,,,,,,,,,,,260.0,273.0,,,40.0,70.0,75.0,89.0,,,,,,2.2,120.0,,,,,,,,,,,,,,,,50.0,,,,,,,,,,,,,,,,,,,,,,,,,,,,,,,,,,,,,,,,,,,,,,,,,,,,,94684.0,
[4533],CONVERGENT MARGIN,NEW HEBRIDES ARC - VANUATU ARCHIPELAGO / NORTH FIJI BASIN / EAST SEGMENT,"STAION 23, AXIAL RIDGE",-21.1715,-21.179,174.171,174.183,SAQ,-2834.0,-2844.0,s_K23 [4533],BASALT [4533],,,,,,,,,VOL,,,,,WR [4533] ,50.2,1.49,,15.35,,11.0,,,11.57,7.46,0.26,,0.21,2.36,0.1,,0.53,,,,,,,,,,,,,,,,,,,,,,,,,,,,,,,,,,,,,,,,,,,,240.0,269.0,,,42.0,70.0,85.0,88.0,,,,,,4.3,127.0,,,,,,,,,,,,,,,,50.0,,,,,,,,,,,,,,,,,,,,,,,,,,,,,,,,,,,,,,,,,,,,,,,,,,,,,94685.0,
[4533],CONVERGENT MARGIN,NEW HEBRIDES ARC - VANUATU ARCHIPELAGO / NORTH FIJI BASIN / EAST SEGMENT,"STAION 23, AXIAL RIDGE",-21.1715,-21.179,174.171,174.183,SAQ,-2834.0,-2844.0,s_K23 [4533],BASALT [4533],,,,,,,,,VOL,,,,,WR [4533] ,49.5,1.49,,15.0,,10.64,,,11.97,7.81,0.21,,0.13,2.42,0.1,,-0.03,,,,,,,,,,,,,,,,,,,,,,,,,,,,,,,,,,,,,,,,,,,,260.0,258.0,,,42.0,68.0,76.0,79.0,,,,,,3.4,122.0,,,,,,,,,,,,,,,,60.0,,,,,,,,,,,,,,,,,,,,,,,,,,,,,,,,,,,,,,,,,,,,,,,,,,,,,94686.0,
[4533],CONVERGENT MARGIN,NEW HEBRIDES ARC - VANUATU ARCHIPELAGO / NORTH FIJI BASIN / EAST SEGMENT,"STAION 23, AXIAL RIDGE",-21.1715,-21.179,174.171,174.183,SAQ,-2834.0,-2844.0,s_K23 [4533],BASALT [4533],,,,,,,,,VOL,,,,,WR [4533] ,49.8,1.41,,15.66,,10.24,,,12.09,7.76,0.2,,0.07,2.3,0.1,,-0.27,,,,,,,,,,,,,,,,,,,,,,,,,,,,,,,,,,,,,,,,,,,,250.0,267.0,,,39.0,72.0,64.0,77.0,,,,,,2.0,118.0,,,,,,,,,,,,,,,,60.0,,,,,,,,,,,,,,,,,,,,,,,,,,,,,,,,,,,,,,,,,,,,,,,,,,,,,94687.0,
[4533],CONVERGENT MARGIN,NEW HEBRIDES ARC - VANUATU ARCHIPELAGO / NORTH FIJI BASIN / EAST SEGMENT,"STAION 23, AXIAL RIDGE",-21.1715,-21.179,174.171,174.183,SAQ,-2834.0,-2844.0,s_K23 [4533],BASALT [4533],,,,,,,,,VOL,,,,,WR [4533] ,49.75,1.4,,15.1,,10.51,,,12.15,7.73,0.18,,0.14,2.44,0.1,,-0.13,,,,,,,,,,,,,,,,,,,,,,,,,,,,,,,,,,,,,,,,,,,,265.0,237.0,,,39.0,56.0,73.0,80.0,,,,,,3.6,115.0,,,,,,,,,,,,,,,,60.0,,,,,,,,,,,,,,,,,,,,,,,,,,,,,,,,,,,,,,,,,,,,,,,,,,,,,94688.0,
[4533],CONVERGENT MARGIN,NEW HEBRIDES ARC - VANUATU ARCHIPELAGO / NORTH FIJI BASIN / EAST SEGMENT,"AXIAL RIDGE, STATION 22",-21.3771,-21.396,174.193,174.198,SAQ,-2501.0,-2653.0,s_K22 [4533],BASALT [4533],,,,,,,,APHYRIC [4533] ,VOL,,,,,WR [4533] ,52.45,1.17,,15.48,,9.85,,,10.42,5.5,0.17,,0.45,3.18,0.12,,0.83,,,,,,,,,,,,,,,,,,,,,,,,,,,,,,,,,,,,,,,,,,,,260.0,7.0,,,33.0,25.0,100.0,78.0,,,,,,6.5,360.0,,,,,,,,,,,,,,,,80.0,,,,,,,,,,,,,,,,,,,,,,,,,,,,,,,,,,,,,,,,,,,,,,,,,,,,,94689.0,
[4533],CONVERGENT MARGIN,NEW HEBRIDES ARC - VANUATU ARCHIPELAGO / NORTH FIJI BASIN / EAST SEGMENT,"AXIAL RIDGE, STATION 22",-21.3771,-21.396,174.193,174.198,SAQ,-2501.0,-2653.0,s_K22 [4533],BASALT [4533],,,,,,,,APHYRIC [4533] ,VOL,,,,,WR [4533] ,51.85,1.19,,15.3,,10.1,,,9.94,5.7,0.17,,0.46,3.18,0.12,,1.01,,,,,,,,,,,,,,,,,,,,,,,,,,,,,,,,,,,,,,,,,,,,260.0,5.0,,,33.0,25.0,93.0,79.0,,,,,,6.3,358.0,,,,,,,,,,,,,,,,100.0,,,,,,,,,,,,,,,,,,,,,,,,,,,,,,,,,,,,,,,,,,,,,,,,,,,,,94690.0,
[4533],CONVERGENT MARGIN,NEW HEBRIDES ARC - VANUATU ARCHIPELAGO / NORTH FIJI BASIN / EAST SEGMENT,"AXIAL RIDGE, STATION 22",-21.3771,-21.396,174.193,174.198,SAQ,-2501.0,-2653.0,s_K22 [4533],BASALT [4533],,,,,,,,APHYRIC [4533] ,VOL,,,,,WR [4533] ,52.65,1.22,,15.6,,9.8,,,10.15,5.55,0.16,,0.46,3.17,0.1,,0.67,0.21,,,,,,,,,,,,,,,,,,,,,,,,,,,,,,,,,,,,,,,,,,,257.0,3.0,,,35.0,31.0,98.0,75.0,,,,,,7.0,336.0,,,,,,,,,,,,,,,,61.0,,,,,,,,,,,,,,,,,,,,,,,,,,,,,,,,,,,,,,,,,,,,,,,,,,,,,94691.0,
[4533],CONVERGENT MARGIN,NEW HEBRIDES ARC - VANUATU ARCHIPELAGO / NORTH FIJI BASIN / EAST SEGMENT,"AXIAL RIDGE AND SEAMOUNT, STATION 22",-21.4055,-21.445,174.17,174.178,SAQ,-2218.0,-2563.0,s_K22DT [4533],BASALT [4533],,,,,,,,,VOL,,,,,WR [4533] ,50.6,1.57,,14.4,,10.79,,,11.03,6.5,0.18,,0.3,2.8,0.1,,0.55,0.23,,,,,,,,,,,,,,,,,,,,,,,,,,,,,,,,,,,,,,,,,,,280.0,151.0,,,40.0,62.0,76.0,83.0,,,,,,5.5,148.0,,,,,,,,,,,,,,,,36.0,,,,,,,,,,,,,,,,,,,,,,,,,,,,,,,,,,,,,,,,,,,,,,,,,,,,,94692.0,
[4533],CONVERGENT MARGIN,NEW HEBRIDES ARC - VANUATU ARCHIPELAGO / NORTH FIJI BASIN / DREDGE 5,"STATION 8, AXIAL GRABEN",-17.1528,-17.158,173.872,173.8735,SAQ,-2306.0,-2323.0,s_K8 [4533],BASALT [4533],,,,,,,,,VOL,,,F,,GL [4533] ,51.02,1.77,,14.33,0.01,,,11.3,10.84,6.85,0.28,,0.14,2.56,0.13,,,,,,,,,,,,,,,,,,,,,,,,,,,,,,,,,,,,,,,,,,,,,,,,,,,,,,,,,,,,,,,,,,,,,,,,,,,,,,,,,,,,,,,,,,,,,,,,,,,,,,,,,,,,,,,,,,,,,,,,,,,,,,,,,94707.0,
[4533],CONVERGENT MARGIN,NEW HEBRIDES ARC - VANUATU ARCHIPELAGO / NORTH FIJI BASIN / DREDGE 5,"STATION 8, AXIAL GRABEN",-17.1528,-17.158,173.872,173.8735,SAQ,-2306.0,-2323.0,s_K8 [4533],BASALT [4533],,,,,,,,,VOL,,,F,,GL [4533] ,50.04,1.45,,14.84,0.02,,,9.78,12.19,8.57,0.16,,0.11,2.57,0.1,,,,,,,,,,,,,,,,,,,,,,,,,,,,,,,,,,,,,,,,,,,,,,,,,,,,,,,,,,,,,,,,,,,,,,,,,,,,,,,,,,,,,,,,,,,,,,,,,,,,,,,,,,,,,,,,,,,,,,,,,,,,,,,,,94708.0,
[4533],CONVERGENT MARGIN,NEW HEBRIDES ARC - VANUATU ARCHIPELAGO / NORTH FIJI BASIN / DREDGE 5,"STATION 8, AXIAL GRABEN",-17.1528,-17.158,173.872,173.8735,SAQ,-2306.0,-2323.0,s_K8 [4533],BASALT [4533],,,,,,,,,VOL,,,F,,GL [4533] ,50.66,1.07,,15.88,0.06,,,8.77,12.21,9.13,0.17,,0.06,2.36,0.07,,,,,,,,,,,,,,,,,,,,,,,,,,,,,,,,,,,,,,,,,,,,,,,,,,,,,,,,,,,,,,,,,,,,,,,,,,,,,,,,,,,,,,,,,,,,,,,,,,,,,,,,,,,,,,,,,,,,,,,,,,,,,,,,,94709.0,
[4533],CONVERGENT MARGIN,NEW HEBRIDES ARC - VANUATU ARCHIPELAGO / NORTH FIJI BASIN / DREDGE 5,"STATION 8, AXIAL GRABEN",-17.1528,-17.158,173.872,173.8735,SAQ,-2306.0,-2323.0,s_K8 [4533],BASALT [4533],,,,,,,,,VOL,,,F,,GL [4533] ,48.49,1.97,,18.1,0.04,,,6.94,10.87,8.93,0.13,,0.74,2.5,0.3,,,,,,,,,,,,,,,,,,,,,,,,,,,,,,,,,,,,,,,,,,,,,,,,,,,,,,,,,,,,,,,,,,,,,,,,,,,,,,,,,,,,,,,,,,,,,,,,,,,,,,,,,,,,,,,,,,,,,,,,,,,,,,,,,94710.0,
[4533],CONVERGENT MARGIN,NEW HEBRIDES ARC - VANUATU ARCHIPELAGO / NORTH FIJI BASIN / DREDGE 5,"STATION 8, AXIAL GRABEN",-17.1528,-17.158,173.872,173.8735,SAQ,-2306.0,-2323.0,s_K8 [4533],BASALT [4533],,,,,,,,,VOL,,,F,,GL [4533] ,48.78,2.08,,17.53,0.04,,,7.09,10.83,8.85,0.12,,0.94,2.51,0.32,,,,,,,,,,,,,,,,,,,,,,,,,,,,,,,,,,,,,,,,,,,,,,,,,,,,,,,,,,,,,,,,,,,,,,,,,,,,,,,,,,,,,,,,,,,,,,,,,,,,,,,,,,,,,,,,,,,,,,,,,,,,,,,,,94711.0,
[4533],CONVERGENT MARGIN,NEW HEBRIDES ARC - VANUATU ARCHIPELAGO / NORTH FIJI BASIN / DREDGE 5,"STATION 8, AXIAL GRABEN",-17.1528,-17.158,173.872,173.8735,SAQ,-2306.0,-2323.0,s_K8 [4533],BASALT [4533],,,,,,,,,VOL,,,F,,GL [4533] ,49.92,1.82,,14.29,0.01,,,11.31,11.27,7.48,0.21,,0.14,2.49,0.13,,,,,,,,,,,,,,,,,,,,,,,,,,,,,,,,,,,,,,,,,,,,,,,,,,,,,,,,,,,,,,,,,,,,,,,,,,,,,,,,,,,,,,,,,,,,,,,,,,,,,,,,,,,,,,,,,,,,,,,,,,,,,,,,,94712.0,
[4533],CONVERGENT MARGIN,NEW HEBRIDES ARC - VANUATU ARCHIPELAGO / NORTH FIJI BASIN / DREDGE 6,STATION 9,-17.32,-17.331,173.81,173.821,SAQ,-2506.0,-2539.0,s_K9 [4533],BASALT [4533],,,,,,,,,VOL,,,,,GL [4533] ,50.27,1.48,,15.04,0.02,,,9.91,12.36,8.63,0.19,,0.09,2.49,0.1,,,,,,,,,,,,,,,,,,,,,,,,,,,,,,,,,,,,,,,,,,,,,,,,,,,,,,,,,,,,,,,,,,,,,,,,,,,,,,,,,,,,,,,,,,,,,,,,,,,,,,,,,,,,,,,,,,,,,,,,,,,,,,,,,94713.0,
[4533],CONVERGENT MARGIN,NEW HEBRIDES ARC - VANUATU ARCHIPELAGO / NORTH FIJI BASIN / DREDGE 6,STATION 9,-17.32,-17.331,173.81,173.821,SAQ,-2506.0,-2539.0,s_K9 [4533],BASALT [4533],,,,,,,,,VOL,,,,,GL [4533] ,48.83,1.64,,16.2,0.05,,,8.62,11.53,9.47,0.16,,0.25,2.44,0.15,,,,,,,,,,,,,,,,,,,,,,,,,,,,,,,,,,,,,,,,,,,,,,,,,,,,,,,,,,,,,,,,,,,,,,,,,,,,,,,,,,,,,,,,,,,,,,,,,,,,,,,,,,,,,,,,,,,,,,,,,,,,,,,,,94714.0,
[4533],CONVERGENT MARGIN,NEW HEBRIDES ARC - VANUATU ARCHIPELAGO / NORTH FIJI BASIN / DREDGE 6,STATION 9,-17.32,-17.331,173.81,173.821,SAQ,-2506.0,-2539.0,s_K9 [4533],BASALT [4533],,,,,,,,,VOL,,,,,GL [4533] ,49.74,1.09,,15.25,0.06,,,8.85,12.49,9.81,0.15,,0.07,1.63,0.09,,,,,,,,,,,,,,,,,,,,,,,,,,,,,,,,,,,,,,,,,,,,,,,,,,,,,,,,,,,,,,,,,,,,,,,,,,,,,,,,,,,,,,,,,,,,,,,,,,,,,,,,,,,,,,,,,,,,,,,,,,,,,,,,,94715.0,
[4533],CONVERGENT MARGIN,NEW HEBRIDES ARC - VANUATU ARCHIPELAGO / NORTH FIJI BASIN / DREDGE 6,STATION 9,-17.32,-17.331,173.81,173.821,SAQ,-2506.0,-2539.0,s_K9 [4533],BASALT [4533],,,,,,,,,VOL,,,,,GL [4533] ,48.58,1.92,,18.01,0.02,,,6.83,10.83,8.63,0.13,,0.7,2.52,0.33,,,,,,,,,,,,,,,,,,,,,,,,,,,,,,,,,,,,,,,,,,,,,,,,,,,,,,,,,,,,,,,,,,,,,,,,,,,,,,,,,,,,,,,,,,,,,,,,,,,,,,,,,,,,,,,,,,,,,,,,,,,,,,,,,94722.0,
[4533],CONVERGENT MARGIN,NEW HEBRIDES ARC - VANUATU ARCHIPELAGO / NORTH FIJI BASIN / DREDGE 6,STATION 9,-17.32,-17.331,173.81,173.821,SAQ,-2506.0,-2539.0,s_K9 [4533],BASALT [4533],,,,,,,,,VOL,,,,,GL [4533] ,49.96,1.81,,14.05,0.01,,,11.21,11.46,7.49,0.21,,0.11,2.69,0.13,,,,,,,,,,,,,,,,,,,,,,,,,,,,,,,,,,,,,,,,,,,,,,,,,,,,,,,,,,,,,,,,,,,,,,,,,,,,,,,,,,,,,,,,,,,,,,,,,,,,,,,,,,,,,,,,,,,,,,,,,,,,,,,,,94723.0,
[4533],CONVERGENT MARGIN,NEW HEBRIDES ARC - VANUATU ARCHIPELAGO / NORTH FIJI BASIN / DREDGE 6,STATION 9,-17.32,-17.331,173.81,173.821,SAQ,-2506.0,-2539.0,s_K9 [4533],BASALT [4533],,,,,,,,,VOL,,,,,GL [4533] ,49.67,1.46,,14.81,0.01,,,9.9,12.0,8.56,0.19,,0.11,2.6,0.11,,,,,,,,,,,,,,,,,,,,,,,,,,,,,,,,,,,,,,,,,,,,,,,,,,,,,,,,,,,,,,,,,,,,,,,,,,,,,,,,,,,,,,,,,,,,,,,,,,,,,,,,,,,,,,,,,,,,,,,,,,,,,,,,,94724.0,
[4533],CONVERGENT MARGIN,NEW HEBRIDES ARC - VANUATU ARCHIPELAGO / NORTH FIJI BASIN / STATION 12,AXIAL RIDGE,-17.569,-17.6008,173.758,173.769,SAQ,-2494.0,-2517.0,s_K12 [4533],BASALT [4533],,,,,,,,,VOL,,,,,GL [4533] ,48.9,1.24,,15.84,0.04,,,8.8,12.11,8.61,0.18,,0.11,2.91,0.08,,,,,,,,,,,,,,,,,,,,,,,,,,,,,,,,,,,,,,,,,,,,,,,,,,,,,,,,,,,,,,,,,,,,,,,,,,,,,,,,,,,,,,,,,,,,,,,,,,,,,,,,,,,,,,,,,,,,,,,,,,,,,,,,,94725.0,
[4533],CONVERGENT MARGIN,NEW HEBRIDES ARC - VANUATU ARCHIPELAGO / NORTH FIJI BASIN / STATION 12,AXIAL RIDGE,-17.569,-17.6008,173.758,173.769,SAQ,-2494.0,-2517.0,s_K12 [4533],BASALT [4533],,,,,,,,,VOL,,,,,GL [4533] ,48.8,1.26,,15.85,0.03,,,8.72,12.15,8.58,0.19,,0.13,2.98,0.08,,,,,,,,,,,,,,,,,,,,,,,,,,,,,,,,,,,,,,,,,,,,,,,,,,,,,,,,,,,,,,,,,,,,,,,,,,,,,,,,,,,,,,,,,,,,,,,,,,,,,,,,,,,,,,,,,,,,,,,,,,,,,,,,,94726.0,
[4533],CONVERGENT MARGIN,NEW HEBRIDES ARC - VANUATU ARCHIPELAGO / NORTH FIJI BASIN / STATION 12,AXIAL RIDGE,-17.569,-17.6008,173.758,173.769,SAQ,-2494.0,-2517.0,s_K12 [4533],BASALT [4533],,,,,,,,,VOL,,,,,GL [4533] ,49.32,1.29,,15.74,0.03,,,9.24,11.94,8.45,0.16,,0.11,2.92,0.09,,,,,,,,,,,,,,,,,,,,,,,,,,,,,,,,,,,,,,,,,,,,,,,,,,,,,,,,,,,,,,,,,,,,,,,,,,,,,,,,,,,,,,,,,,,,,,,,,,,,,,,,,,,,,,,,,,,,,,,,,,,,,,,,,94727.0,
[4533],CONVERGENT MARGIN,NEW HEBRIDES ARC - VANUATU ARCHIPELAGO / NORTH FIJI BASIN / STATION 12,AXIAL RIDGE,-17.569,-17.6008,173.758,173.769,SAQ,-2494.0,-2517.0,s_K12 [4533],BASALT [4533],,,,,,,,,VOL,,,,,GL [4533] ,48.67,1.25,,16.03,0.04,,,8.88,12.19,8.49,0.16,,0.11,2.91,0.09,,,,,,,,,,,,,,,,,,,,,,,,,,,,,,,,,,,,,,,,,,,,,,,,,,,,,,,,,,,,,,,,,,,,,,,,,,,,,,,,,,,,,,,,,,,,,,,,,,,,,,,,,,,,,,,,,,,,,,,,,,,,,,,,,94728.0,
[4533],CONVERGENT MARGIN,NEW HEBRIDES ARC - VANUATU ARCHIPELAGO / NORTH FIJI BASIN / STATION 12,AXIAL RIDGE,-17.569,-17.6008,173.758,173.769,SAQ,-2494.0,-2517.0,s_K12 [4533],BASALT [4533],,,,,,,,,VOL,,,,,GL [4533] ,48.94,1.23,,16.06,0.03,,,8.78,12.18,8.69,0.17,,0.1,2.91,0.08,,,,,,,,,,,,,,,,,,,,,,,,,,,,,,,,,,,,,,,,,,,,,,,,,,,,,,,,,,,,,,,,,,,,,,,,,,,,,,,,,,,,,,,,,,,,,,,,,,,,,,,,,,,,,,,,,,,,,,,,,,,,,,,,,94729.0,
[4533],CONVERGENT MARGIN,NEW HEBRIDES ARC - VANUATU ARCHIPELAGO / NORTH FIJI BASIN / STATION 12,AXIAL RIDGE,-17.569,-17.6008,173.758,173.769,SAQ,-2494.0,-2517.0,s_K12 [4533],BASALT [4533],,,,,,,,,VOL,,,,,GL [4533] ,48.47,1.23,,15.74,0.03,,,8.64,12.09,8.36,0.19,,0.11,2.83,0.08,,,,,,,,,,,,,,,,,,,,,,,,,,,,,,,,,,,,,,,,,,,,,,,,,,,,,,,,,,,,,,,,,,,,,,,,,,,,,,,,,,,,,,,,,,,,,,,,,,,,,,,,,,,,,,,,,,,,,,,,,,,,,,,,,94730.0,
[4533],CONVERGENT MARGIN,NEW HEBRIDES ARC - VANUATU ARCHIPELAGO / NORTH FIJI BASIN / STATION 12,AXIAL RIDGE,-17.569,-17.6008,173.758,173.769,SAQ,-2494.0,-2517.0,s_K12 [4533],BASALT [4533],,,,,,,,,VOL,,,,,GL [4533] ,48.62,1.23,,15.98,0.03,,,8.86,12.07,8.79,0.19,,0.11,3.02,0.08,,,,,,,,,,,,,,,,,,,,,,,,,,,,,,,,,,,,,,,,,,,,,,,,,,,,,,,,,,,,,,,,,,,,,,,,,,,,,,,,,,,,,,,,,,,,,,,,,,,,,,,,,,,,,,,,,,,,,,,,,,,,,,,,,94731.0,
[4533],CONVERGENT MARGIN,NEW HEBRIDES ARC - VANUATU ARCHIPELAGO / NORTH FIJI BASIN / STATION 12,AXIAL RIDGE,-17.569,-17.6008,173.758,173.769,SAQ,-2494.0,-2517.0,s_K12 [4533],BASALT [4533],,,,,,,,,VOL,,,,,GL [4533] ,49.24,1.23,,16.11,0.02,,,9.04,12.15,8.97,0.18,,0.1,2.86,0.08,,,,,,,,,,,,,,,,,,,,,,,,,,,,,,,,,,,,,,,,,,,,,,,,,,,,,,,,,,,,,,,,,,,,,,,,,,,,,,,,,,,,,,,,,,,,,,,,,,,,,,,,,,,,,,,,,,,,,,,,,,,,,,,,,94732.0,
[4533],CONVERGENT MARGIN,NEW HEBRIDES ARC - VANUATU ARCHIPELAGO / NORTH FIJI BASIN / STATION 6,AXIAL RIDGE,-18.1108,-18.128,173.477,173.499,SAQ,-2696.0,-2820.0,s_K6A [4533],BASALT [4533],,,,,,,,,VOL,,,,,GL [4533] ,49.19,1.34,,16.35,0.05,,,9.03,10.95,7.99,0.13,,0.43,2.98,0.21,,,,,,,,,,,,,,,,,,,,,,,,,,,,,,,,,,,,,,,,,,,,,,,,,,,,,,,,,,,,,,,,,,,,,,,,,,,,,,,,,,,,,,,,,,,,,,,,,,,,,,,,,,,,,,,,,,,,,,,,,,,,,,,,,94733.0,
[4533],CONVERGENT MARGIN,NEW HEBRIDES ARC - VANUATU ARCHIPELAGO / NORTH FIJI BASIN / STATION 6,AXIAL RIDGE,-18.1108,-18.128,173.477,173.499,SAQ,-2696.0,-2820.0,s_K6A [4533],BASALT [4533],,,,,,,,,VOL,,,,,GL [4533] ,49.28,1.34,,16.37,0.04,,,9.07,11.02,7.81,0.22,,0.44,2.94,0.2,,,,,,,,,,,,,,,,,,,,,,,,,,,,,,,,,,,,,,,,,,,,,,,,,,,,,,,,,,,,,,,,,,,,,,,,,,,,,,,,,,,,,,,,,,,,,,,,,,,,,,,,,,,,,,,,,,,,,,,,,,,,,,,,,94734.0,
[4533],CONVERGENT MARGIN,NEW HEBRIDES ARC - VANUATU ARCHIPELAGO / NORTH FIJI BASIN / STATION 6,AXIAL RIDGE,-18.1108,-18.128,173.477,173.499,SAQ,-2696.0,-2820.0,s_K6A [4533],BASALT [4533],,,,,,,,,VOL,,,,,GL [4533] ,49.8,1.37,,16.43,0.02,,,8.95,10.65,7.79,0.23,,0.47,2.85,0.2,,,,,,,,,,,,,,,,,,,,,,,,,,,,,,,,,,,,,,,,,,,,,,,,,,,,,,,,,,,,,,,,,,,,,,,,,,,,,,,,,,,,,,,,,,,,,,,,,,,,,,,,,,,,,,,,,,,,,,,,,,,,,,,,,94735.0,
[4533],CONVERGENT MARGIN,NEW HEBRIDES ARC - VANUATU ARCHIPELAGO / NORTH FIJI BASIN / STATION 6,AXIAL RIDGE,-18.099,-18.148,173.483,173.49,SAQ,-2638.0,-2816.0,s_K6 [4533],BASALT [4533],,,,,,,,APHYRIC [4533] ,VOL,,,F,,GL [4533] ,49.66,1.4,,14.92,0.04,,,9.96,11.45,8.14,0.13,,0.03,2.67,0.1,,,,,,,,,,,,,,,,,,,,,,,,,,,,,,,,,,,,,,,,,,,,,,,,,,,,,,,,,,,,,,,,,,,,,,,,,,,,,,,,,,,,,,,,,,,,,,,,,,,,,,,,,,,,,,,,,,,,,,,,,,,,,,,,,94736.0,
[4533],CONVERGENT MARGIN,NEW HEBRIDES ARC - VANUATU ARCHIPELAGO / NORTH FIJI BASIN / STATION 6,AXIAL RIDGE,-18.099,-18.148,173.483,173.49,SAQ,-2638.0,-2816.0,s_K6 [4533],BASALT [4533],,,,,,,,APHYRIC [4533] ,VOL,,,F,,GL [4533] ,49.83,1.4,,15.04,0.03,,,10.05,11.7,8.11,0.2,,0.06,2.69,0.08,,,,,,,,,,,,,,,,,,,,,,,,,,,,,,,,,,,,,,,,,,,,,,,,,,,,,,,,,,,,,,,,,,,,,,,,,,,,,,,,,,,,,,,,,,,,,,,,,,,,,,,,,,,,,,,,,,,,,,,,,,,,,,,,,94737.0,
[4533],CONVERGENT MARGIN,NEW HEBRIDES ARC - VANUATU ARCHIPELAGO / NORTH FIJI BASIN / STATION 6,AXIAL RIDGE,-18.099,-18.148,173.483,173.49,SAQ,-2638.0,-2816.0,s_K6 [4533],BASALT [4533],,,,,,,,APHYRIC [4533] ,VOL,,,F,,GL [4533] ,50.18,1.39,,14.99,0.03,,,9.89,11.56,7.98,0.18,,0.05,2.74,0.08,,,,,,,,,,,,,,,,,,,,,,,,,,,,,,,,,,,,,,,,,,,,,,,,,,,,,,,,,,,,,,,,,,,,,,,,,,,,,,,,,,,,,,,,,,,,,,,,,,,,,,,,,,,,,,,,,,,,,,,,,,,,,,,,,94738.0,
[4533],CONVERGENT MARGIN,NEW HEBRIDES ARC - VANUATU ARCHIPELAGO / NORTH FIJI BASIN / STATION 6,AXIAL RIDGE,-18.099,-18.148,173.483,173.49,SAQ,-2638.0,-2816.0,s_K6 [4533],BASALT [4533],,,,,,,,APHYRIC [4533] ,VOL,,,F,,GL [4533] ,50.03,1.39,,15.37,0.05,,,9.86,11.6,8.06,0.17,,0.07,2.85,0.09,,,,,,,,,,,,,,,,,,,,,,,,,,,,,,,,,,,,,,,,,,,,,,,,,,,,,,,,,,,,,,,,,,,,,,,,,,,,,,,,,,,,,,,,,,,,,,,,,,,,,,,,,,,,,,,,,,,,,,,,,,,,,,,,,94739.0,
[4533],CONVERGENT MARGIN,NEW HEBRIDES ARC - VANUATU ARCHIPELAGO / NORTH FIJI BASIN / STATION 6,AXIAL RIDGE,-18.099,-18.148,173.483,173.49,SAQ,-2638.0,-2816.0,s_K6 [4533],BASALT [4533],,,,,,,,APHYRIC [4533] ,VOL,,,F,,GL [4533] ,50.44,1.39,,15.02,0.02,,,9.62,11.42,8.12,0.23,,0.04,2.84,0.08,,,,,,,,,,,,,,,,,,,,,,,,,,,,,,,,,,,,,,,,,,,,,,,,,,,,,,,,,,,,,,,,,,,,,,,,,,,,,,,,,,,,,,,,,,,,,,,,,,,,,,,,,,,,,,,,,,,,,,,,,,,,,,,,,94740.0,
[4533],CONVERGENT MARGIN,NEW HEBRIDES ARC - VANUATU ARCHIPELAGO / NORTH FIJI BASIN / STATION 6,AXIAL RIDGE,-18.099,-18.148,173.483,173.49,SAQ,-2638.0,-2816.0,s_K6 [4533],BASALT [4533],,,,,,,,APHYRIC [4533] ,VOL,,,F,,GL [4533] ,50.81,1.38,,15.12,0.02,,,9.73,11.49,8.02,0.31,,0.04,2.84,0.08,,,,,,,,,,,,,,,,,,,,,,,,,,,,,,,,,,,,,,,,,,,,,,,,,,,,,,,,,,,,,,,,,,,,,,,,,,,,,,,,,,,,,,,,,,,,,,,,,,,,,,,,,,,,,,,,,,,,,,,,,,,,,,,,,94741.0,
[4533],CONVERGENT MARGIN,NEW HEBRIDES ARC - VANUATU ARCHIPELAGO / NORTH FIJI BASIN / DREDGE 2,OFF AXIS RIDGE,-18.189,-18.2,173.5826,173.615,SAQ,-2550.0,-2800.0,s_S2 [4533],BASALT [4533],,,,,,,,,VOL,,,S,,GL [4533] ,50.92,1.84,,14.34,0.01,,,11.82,11.18,7.02,0.19,,0.14,2.08,0.12,,,,,,,,,,,,,,,,,,,,,,,,,,,,,,,,,,,,,,,,,,,,,,,,,,,,,,,,,,,,,,,,,,,,,,,,,,,,,,,,,,,,,,,,,,,,,,,,,,,,,,,,,,,,,,,,,,,,,,,,,,,,,,,,,94754.0,
[4533],CONVERGENT MARGIN,NEW HEBRIDES ARC - VANUATU ARCHIPELAGO / NORTH FIJI BASIN / DREDGE 4,AXIAL GRABEN,-18.543,-18.566,173.518,173.522,SAQ,-2800.0,-2870.0,s_S4 [4533],BASALT [4533],,,,,,,,,VOL,,,F,,GL [4533] ,51.21,2.11,,13.14,0.01,,,12.42,10.88,6.38,0.26,,0.19,2.61,0.23,,,,,,,,,,,,,,,,,,,,,,,,,,,,,,,,,,,,,,,,,,,,,,,,,,,,,,,,,,,,,,,,,,,,,,,,,,,,,,,,,,,,,,,,,,,,,,,,,,,,,,,,,,,,,,,,,,,,,,,,,,,,,,,,,94755.0,
[4533],CONVERGENT MARGIN,NEW HEBRIDES ARC - VANUATU ARCHIPELAGO / NORTH FIJI BASIN / DREDGE 4,AXIAL GRABEN,-18.543,-18.566,173.518,173.522,SAQ,-2800.0,-2870.0,s_S4 [4533],BASALT [4533],,,,,,,,,VOL,,,F,,GL [4533] ,50.5,1.53,,14.6,0.02,,,10.22,11.58,7.06,0.27,,0.31,2.66,0.29,,,,,,,,,,,,,,,,,,,,,,,,,,,,,,,,,,,,,,,,,,,,,,,,,,,,,,,,,,,,,,,,,,,,,,,,,,,,,,,,,,,,,,,,,,,,,,,,,,,,,,,,,,,,,,,,,,,,,,,,,,,,,,,,,94756.0,
[4533],CONVERGENT MARGIN,NEW HEBRIDES ARC - VANUATU ARCHIPELAGO / NORTH FIJI BASIN / DREDGE 4,AXIAL GRABEN,-18.543,-18.566,173.518,173.522,SAQ,-2800.0,-2870.0,s_S4 [4533],BASALT [4533],,,,,,,,,VOL,,,F,,GL [4533] ,50.28,1.51,,14.59,0.01,,,11.07,12.1,7.92,0.18,,0.08,2.43,0.09,,,,,,,,,,,,,,,,,,,,,,,,,,,,,,,,,,,,,,,,,,,,,,,,,,,,,,,,,,,,,,,,,,,,,,,,,,,,,,,,,,,,,,,,,,,,,,,,,,,,,,,,,,,,,,,,,,,,,,,,,,,,,,,,,94757.0,
[4533],CONVERGENT MARGIN,NEW HEBRIDES ARC - VANUATU ARCHIPELAGO / NORTH FIJI BASIN / DREDGE 4,AXIAL GRABEN,-18.543,-18.566,173.518,173.522,SAQ,-2800.0,-2870.0,s_S4 [4533],BASALT [4533],,,,,,,,,VOL,,,F,,GL [4533] ,49.67,1.44,,15.12,0.01,,,10.71,12.09,7.92,0.18,,0.07,2.47,0.1,,,,,,,,,,,,,,,,,,,,,,,,,,,,,,,,,,,,,,,,,,,,,,,,,,,,,,,,,,,,,,,,,,,,,,,,,,,,,,,,,,,,,,,,,,,,,,,,,,,,,,,,,,,,,,,,,,,,,,,,,,,,,,,,,94758.0,
[4533],CONVERGENT MARGIN,NEW HEBRIDES ARC - VANUATU ARCHIPELAGO / NORTH FIJI BASIN / DREDGE 4,AXIAL GRABEN,-18.543,-18.566,173.518,173.522,SAQ,-2800.0,-2870.0,s_S4 [4533],BASALT [4533],,,,,,,,,VOL,,,F,,GL [4533] ,49.8,1.43,,14.83,0.01,,,10.79,12.19,7.76,0.17,,0.07,2.41,0.1,,,,,,,,,,,,,,,,,,,,,,,,,,,,,,,,,,,,,,,,,,,,,,,,,,,,,,,,,,,,,,,,,,,,,,,,,,,,,,,,,,,,,,,,,,,,,,,,,,,,,,,,,,,,,,,,,,,,,,,,,,,,,,,,,94759.0,
[4533],CONVERGENT MARGIN,NEW HEBRIDES ARC - VANUATU ARCHIPELAGO / NORTH FIJI BASIN / DREDGE 10,"AXIAL RIDGE, STATION 14",-18.812,-18.825,173.518,173.522,SAQ,-2713.0,-2729.0,s_K14 [4533],BASALT [4533],,,,,,,,APHYRIC [4533] ,VOL,,,,,GL [4533] ,49.49,1.48,,15.07,0.02,,,10.27,11.76,8.17,0.18,,0.07,2.56,0.1,,,,,,,,,,,,,,,,,,,,,,,,,,,,,,,,,,,,,,,,,,,,,,,,,,,,,,,,,,,,,,,,,,,,,,,,,,,,,,,,,,,,,,,,,,,,,,,,,,,,,,,,,,,,,,,,,,,,,,,,,,,,,,,,,94760.0,
[4533],CONVERGENT MARGIN,NEW HEBRIDES ARC - VANUATU ARCHIPELAGO / NORTH FIJI BASIN / DREDGE 10,"AXIAL RIDGE, STATION 14",-18.812,-18.825,173.518,173.522,SAQ,-2713.0,-2729.0,s_K14 [4533],BASALT [4533],,,,,,,,APHYRIC [4533] ,VOL,,,,,GL [4533] ,49.36,1.48,,15.2,0.02,,,10.3,11.71,8.28,0.2,,0.08,2.55,0.1,,,,,,,,,,,,,,,,,,,,,,,,,,,,,,,,,,,,,,,,,,,,,,,,,,,,,,,,,,,,,,,,,,,,,,,,,,,,,,,,,,,,,,,,,,,,,,,,,,,,,,,,,,,,,,,,,,,,,,,,,,,,,,,,,94761.0,
[4533],CONVERGENT MARGIN,NEW HEBRIDES ARC - VANUATU ARCHIPELAGO / NORTH FIJI BASIN / DREDGE 10,"AXIAL RIDGE, STATION 14",-18.812,-18.825,173.518,173.522,SAQ,-2713.0,-2729.0,s_K14 [4533],BASALT [4533],,,,,,,,APHYRIC [4533] ,VOL,,,,,GL [4533] ,49.77,1.51,,14.86,0.02,,,10.52,11.68,8.13,0.22,,0.08,2.68,0.09,,,,,,,,,,,,,,,,,,,,,,,,,,,,,,,,,,,,,,,,,,,,,,,,,,,,,,,,,,,,,,,,,,,,,,,,,,,,,,,,,,,,,,,,,,,,,,,,,,,,,,,,,,,,,,,,,,,,,,,,,,,,,,,,,94762.0,
[4533],CONVERGENT MARGIN,NEW HEBRIDES ARC - VANUATU ARCHIPELAGO / NORTH FIJI BASIN / DREDGE 10,"AXIAL RIDGE, STATION 14",-18.812,-18.825,173.518,173.522,SAQ,-2713.0,-2729.0,s_K14 [4533],BASALT [4533],,,,,,,,APHYRIC [4533] ,VOL,,,,,GL [4533] ,49.86,1.73,,14.93,0.01,,,10.64,11.34,7.37,0.17,,0.2,2.73,0.14,,,,,,,,,,,,,,,,,,,,,,,,,,,,,,,,,,,,,,,,,,,,,,,,,,,,,,,,,,,,,,,,,,,,,,,,,,,,,,,,,,,,,,,,,,,,,,,,,,,,,,,,,,,,,,,,,,,,,,,,,,,,,,,,,94763.0,
[4533],CONVERGENT MARGIN,NEW HEBRIDES ARC - VANUATU ARCHIPELAGO / NORTH FIJI BASIN / DREDGE 10,"AXIAL RIDGE, STATION 14",-18.812,-18.825,173.518,173.522,SAQ,-2713.0,-2729.0,s_K14 [4533],BASALT [4533],,,,,,,,APHYRIC [4533] ,VOL,,,,,GL [4533] ,49.37,1.49,,15.09,0.02,,,10.29,11.56,8.23,0.18,,0.07,2.64,0.09,,,,,,,,,,,,,,,,,,,,,,,,,,,,,,,,,,,,,,,,,,,,,,,,,,,,,,,,,,,,,,,,,,,,,,,,,,,,,,,,,,,,,,,,,,,,,,,,,,,,,,,,,,,,,,,,,,,,,,,,,,,,,,,,,94764.0,
[4533],CONVERGENT MARGIN,NEW HEBRIDES ARC - VANUATU ARCHIPELAGO / NORTH FIJI BASIN / DREDGE 10,"AXIAL RIDGE, STATION 14",-18.812,-18.825,173.518,173.522,SAQ,-2713.0,-2729.0,s_K14 [4533],BASALT [4533],,,,,,,,APHYRIC [4533] ,VOL,,,,,GL [4533] ,49.43,1.5,,15.26,0.03,,,10.21,11.68,8.04,0.18,,0.08,2.49,0.08,,,,,,,,,,,,,,,,,,,,,,,,,,,,,,,,,,,,,,,,,,,,,,,,,,,,,,,,,,,,,,,,,,,,,,,,,,,,,,,,,,,,,,,,,,,,,,,,,,,,,,,,,,,,,,,,,,,,,,,,,,,,,,,,,94765.0,
[4533],CONVERGENT MARGIN,NEW HEBRIDES ARC - VANUATU ARCHIPELAGO / NORTH FIJI BASIN / DREDGE 10,"AXIAL RIDGE, STATION 14",-18.812,-18.825,173.518,173.522,SAQ,-2713.0,-2729.0,s_K14 [4533],BASALT [4533],,,,,,,,APHYRIC [4533] ,VOL,,,,,GL [4533] ,49.35,1.72,,15.07,0.02,,,10.32,11.24,7.6,0.19,,0.19,2.8,0.14,,,,,,,,,,,,,,,,,,,,,,,,,,,,,,,,,,,,,,,,,,,,,,,,,,,,,,,,,,,,,,,,,,,,,,,,,,,,,,,,,,,,,,,,,,,,,,,,,,,,,,,,,,,,,,,,,,,,,,,,,,,,,,,,,94766.0,
[4533],CONVERGENT MARGIN,NEW HEBRIDES ARC - VANUATU ARCHIPELAGO / NORTH FIJI BASIN / DREDGE 11,"AXIAL RIDGE, STATION 15",-19.257,-19.284,173.4555,173.46,SAQ,-2696.0,-2755.0,s_K15 [4533],BASALT [4533],,,,,,,,APHYRIC [4533] ,VOL,,,F,,GL [4533] ,48.95,1.85,,15.66,0.03,,,9.79,11.55,7.83,0.13,,0.17,2.86,0.15,,,,,,,,,,,,,,,,,,,,,,,,,,,,,,,,,,,,,,,,,,,,,,,,,,,,,,,,,,,,,,,,,,,,,,,,,,,,,,,,,,,,,,,,,,,,,,,,,,,,,,,,,,,,,,,,,,,,,,,,,,,,,,,,,94767.0,
[4533],CONVERGENT MARGIN,NEW HEBRIDES ARC - VANUATU ARCHIPELAGO / NORTH FIJI BASIN / DREDGE 11,"AXIAL RIDGE, STATION 15",-19.257,-19.284,173.4555,173.46,SAQ,-2696.0,-2755.0,s_K15 [4533],BASALT [4533],,,,,,,,APHYRIC [4533] ,VOL,,,F,,GL [4533] ,48.8,1.84,,15.6,0.03,,,9.95,11.38,7.91,0.19,,0.13,3.01,0.15,,,,,,,,,,,,,,,,,,,,,,,,,,,,,,,,,,,,,,,,,,,,,,,,,,,,,,,,,,,,,,,,,,,,,,,,,,,,,,,,,,,,,,,,,,,,,,,,,,,,,,,,,,,,,,,,,,,,,,,,,,,,,,,,,94768.0,
[4533],CONVERGENT MARGIN,NEW HEBRIDES ARC - VANUATU ARCHIPELAGO / NORTH FIJI BASIN / DREDGE 11,"AXIAL RIDGE, STATION 15",-19.257,-19.284,173.4555,173.46,SAQ,-2696.0,-2755.0,s_K15 [4533],BASALT [4533],,,,,,,,APHYRIC [4533] ,VOL,,,F,,GL [4533] ,48.68,1.82,,15.27,0.04,,,9.93,11.32,8.01,0.2,,0.14,2.94,0.15,,,,,,,,,,,,,,,,,,,,,,,,,,,,,,,,,,,,,,,,,,,,,,,,,,,,,,,,,,,,,,,,,,,,,,,,,,,,,,,,,,,,,,,,,,,,,,,,,,,,,,,,,,,,,,,,,,,,,,,,,,,,,,,,,94769.0,
[4533],CONVERGENT MARGIN,NEW HEBRIDES ARC - VANUATU ARCHIPELAGO / NORTH FIJI BASIN / DREDGE 11,"AXIAL RIDGE, STATION 15",-19.257,-19.284,173.4555,173.46,SAQ,-2696.0,-2755.0,s_K15 [4533],BASALT [4533],,,,,,,,APHYRIC [4533] ,VOL,,,F,,GL [4533] ,48.91,1.85,,15.3,0.02,,,10.19,11.32,7.92,0.24,,0.12,2.95,0.13,,,,,,,,,,,,,,,,,,,,,,,,,,,,,,,,,,,,,,,,,,,,,,,,,,,,,,,,,,,,,,,,,,,,,,,,,,,,,,,,,,,,,,,,,,,,,,,,,,,,,,,,,,,,,,,,,,,,,,,,,,,,,,,,,94770.0,
[4533],CONVERGENT MARGIN,NEW HEBRIDES ARC - VANUATU ARCHIPELAGO / NORTH FIJI BASIN / DREDGE 11,"AXIAL RIDGE, STATION 15",-19.257,-19.284,173.4555,173.46,SAQ,-2696.0,-2755.0,s_K15 [4533],BASALT [4533],,,,,,,,APHYRIC [4533] ,VOL,,,F,,GL [4533] ,48.92,1.82,,15.52,0.03,,,10.01,11.37,7.98,0.19,,0.13,2.89,0.14,,,,,,,,,,,,,,,,,,,,,,,,,,,,,,,,,,,,,,,,,,,,,,,,,,,,,,,,,,,,,,,,,,,,,,,,,,,,,,,,,,,,,,,,,,,,,,,,,,,,,,,,,,,,,,,,,,,,,,,,,,,,,,,,,94771.0,
[4533],CONVERGENT MARGIN,NEW HEBRIDES ARC - VANUATU ARCHIPELAGO / NORTH FIJI BASIN / DREDGE 11,"AXIAL RIDGE, STATION 15",-19.257,-19.284,173.4555,173.46,SAQ,-2696.0,-2755.0,s_K15 [4533],BASALT [4533],,,,,,,,APHYRIC [4533] ,VOL,,,F,,GL [4533] ,49.29,1.85,,15.46,0.04,,,10.01,11.27,8.09,0.2,,0.15,2.93,0.14,,,,,,,,,,,,,,,,,,,,,,,,,,,,,,,,,,,,,,,,,,,,,,,,,,,,,,,,,,,,,,,,,,,,,,,,,,,,,,,,,,,,,,,,,,,,,,,,,,,,,,,,,,,,,,,,,,,,,,,,,,,,,,,,,94772.0,
[4533],CONVERGENT MARGIN,NEW HEBRIDES ARC - VANUATU ARCHIPELAGO / NORTH FIJI BASIN / DREDGE 11,"AXIAL RIDGE, STATION 15",-19.257,-19.284,173.4555,173.46,SAQ,-2696.0,-2755.0,s_K15 [4533],BASALT [4533],,,,,,,,APHYRIC [4533] ,VOL,,,F,,GL [4533] ,49.04,1.81,,15.48,0.04,,,9.99,11.34,8.19,0.18,,0.13,2.98,0.15,,,,,,,,,,,,,,,,,,,,,,,,,,,,,,,,,,,,,,,,,,,,,,,,,,,,,,,,,,,,,,,,,,,,,,,,,,,,,,,,,,,,,,,,,,,,,,,,,,,,,,,,,,,,,,,,,,,,,,,,,,,,,,,,,94773.0,
[4533],CONVERGENT MARGIN,NEW HEBRIDES ARC - VANUATU ARCHIPELAGO / NORTH FIJI BASIN,AXIAL GRABEN,-19.878,-19.9933,173.375,173.385,SAQ,-2700.0,-2900.0,s_SDT [4533],BASALT [4533],,,,,,,,,VOL,,,,,GL [4533] ,50.01,1.59,,14.33,0.03,,,10.1,12.15,7.69,0.2,,0.1,2.68,0.1,,,,,,,,,,,,,,,,,,,,,,,,,,,,,,,,,,,,,,,,,,,,,,,,,,,,,,,,,,,,,,,,,,,,,,,,,,,,,,,,,,,,,,,,,,,,,,,,,,,,,,,,,,,,,,,,,,,,,,,,,,,,,,,,,94774.0,
[4533],CONVERGENT MARGIN,NEW HEBRIDES ARC - VANUATU ARCHIPELAGO / NORTH FIJI BASIN,AXIAL GRABEN,-19.878,-19.9933,173.375,173.385,SAQ,-2700.0,-2900.0,s_SDT [4533],BASALT [4533],,,,,,,,,VOL,,,,,GL [4533] ,50.05,1.4,,14.47,0.03,,,9.76,12.63,7.87,0.2,,0.09,2.68,0.09,,,,,,,,,,,,,,,,,,,,,,,,,,,,,,,,,,,,,,,,,,,,,,,,,,,,,,,,,,,,,,,,,,,,,,,,,,,,,,,,,,,,,,,,,,,,,,,,,,,,,,,,,,,,,,,,,,,,,,,,,,,,,,,,,94775.0,
[4533],CONVERGENT MARGIN,NEW HEBRIDES ARC - VANUATU ARCHIPELAGO / NORTH FIJI BASIN,AXIAL GRABEN,-19.878,-19.9933,173.375,173.385,SAQ,-2700.0,-2900.0,s_SDT [4533],BASALT [4533],,,,,,,,,VOL,,,,,GL [4533] ,50.31,1.44,,14.56,0.03,,,10.01,12.54,7.87,0.17,,0.09,2.56,0.09,,,,,,,,,,,,,,,,,,,,,,,,,,,,,,,,,,,,,,,,,,,,,,,,,,,,,,,,,,,,,,,,,,,,,,,,,,,,,,,,,,,,,,,,,,,,,,,,,,,,,,,,,,,,,,,,,,,,,,,,,,,,,,,,,94776.0,
[4533],CONVERGENT MARGIN,NEW HEBRIDES ARC - VANUATU ARCHIPELAGO / NORTH FIJI BASIN,AXIAL GRABEN,-19.878,-19.9933,173.375,173.385,SAQ,-2700.0,-2900.0,s_SDT [4533],BASALT [4533],,,,,,,,,VOL,,,,,GL [4533] ,50.67,1.65,,14.54,0.04,,,10.28,12.36,7.76,0.16,,0.09,1.99,0.1,,,,,,,,,,,,,,,,,,,,,,,,,,,,,,,,,,,,,,,,,,,,,,,,,,,,,,,,,,,,,,,,,,,,,,,,,,,,,,,,,,,,,,,,,,,,,,,,,,,,,,,,,,,,,,,,,,,,,,,,,,,,,,,,,94777.0,
[4533],CONVERGENT MARGIN,NEW HEBRIDES ARC - VANUATU ARCHIPELAGO / NORTH FIJI BASIN,AXIAL GRABEN,-19.878,-19.9933,173.375,173.385,SAQ,-2700.0,-2900.0,s_SDT [4533],BASALT [4533],,,,,,,,,VOL,,,,,GL [4533] ,50.72,1.31,,14.56,0.03,,,9.89,12.52,7.84,0.17,,0.1,2.4,0.09,,,,,,,,,,,,,,,,,,,,,,,,,,,,,,,,,,,,,,,,,,,,,,,,,,,,,,,,,,,,,,,,,,,,,,,,,,,,,,,,,,,,,,,,,,,,,,,,,,,,,,,,,,,,,,,,,,,,,,,,,,,,,,,,,94778.0,
[4533],CONVERGENT MARGIN,NEW HEBRIDES ARC - VANUATU ARCHIPELAGO / NORTH FIJI BASIN,AXIAL GRABEN,-19.878,-19.9933,173.375,173.385,SAQ,-2700.0,-2900.0,s_SDT [4533],BASALT [4533],,,,,,,,,VOL,,,,,GL [4533] ,50.45,1.29,,14.61,0.04,,,9.82,12.38,7.84,0.17,,0.09,2.64,0.1,,,,,,,,,,,,,,,,,,,,,,,,,,,,,,,,,,,,,,,,,,,,,,,,,,,,,,,,,,,,,,,,,,,,,,,,,,,,,,,,,,,,,,,,,,,,,,,,,,,,,,,,,,,,,,,,,,,,,,,,,,,,,,,,,94779.0,
[4533],CONVERGENT MARGIN,NEW HEBRIDES ARC - VANUATU ARCHIPELAGO / NORTH FIJI BASIN,AXIAL GRABEN,-19.878,-19.9933,173.375,173.385,SAQ,-2700.0,-2900.0,s_SDT [4533],BASALT [4533],,,,,,,,,VOL,,,,,GL [4533] ,50.25,1.28,,14.65,0.03,,,9.77,12.52,7.89,0.17,,0.09,2.55,0.09,,,,,,,,,,,,,,,,,,,,,,,,,,,,,,,,,,,,,,,,,,,,,,,,,,,,,,,,,,,,,,,,,,,,,,,,,,,,,,,,,,,,,,,,,,,,,,,,,,,,,,,,,,,,,,,,,,,,,,,,,,,,,,,,,94780.0,
[4533],CONVERGENT MARGIN,NEW HEBRIDES ARC - VANUATU ARCHIPELAGO / NORTH FIJI BASIN,AXIAL GRABEN,-19.878,-19.9933,173.375,173.385,SAQ,-2700.0,-2900.0,s_SDT [4533],BASALT [4533],,,,,,,,,VOL,,,,,GL [4533] ,50.97,1.5,,14.2,0.0,,,10.24,11.68,7.8,0.21,,0.08,2.67,0.0,,,,,,,,,,,,,,,,,,,,,,,,,,,,,,,,,,,,,,,,,,,,,,,,,,,,,,,,,,,,,,,,,,,,,,,,,,,,,,,,,,,,,,,,,,,,,,,,,,,,,,,,,,,,,,,,,,,,,,,,,,,,,,,,,94781.0,
[4533],CONVERGENT MARGIN,NEW HEBRIDES ARC - VANUATU ARCHIPELAGO / NORTH FIJI BASIN,AXIAL GRABEN,-19.9533,-19.9645,173.368,173.374,SAQ,-2770.0,-2900.0,s_S1 [4533],BASALT [4533],,,,,,,,,VOL,,,F,,GL [4533] ,51.0,1.16,,17.56,0.01,,,8.34,12.37,5.39,0.21,,0.08,2.65,0.11,,,,,,,,,,,,,,,,,,,,,,,,,,,,,,,,,,,,,,,,,,,,,,,,,,,,,,,,,,,,,,,,,,,,,,,,,,,,,,,,,,,,,,,,,,,,,,,,,,,,,,,,,,,,,,,,,,,,,,,,,,,,,,,,,94782.0,
[4533],CONVERGENT MARGIN,NEW HEBRIDES ARC - VANUATU ARCHIPELAGO / NORTH FIJI BASIN,AXIAL GRABEN,-19.9533,-19.9645,173.368,173.374,SAQ,-2770.0,-2900.0,s_S1 [4533],BASALT [4533],,,,,,,,,VOL,,,F,,GL [4533] ,50.14,1.75,,15.02,0.02,,,9.82,11.45,7.4,0.19,,0.29,2.7,0.24,,,,,,,,,,,,,,,,,,,,,,,,,,,,,,,,,,,,,,,,,,,,,,,,,,,,,,,,,,,,,,,,,,,,,,,,,,,,,,,,,,,,,,,,,,,,,,,,,,,,,,,,,,,,,,,,,,,,,,,,,,,,,,,,,94783.0,
[4533],CONVERGENT MARGIN,NEW HEBRIDES ARC - VANUATU ARCHIPELAGO / NORTH FIJI BASIN,AXIAL GRABEN,-19.9533,-19.9645,173.368,173.374,SAQ,-2770.0,-2900.0,s_S1 [4533],BASALT [4533],,,,,,,,,VOL,,,F,,GL [4533] ,50.09,1.38,,14.86,0.01,,,10.43,12.25,8.02,0.18,,0.08,2.48,0.09,,,,,,,,,,,,,,,,,,,,,,,,,,,,,,,,,,,,,,,,,,,,,,,,,,,,,,,,,,,,,,,,,,,,,,,,,,,,,,,,,,,,,,,,,,,,,,,,,,,,,,,,,,,,,,,,,,,,,,,,,,,,,,,,,94784.0,
[4533],CONVERGENT MARGIN,NEW HEBRIDES ARC - VANUATU ARCHIPELAGO / NORTH FIJI BASIN,AXIAL GRABEN,-19.9533,-19.9645,173.368,173.374,SAQ,-2770.0,-2900.0,s_S1 [4533],BASALT [4533],,,,,,,,,VOL,,,F,,GL [4533] ,50.08,1.57,,14.4,0.01,,,11.44,11.95,7.35,0.18,,0.09,2.58,0.1,,,,,,,,,,,,,,,,,,,,,,,,,,,,,,,,,,,,,,,,,,,,,,,,,,,,,,,,,,,,,,,,,,,,,,,,,,,,,,,,,,,,,,,,,,,,,,,,,,,,,,,,,,,,,,,,,,,,,,,,,,,,,,,,,94785.0,
[4533],CONVERGENT MARGIN,NEW HEBRIDES ARC - VANUATU ARCHIPELAGO / NORTH FIJI BASIN,AXIAL GRABEN,-19.9533,-19.9645,173.368,173.374,SAQ,-2770.0,-2900.0,s_S1 [4533],BASALT [4533],,,,,,,,,VOL,,,F,,GL [4533] ,49.85,1.57,,14.31,0.01,,,10.94,12.16,7.58,0.2,,0.09,2.5,0.12,,,,,,,,,,,,,,,,,,,,,,,,,,,,,,,,,,,,,,,,,,,,,,,,,,,,,,,,,,,,,,,,,,,,,,,,,,,,,,,,,,,,,,,,,,,,,,,,,,,,,,,,,,,,,,,,,,,,,,,,,,,,,,,,,94786.0,
[4533],CONVERGENT MARGIN,NEW HEBRIDES ARC - VANUATU ARCHIPELAGO / NORTH FIJI BASIN,AXIAL GRABEN,-19.9533,-19.9645,173.368,173.374,SAQ,-2770.0,-2900.0,s_S1 [4533],BASALT [4533],,,,,,,,,VOL,,,F,,GL [4533] ,50.6,1.45,,14.95,0.04,,,10.17,11.95,7.98,0.18,,0.09,2.47,0.11,,,,,,,,,,,,,,,,,,,,,,,,,,,,,,,,,,,,,,,,,,,,,,,,,,,,,,,,,,,,,,,,,,,,,,,,,,,,,,,,,,,,,,,,,,,,,,,,,,,,,,,,,,,,,,,,,,,,,,,,,,,,,,,,,94787.0,
[4533],CONVERGENT MARGIN,NEW HEBRIDES ARC - VANUATU ARCHIPELAGO / NORTH FIJI BASIN,AXIAL GRABEN,-19.9533,-19.9645,173.368,173.374,SAQ,-2770.0,-2900.0,s_S1 [4533],BASALT [4533],,,,,,,,,VOL,,,F,,GL [4533] ,50.28,1.44,,14.98,0.04,,,10.06,11.93,8.16,0.16,,0.09,2.62,0.11,,,,,,,,,,,,,,,,,,,,,,,,,,,,,,,,,,,,,,,,,,,,,,,,,,,,,,,,,,,,,,,,,,,,,,,,,,,,,,,,,,,,,,,,,,,,,,,,,,,,,,,,,,,,,,,,,,,,,,,,,,,,,,,,,94788.0,
[4533],CONVERGENT MARGIN,NEW HEBRIDES ARC - VANUATU ARCHIPELAGO / NORTH FIJI BASIN,AXIAL GRABEN,-19.9533,-19.9645,173.368,173.374,SAQ,-2770.0,-2900.0,s_S1 [4533],BASALT [4533],,,,,,,,,VOL,,,F,,GL [4533] ,50.25,1.42,,15.06,0.05,,,10.06,12.05,7.96,0.17,,0.08,2.55,0.11,,,,,,,,,,,,,,,,,,,,,,,,,,,,,,,,,,,,,,,,,,,,,,,,,,,,,,,,,,,,,,,,,,,,,,,,,,,,,,,,,,,,,,,,,,,,,,,,,,,,,,,,,,,,,,,,,,,,,,,,,,,,,,,,,94789.0,
[4533],CONVERGENT MARGIN,NEW HEBRIDES ARC - VANUATU ARCHIPELAGO / NORTH FIJI BASIN,AXIAL GRABEN,-19.9533,-19.9645,173.368,173.374,SAQ,-2770.0,-2900.0,s_S1 [4533],BASALT [4533],,,,,,,,,VOL,,,F,,GL [4533] ,50.42,1.36,,13.76,0.0,,,10.37,11.91,8.17,0.15,,0.09,2.46,0.0,,,,,,,,,,,,,,,,,,,,,,,,,,,,,,,,,,,,,,,,,,,,,,,,,,,,,,,,,,,,,,,,,,,,,,,,,,,,,,,,,,,,,,,,,,,,,,,,,,,,,,,,,,,,,,,,,,,,,,,,,,,,,,,,,94790.0,
[4533],CONVERGENT MARGIN,NEW HEBRIDES ARC - VANUATU ARCHIPELAGO / NORTH FIJI BASIN / DREDGE 5,WESTERN FLANK OF RIDGE,-16.303,-16.312,173.518,173.552,SAQ,-3500.0,-3930.0,s_S5 [4533],BASALT [4533],,,,,,,,,VOL,,,,,GL [4533] ,49.55,1.53,,14.85,0.05,,,10.15,12.03,7.83,0.2,,0.08,2.8,0.08,,,,,,,,,,,,,,,,,,,,,,,,,,,,,,,,,,,,,,,,,,,,,,,,,,,,,,,,,,,,,,,,,,,,,,,,,,,,,,,,,,,,,,,,,,,,,,,,,,,,,,,,,,,,,,,,,,,,,,,,,,,,,,,,,95084.0,
[4533],CONVERGENT MARGIN,NEW HEBRIDES ARC - VANUATU ARCHIPELAGO / NORTH FIJI BASIN / DREDGE 3,TRIPLE JUNCTION AEREA,-16.89,-16.893,173.9065,173.9095,SAQ,-2101.0,-2205.0,s_K5 [4533],BASALT [4533],,,,,,,,,VOL,,,,,GL [4533] ,50.41,1.86,,15.01,0.02,,,9.93,11.48,7.43,0.24,,0.3,2.39,0.27,,,,,,,,,,,,,,,,,,,,,,,,,,,,,,,,,,,,,,,,,,,,,,,,,,,,,,,,,,,,,,,,,,,,,,,,,,,,,,,,,,,,,,,,,,,,,,,,,,,,,,,,,,,,,,,,,,,,,,,,,,,,,,,,,95085.0,
[4533],CONVERGENT MARGIN,NEW HEBRIDES ARC - VANUATU ARCHIPELAGO / NORTH FIJI BASIN / DREDGE 3,TRIPLE JUNCTION AEREA,-16.89,-16.893,173.9065,173.9095,SAQ,-2101.0,-2205.0,s_K5 [4533],BASALT [4533],,,,,,,,,VOL,,,,,GL [4533] ,50.17,1.63,,15.43,0.01,,,9.86,12.03,7.69,0.15,,0.28,2.6,0.16,,,,,,,,,,,,,,,,,,,,,,,,,,,,,,,,,,,,,,,,,,,,,,,,,,,,,,,,,,,,,,,,,,,,,,,,,,,,,,,,,,,,,,,,,,,,,,,,,,,,,,,,,,,,,,,,,,,,,,,,,,,,,,,,,95086.0,
[4533],CONVERGENT MARGIN,NEW HEBRIDES ARC - VANUATU ARCHIPELAGO / NORTH FIJI BASIN / DREDGE 3,TRIPLE JUNCTION AEREA,-16.89,-16.893,173.9065,173.9095,SAQ,-2101.0,-2205.0,s_K5 [4533],BASALT [4533],,,,,,,,,VOL,,,,,GL [4533] ,49.74,1.49,,15.61,0.01,,,9.75,12.14,8.31,0.15,,0.22,2.34,0.12,,,,,,,,,,,,,,,,,,,,,,,,,,,,,,,,,,,,,,,,,,,,,,,,,,,,,,,,,,,,,,,,,,,,,,,,,,,,,,,,,,,,,,,,,,,,,,,,,,,,,,,,,,,,,,,,,,,,,,,,,,,,,,,,,95087.0,
[4533],CONVERGENT MARGIN,NEW HEBRIDES ARC - VANUATU ARCHIPELAGO / NORTH FIJI BASIN / DREDGE 3,TRIPLE JUNCTION AEREA,-16.89,-16.893,173.9065,173.9095,SAQ,-2101.0,-2205.0,s_K5 [4533],BASALT [4533],,,,,,,,,VOL,,,,,GL [4533] ,50.01,1.56,,15.49,0.01,,,9.72,12.33,7.77,0.16,,0.28,2.63,0.15,,,,,,,,,,,,,,,,,,,,,,,,,,,,,,,,,,,,,,,,,,,,,,,,,,,,,,,,,,,,,,,,,,,,,,,,,,,,,,,,,,,,,,,,,,,,,,,,,,,,,,,,,,,,,,,,,,,,,,,,,,,,,,,,,95088.0,
[4533],CONVERGENT MARGIN,NEW HEBRIDES ARC - VANUATU ARCHIPELAGO / NORTH FIJI BASIN / DREDGE 6,RIDGE NEAR THE N160 GRABEN AXIS,-16.6648,-16.674,173.817,173.82,SAQ,,,s_K29 [4533],BASALT [4533],,,,,,,,MODERATELY PHYRIC [4533] ,VOL,,,,,GL [4533] ,51.38,1.64,,13.96,0.02,,,9.14,11.66,7.02,0.3,,0.17,2.88,0.02,,,,,,,,,,,,,,,,,,,,,,,,,,,,,,,,,,,,,,,,,,,,,,,,,,,,,,,,,,,,,,,,,,,,,,,,,,,,,,,,,,,,,,,,,,,,,,,,,,,,,,,,,,,,,,,,,,,,,,,,,,,,,,,,,95089.0,
[4533],CONVERGENT MARGIN,NEW HEBRIDES ARC - VANUATU ARCHIPELAGO / NORTH FIJI BASIN / DREDGE 6,RIDGE NEAR THE N160 GRABEN AXIS,-16.6648,-16.674,173.817,173.82,SAQ,,,s_K29 [4533],BASALT [4533],,,,,,,,MODERATELY PHYRIC [4533] ,VOL,,,,,GL [4533] ,50.83,1.83,,14.15,0.01,,,9.69,12.01,7.1,0.29,,0.16,2.99,0.01,,,,,,,,,,,,,,,,,,,,,,,,,,,,,,,,,,,,,,,,,,,,,,,,,,,,,,,,,,,,,,,,,,,,,,,,,,,,,,,,,,,,,,,,,,,,,,,,,,,,,,,,,,,,,,,,,,,,,,,,,,,,,,,,,95090.0,
[4533],CONVERGENT MARGIN,NEW HEBRIDES ARC - VANUATU ARCHIPELAGO / NORTH FIJI BASIN / DREDGE 3,TRIPLE JUNCTION AEREA,-16.89,-16.893,173.9065,173.9095,SAQ,-2101.0,-2205.0,s_K5 [4533],BASALT [4533],,,,,,,,,VOL,,,,,GL [4533] ,48.91,1.06,,17.11,0.03,,,8.25,12.1,9.34,0.17,,0.07,2.78,0.06,,,,,,,,,,,,,,,,,,,,,,,,,,,,,,,,,,,,,,,,,,,,,,,,,,,,,,,,,,,,,,,,,,,,,,,,,,,,,,,,,,,,,,,,,,,,,,,,,,,,,,,,,,,,,,,,,,,,,,,,,,,,,,,,,95091.0,
[4533],CONVERGENT MARGIN,NEW HEBRIDES ARC - VANUATU ARCHIPELAGO / NORTH FIJI BASIN / DREDGE 3,TRIPLE JUNCTION AEREA,-16.89,-16.893,173.9065,173.9095,SAQ,-2101.0,-2205.0,s_K5 [4533],BASALT [4533],,,,,,,,,VOL,,,,,GL [4533] ,48.77,1.02,,17.29,0.03,,,8.04,11.94,9.63,0.16,,0.07,2.77,0.06,,,,,,,,,,,,,,,,,,,,,,,,,,,,,,,,,,,,,,,,,,,,,,,,,,,,,,,,,,,,,,,,,,,,,,,,,,,,,,,,,,,,,,,,,,,,,,,,,,,,,,,,,,,,,,,,,,,,,,,,,,,,,,,,,95092.0,
[4533],CONVERGENT MARGIN,NEW HEBRIDES ARC - VANUATU ARCHIPELAGO / NORTH FIJI BASIN / DREDGE 3,"AXIAL RIDGE, STATION 21",-21.031,-21.036,174.1471,174.1478,SAQ,-2820.0,-2844.0,s_K21 [4533],BASALT [4533],,,,,,,,,VOL,,,S,,GL [4533] ,50.11,1.78,,15.81,0.0,,,6.9,10.89,8.04,0.22,,0.33,2.99,0.03,,,,,,,,,,,,,,,,,,,,,,,,,,,,,,,,,,,,,,,,,,,,,,,,,,,,,,,,,,,,,,,,,,,,,,,,,,,,,,,,,,,,,,,,,,,,,,,,,,,,,,,,,,,,,,,,,,,,,,,,,,,,,,,,,95093.0,
[4533],CONVERGENT MARGIN,NEW HEBRIDES ARC - VANUATU ARCHIPELAGO / NORTH FIJI BASIN / EAST SEGMENT,"AXIAL RIDGE, STATION 22",-21.3771,-21.396,174.193,174.198,SAQ,-2501.0,-2653.0,s_K22 [4533],BASALT [4533],,,,,,,,APHYRIC [4533] ,VOL,,,,,GL [4533] ,54.04,1.19,,15.11,0.01,,,8.03,9.68,5.25,0.26,,0.29,3.03,0.01,,,,,,,,,,,,,,,,,,,,,,,,,,,,,,,,,,,,,,,,,,,,,,,,,,,,,,,,,,,,,,,,,,,,,,,,,,,,,,,,,,,,,,,,,,,,,,,,,,,,,,,,,,,,,,,,,,,,,,,,,,,,,,,,,95094.0,
[4533],CONVERGENT MARGIN,NEW HEBRIDES ARC - VANUATU ARCHIPELAGO / NORTH FIJI BASIN / EAST SEGMENT,"AXIAL RIDGE, STATION 22",-21.3771,-21.396,174.193,174.198,SAQ,-2501.0,-2653.0,s_K22 [4533],BASALT [4533],,,,,,,,APHYRIC [4533] ,VOL,,,,,WR [4533] ,52.27,,,29.52,,,,0.56,14.12,0.22,,,0.02,3.66,,,,,,,,,,,,,,,,,,,,,,,,,,,,,,,,,,,,,,,,,,,,,,,,,,,,,,,,,,,,,,,,,,,,,,,,,,,,,,,,,,,,,,,,,,,,,,,,,,,,,,,,,,,,,,,,,,,,,,,,,,,,,,,,,,95156.0,
[3875][3874],CONVERGENT MARGIN,NEW HEBRIDES ARC - VANUATU ARCHIPELAGO / D^ENTRECASTEAUX RIDGE / SITE 828,"HOLE 828A, NORTHERN FLANK OF RIDGE",-15.289,-15.289,166.284,166.284,SAQ,-3097.6,-3097.6,"s_134-828A-12X-1,29-31 [3875]",BASALT [3875],,,,,,,,,VOL,95.69,95.69,,,WR [3875] ,48.78,0.83,,15.12,,1.22,7.34,,10.82,11.58,0.16,,0.15,3.94,0.06,,,,,,,,,,,,,,,,5.88,,,,,,,,,,,,,,,,,,,,,,,,,,,,,,224.0,404.0,,,44.0,143.0,,,,,,,,2.0,74.0,22.0,28.0,2.0,,,,,,,,,,,,,29.0,,6.0,,,,,,,,,,,,,,,,,,,,,,,,,,,,,,0.70615,,18.618,,15.568,,38.339,,,,,,,,,,,,,,,99123.0,
[3875],CONVERGENT MARGIN,NEW HEBRIDES ARC - VANUATU ARCHIPELAGO / D^ENTRECASTEAUX RIDGE / SITE 828,"HOLE 828A, NORTHERN FLANK OF RIDGE",-15.289,-15.289,166.284,166.284,SAQ,-3097.6,-3097.6,"s_134-828A-15N-1,48-52 [3875]",BASALT [3875],,,,,,,,,VOL,108.28,108.28,,,WR [3875] ,46.61,0.8,,16.31,,1.1,6.58,,9.11,14.76,0.15,,0.59,3.91,0.08,,,,,,,,,,,,,,,,8.25,,,,,,,,,,,,,,,,,,,,,,,,,,,,,,178.0,456.0,,,43.0,194.0,,,,,,,,7.0,113.0,14.9,40.0,2.0,,,,,,,,,,,,,32.0,1.24,4.4,,4.46,1.7,0.67,2.46,,2.53,,1.24,,1.38,0.2,,,,,,,,,,,,,,,0.51323,,,0.7043,,18.613,,15.565,,38.344,,,,,,,,,,,,,,,99129.0,
[3875],CONVERGENT MARGIN,NEW HEBRIDES ARC - VANUATU ARCHIPELAGO / D^ENTRECASTEAUX RIDGE / SITE 828,"HOLE 828A, NORTHERN FLANK OF RIDGE",-15.289,-15.289,166.284,166.284,SAQ,-3097.6,-3097.6,"s_134-828A-15N-1,119-120 [3875]",BASALT [3875],,,,,,,,,VOL,108.99,108.99,,,WR [3875] ,51.84,1.93,,14.03,,1.7,10.2,,5.68,8.1,0.17,,0.35,5.81,0.18,,,,,,,,,,,,,,,,1.95,,,,,,,,,,,,,,,,,,,,,,,,,,,,,,362.0,200.0,,,43.0,104.0,,,,,,,,5.0,91.0,41.5,173.0,3.0,,,,,,,,,,,,,30.0,3.6,13.2,,12.6,4.94,1.53,5.95,,6.93,,3.47,,3.69,0.55,,,,,,,,,,,,,,,0.51324,,,0.70488,,18.561,,15.517,,38.141,,,,,,,,,,,,,,,99131.0,
